time,uav_x,uav_y,uav_z,dist_min,path_length,infeasible_flag,collision_flag
0.19,-0.001,0.001,0.989,999.00,0.02,0,0
0.20,-0.001,0.001,0.992,999.00,0.03,0,0
0.30,-0.001,0.001,0.995,999.00,0.03,0,0
0.40,-0.000,0.001,0.996,999.00,0.03,0,0
0.50,-0.000,0.000,0.997,999.00,0.03,0,0
0.60,-0.000,0.000,0.998,999.00,0.03,0,0
0.70,-0.000,0.000,0.999,999.00,0.03,0,0
0.80,-0.000,0.000,1.000,999.00,0.04,0,0
0.90,-0.000,0.000,1.000,999.00,0.04,0,0
1.00,-0.000,0.000,1.000,999.00,0.04,0,0
1.10,-0.000,0.000,1.001,999.00,0.04,0,0
1.20,-0.000,0.000,1.001,999.00,0.04,0,0
1.30,-0.000,0.000,1.001,999.00,0.04,0,0
1.40,-0.000,0.000,1.001,999.00,0.04,0,0
1.50,0.000,0.000,1.001,999.00,0.04,0,0
1.60,0.000,0.000,1.001,999.00,0.04,0,0
1.70,0.000,-0.000,1.001,999.00,0.04,0,0
1.80,0.000,-0.000,1.001,999.00,0.04,0,0
1.90,0.000,-0.000,1.001,999.00,0.04,0,0
2.00,0.000,-0.000,1.001,999.00,0.04,0,0
2.10,0.000,-0.000,1.001,999.00,0.04,0,0
2.20,0.000,-0.000,1.000,999.00,0.04,0,0
2.30,0.000,-0.000,1.000,999.00,0.04,0,0
2.40,0.000,-0.000,1.000,999.00,0.04,0,0
2.50,0.000,-0.000,1.000,999.00,0.04,0,0
2.60,0.000,-0.000,1.000,999.00,0.04,0,0
2.70,0.000,-0.000,1.000,999.00,0.04,0,0
2.80,0.000,-0.000,1.000,999.00,0.04,0,0
2.90,0.000,-0.000,1.000,999.00,0.04,0,0
3.00,0.000,-0.000,1.000,999.00,0.04,0,0
3.10,0.000,-0.000,1.000,999.00,0.04,0,0
3.20,0.000,-0.000,1.000,999.00,0.04,0,0
3.30,0.000,-0.000,1.000,999.00,0.04,0,0
3.40,0.000,-0.000,1.000,999.00,0.04,0,0
3.50,0.000,-0.000,1.000,999.00,0.04,0,0
3.60,0.000,-0.000,1.000,999.00,0.04,0,0
3.70,0.000,-0.000,1.000,999.00,0.04,0,0
3.80,0.000,-0.000,1.000,999.00,0.04,0,0
3.90,0.000,-0.000,1.000,999.00,0.04,0,0
4.00,0.000,-0.000,1.000,999.00,0.04,0,0
4.10,0.000,-0.000,1.000,999.00,0.04,0,0
4.20,0.000,-0.000,1.000,999.00,0.04,0,0
4.30,0.000,-0.000,1.000,999.00,0.04,0,0
4.40,0.000,-0.000,1.000,999.00,0.04,0,0
4.50,0.000,-0.000,1.000,999.00,0.04,0,0
4.60,0.000,-0.000,1.000,999.00,0.04,0,0
4.70,0.000,-0.000,1.000,999.00,0.04,0,0
4.80,0.000,-0.000,1.000,999.00,0.04,0,0
4.91,0.000,-0.000,1.000,999.00,0.04,0,0
5.00,0.000,-0.000,1.000,999.00,0.04,0,0
5.10,0.000,-0.000,1.000,999.00,0.04,0,0
5.20,0.000,-0.000,1.000,999.00,0.04,0,0
5.30,0.000,-0.000,1.000,999.00,0.04,0,0
5.40,0.000,-0.000,1.000,999.00,0.04,0,0
5.50,0.000,-0.000,1.000,999.00,0.04,0,0
5.60,0.000,-0.000,1.000,999.00,0.04,0,0
5.70,0.000,-0.000,1.000,999.00,0.04,0,0
5.80,0.000,-0.000,1.000,999.00,0.04,0,0
5.90,-0.000,-0.000,1.000,999.00,0.04,0,0
6.00,-0.006,-0.001,1.001,999.00,0.04,0,0
6.10,-0.019,-0.005,1.002,999.00,0.06,0,0
6.21,-0.053,-0.020,1.003,999.00,0.09,0,0
6.30,-0.127,-0.068,1.003,999.00,0.18,0,0
6.40,-0.174,-0.106,1.003,999.00,0.24,0,0
6.51,-0.233,-0.156,1.003,999.00,0.32,0,0
6.60,-0.337,-0.242,1.003,999.00,0.46,0,0
6.70,-0.432,-0.311,1.004,999.00,0.57,0,0
6.80,-0.515,-0.355,1.004,999.00,0.67,0,0
6.90,-0.673,-0.397,1.005,999.00,0.83,0,0
7.00,-0.790,-0.407,1.004,999.00,0.95,0,0
7.10,-0.918,-0.411,1.004,999.00,1.08,0,0
7.20,-1.067,-0.410,1.004,999.00,1.23,0,0
7.30,-1.214,-0.406,1.004,999.00,1.37,0,0
7.40,-1.366,-0.400,1.004,999.00,1.52,0,0
7.50,-1.554,-0.392,1.004,999.00,1.71,0,0
7.60,-1.863,-0.380,1.004,999.00,2.02,0,0
7.70,-2.026,-0.381,1.004,999.00,2.18,0,0
7.80,-2.199,-0.394,1.004,999.00,2.36,0,0
7.90,-2.436,-0.440,1.003,999.00,2.60,0,0
8.00,-2.595,-0.485,1.003,999.00,2.76,0,0
8.10,-2.738,-0.529,1.002,999.00,2.92,0,0
8.20,-2.907,-0.582,1.002,999.00,3.09,0,0
8.30,-3.122,-0.640,1.001,999.00,3.31,0,0
8.40,-3.274,-0.674,1.001,999.00,3.47,0,0
8.50,-3.435,-0.712,1.000,999.00,3.64,0,0
8.60,-3.631,-0.764,0.999,999.00,3.84,0,0
8.70,-3.882,-0.835,0.997,999.00,4.10,0,0
8.80,-4.050,-0.881,0.996,999.00,4.27,0,0
8.90,-4.207,-0.921,0.996,999.00,4.44,0,0
9.00,-4.376,-0.967,0.995,999.00,4.61,0,0
9.10,-4.667,-1.057,0.993,999.00,4.92,0,0
9.20,-4.831,-1.109,0.992,999.00,5.09,0,0
9.30,-5.063,-1.171,0.991,999.00,5.33,0,0
9.40,-5.246,-1.201,0.990,999.00,5.51,0,0
9.50,-5.389,-1.212,0.989,999.00,5.66,0,0
9.60,-5.635,-1.218,0.986,999.00,5.90,0,0
9.70,-5.830,-1.220,0.985,999.00,6.10,0,0
9.80,-6.007,-1.232,0.984,999.00,6.28,0,0
9.90,-6.220,-1.267,0.983,999.00,6.49,0,0
10.00,-6.424,-1.326,0.982,999.00,6.70,0,0
10.10,-6.677,-1.424,0.981,999.00,6.98,0,0
10.20,-6.832,-1.493,0.980,999.00,7.14,0,0
10.30,-7.042,-1.606,0.981,999.00,7.38,0,0
10.40,-7.184,-1.699,0.981,999.00,7.55,0,0
10.50,-7.318,-1.804,0.982,999.00,7.72,0,0
10.60,-7.437,-1.915,0.982,999.00,7.89,0,0
10.70,-7.592,-2.098,0.983,999.00,8.13,0,0
10.80,-7.681,-2.226,0.984,999.00,8.28,0,0
10.90,-7.770,-2.367,0.985,999.00,8.45,0,0
11.00,-7.925,-2.608,0.985,999.00,8.74,0,0
11.10,-8.032,-2.756,0.985,999.00,8.92,0,0
11.20,-8.152,-2.909,0.986,999.00,9.11,0,0
11.30,-8.250,-3.032,0.986,999.00,9.27,0,0
11.40,-8.333,-3.144,0.986,999.00,9.41,0,0
11.50,-8.388,-3.234,0.986,999.00,9.51,0,0
11.60,-8.423,-3.318,0.986,999.00,9.61,0,0
11.70,-8.436,-3.372,0.986,999.00,9.66,0,0
11.80,-8.439,-3.429,0.986,999.00,9.72,0,0
11.90,-8.431,-3.471,0.986,999.00,9.76,0,0
12.00,-8.420,-3.490,0.986,999.00,9.78,0,0
12.10,-8.406,-3.494,0.986,999.00,9.80,0,0
12.20,-8.397,-3.484,0.986,999.00,9.81,0,0
12.30,-8.388,-3.465,0.986,999.00,9.83,0,0
12.40,-8.380,-3.439,0.986,999.00,9.86,0,0
12.50,-8.368,-3.394,0.986,999.00,9.91,0,0
12.60,-8.358,-3.358,0.986,999.00,9.94,0,0
12.70,-8.346,-3.319,0.986,999.00,9.99,0,0
12.80,-8.334,-3.282,0.986,999.00,10.02,0,0
12.90,-8.318,-3.241,0.986,999.00,10.07,0,0
13.00,-8.297,-3.189,0.986,999.00,10.12,0,0
13.10,-8.281,-3.154,0.986,999.00,10.16,0,0
13.20,-8.259,-3.104,0.986,999.00,10.22,0,0
13.30,-8.246,-3.076,0.986,999.00,10.25,0,0
13.40,-8.233,-3.046,0.986,999.00,10.28,0,0
13.50,-8.221,-3.019,0.986,999.00,10.31,0,0
13.60,-8.212,-2.996,0.986,999.00,10.33,0,0
13.70,-8.201,-2.968,0.986,999.00,10.37,0,0
13.80,-8.195,-2.953,0.986,999.00,10.38,0,0
13.90,-8.191,-2.940,0.986,999.00,10.40,0,0
14.00,-8.186,-2.928,0.986,999.00,10.41,0,0
14.10,-8.182,-2.916,0.986,999.00,10.42,0,0
14.20,-8.180,-2.910,0.986,999.00,10.43,0,0
14.30,-8.177,-2.903,0.986,999.00,10.43,0,0
14.40,-8.173,-2.893,0.986,999.00,10.45,0,0
14.50,-8.171,-2.888,0.986,999.00,10.45,0,0
14.60,-8.170,-2.884,0.986,999.00,10.45,0,0
14.70,-8.169,-2.882,0.986,999.00,10.46,0,0
14.80,-8.169,-2.881,0.986,999.00,10.46,0,0
14.90,-8.169,-2.880,0.986,999.00,10.46,0,0
15.00,-8.169,-2.881,0.986,999.00,10.46,0,0
15.10,-8.169,-2.882,0.986,999.00,10.46,0,0
15.20,-8.170,-2.885,0.986,999.00,10.46,0,0
15.30,-8.172,-2.889,0.986,999.00,10.47,0,0
15.40,-8.173,-2.893,0.986,999.00,10.47,0,0
15.50,-8.175,-2.897,0.986,999.00,10.48,0,0
15.60,-8.176,-2.900,0.986,999.00,10.48,0,0
15.70,-8.179,-2.907,0.986,999.00,10.49,0,0
15.80,-8.180,-2.911,0.986,999.00,10.49,0,0
15.90,-8.182,-2.916,0.986,999.00,10.50,0,0
16.00,-8.184,-2.920,0.986,999.00,10.50,0,0
16.10,-8.186,-2.927,0.986,999.00,10.51,0,0
16.20,-8.188,-2.931,0.986,999.00,10.51,0,0
16.30,-8.189,-2.935,0.986,999.00,10.52,0,0
16.40,-8.191,-2.938,0.986,999.00,10.52,0,0
16.50,-8.192,-2.942,0.986,999.00,10.53,0,0
16.60,-8.193,-2.945,0.986,999.00,10.53,0,0
16.70,-8.194,-2.948,0.986,999.00,10.53,0,0
16.80,-8.195,-2.950,0.986,999.00,10.53,0,0
16.90,-8.195,-2.951,0.986,999.00,10.53,0,0
17.00,-8.196,-2.952,0.986,999.00,10.54,0,0
17.10,-8.196,-2.953,0.986,999.00,10.54,0,0
17.20,-8.196,-2.953,0.986,999.00,10.54,0,0
17.30,-8.196,-2.953,0.986,999.00,10.54,0,0
17.40,-8.196,-2.952,0.986,999.00,10.54,0,0
17.50,-8.195,-2.951,0.986,999.00,10.54,0,0
17.60,-8.195,-2.950,0.986,999.00,10.54,0,0
17.70,-8.194,-2.949,0.986,999.00,10.54,0,0
17.80,-8.193,-2.947,0.986,999.00,10.54,0,0
17.90,-8.193,-2.946,0.986,999.00,10.54,0,0
18.00,-8.192,-2.943,0.986,999.00,10.55,0,0
18.10,-8.191,-2.941,0.986,999.00,10.55,0,0
18.20,-8.190,-2.939,0.986,999.00,10.55,0,0
18.30,-8.190,-2.938,0.986,999.00,10.55,0,0
18.40,-8.189,-2.936,0.986,999.00,10.55,0,0
18.51,-8.188,-2.934,0.986,999.00,10.56,0,0
18.60,-8.187,-2.932,0.986,999.00,10.56,0,0
18.70,-8.180,-2.928,0.986,999.00,10.57,0,0
18.80,-8.163,-2.919,0.987,999.00,10.59,0,0
18.90,-8.129,-2.904,0.986,999.00,10.62,0,0
19.00,-8.056,-2.878,0.986,999.00,10.70,0,0
19.10,-7.991,-2.858,0.986,999.00,10.77,0,0
19.20,-7.923,-2.842,0.986,999.00,10.84,0,0
19.30,-7.841,-2.828,0.986,999.00,10.92,0,0
19.40,-7.724,-2.810,0.987,999.00,11.04,0,0
19.50,-7.628,-2.796,0.987,999.00,11.14,0,0
19.60,-7.518,-2.781,0.987,999.00,11.25,0,0
19.70,-7.331,-2.764,0.988,999.00,11.44,0,0
19.80,-7.236,-2.765,0.988,999.00,11.53,0,0
19.91,-7.046,-2.786,0.988,999.00,11.72,0,0
20.00,-6.839,-2.828,0.988,999.00,11.93,0,0
20.10,-6.678,-2.867,0.987,999.00,12.10,0,0
20.20,-6.518,-2.902,0.986,999.00,12.26,0,0
20.30,-6.352,-2.928,0.986,999.00,12.43,0,0
20.40,-6.163,-2.937,0.985,999.00,12.62,0,0
20.50,-5.885,-2.923,0.983,999.00,12.90,0,0
20.60,-5.670,-2.904,0.982,999.00,13.12,0,0
20.70,-5.465,-2.890,0.980,999.00,13.32,0,0
20.80,-5.271,-2.886,0.979,999.00,13.51,0,0
20.90,-5.065,-2.900,0.977,999.00,13.72,0,0
21.00,-4.780,-2.950,0.974,999.00,14.01,0,0
21.10,-4.575,-2.996,0.973,999.00,14.22,0,0
21.20,-4.390,-3.037,0.972,999.00,14.41,0,0
21.30,-4.217,-3.068,0.971,999.00,14.59,0,0
21.40,-3.960,-3.106,0.970,999.00,14.85,0,0
21.50,-3.786,-3.132,0.969,999.00,15.02,0,0
21.60,-3.591,-3.166,0.969,999.00,15.22,0,0
21.70,-3.278,-3.233,0.967,999.00,15.54,0,0
21.80,-3.068,-3.283,0.967,999.00,15.76,0,0
21.90,-2.886,-3.329,0.966,999.00,15.94,0,0
22.00,-2.679,-3.387,0.966,999.00,16.16,0,0
22.10,-2.477,-3.447,0.966,999.00,16.37,0,0
22.20,-2.271,-3.510,0.966,999.00,16.58,0,0
22.30,-2.121,-3.548,0.965,999.00,16.74,0,0
22.40,-1.919,-3.578,0.964,999.00,16.94,0,0
22.50,-1.776,-3.585,0.963,999.00,17.09,0,0
22.60,-1.587,-3.583,0.962,999.00,17.28,0,0
22.70,-1.276,-3.562,0.961,999.00,17.59,0,0
22.80,-1.128,-3.543,0.960,999.00,17.74,0,0
22.90,-0.945,-3.511,0.960,999.00,17.92,0,0
23.00,-0.753,-3.467,0.958,999.00,18.12,0,0
23.10,-0.507,-3.404,0.957,999.00,18.37,0,0
23.20,-0.367,-3.373,0.956,999.00,18.52,0,0
23.30,-0.164,-3.351,0.954,999.00,18.72,0,0
23.40,-0.015,-3.356,0.953,999.00,18.87,0,0
23.50,0.125,-3.371,0.951,999.00,19.01,0,0
23.60,0.279,-3.391,0.950,999.00,19.17,0,0
23.70,0.572,-3.442,0.948,999.00,19.46,0,0
23.80,0.786,-3.489,0.946,999.00,19.68,0,0
23.90,1.006,-3.541,0.944,999.00,19.91,0,0
24.00,1.187,-3.580,0.942,999.00,20.09,0,0
24.10,1.367,-3.605,0.941,999.00,20.28,0,0
24.20,1.535,-3.610,0.938,999.00,20.44,0,0
24.30,1.679,-3.603,0.936,999.00,20.59,0,0
24.40,1.891,-3.592,0.933,999.00,20.80,0,0
24.50,2.041,-3.594,0.932,999.00,20.95,0,0
24.60,2.223,-3.607,0.930,999.00,21.13,0,0
24.70,2.488,-3.638,0.927,999.00,21.40,0,0
24.80,2.680,-3.657,0.925,999.00,21.59,0,0
24.90,2.859,-3.663,0.923,999.00,21.77,0,0
25.00,3.027,-3.653,0.921,999.00,21.94,0,0
25.10,3.294,-3.612,0.919,999.00,22.21,0,0
25.20,3.463,-3.580,0.918,999.00,22.38,0,0
25.30,3.642,-3.550,0.917,999.00,22.56,0,0
25.40,3.887,-3.533,0.918,999.00,22.81,0,0
25.50,4.037,-3.541,0.919,999.00,22.96,0,0
25.60,4.207,-3.567,0.920,999.00,23.13,0,0
25.70,4.326,-3.593,0.921,999.00,23.25,0,0
25.80,4.469,-3.633,0.923,999.00,23.40,0,0
25.90,4.665,-3.708,0.927,999.00,23.61,0,0
26.00,4.798,-3.771,0.931,999.00,23.76,0,0
26.10,4.931,-3.843,0.934,999.00,23.91,0,0
26.20,5.118,-3.960,0.940,999.00,24.13,0,0
26.31,5.238,-4.050,0.945,999.00,24.28,0,0
26.40,5.346,-4.151,0.950,999.00,24.43,0,0
26.50,5.479,-4.320,0.957,999.00,24.65,0,0
26.60,5.565,-4.462,0.963,999.00,24.81,0,0
26.70,5.637,-4.605,0.969,999.00,24.97,0,0
26.80,5.701,-4.763,0.975,999.00,25.14,0,0
26.90,5.749,-4.917,0.980,999.00,25.30,0,0
27.00,5.790,-5.084,0.986,999.00,25.48,0,0
27.10,5.815,-5.209,0.991,999.00,25.60,0,0
27.20,5.830,-5.322,0.996,999.00,25.72,0,0
27.30,5.827,-5.446,1.000,999.00,25.84,0,0
27.41,5.811,-5.521,1.002,999.00,25.92,0,0
27.50,5.785,-5.599,1.004,999.00,26.00,0,0
27.60,5.752,-5.674,1.005,999.00,26.08,0,0
27.70,5.713,-5.749,1.005,999.00,26.17,0,0
27.80,5.698,-5.778,1.005,999.00,26.20,0,0
27.90,5.678,-5.815,1.005,999.00,26.24,0,0
28.00,5.674,-5.828,1.005,999.00,26.26,0,0
28.10,5.677,-5.826,1.004,999.00,26.26,0,0
28.20,5.687,-5.813,1.004,999.00,26.28,0,0
28.30,5.702,-5.787,1.003,999.00,26.31,0,0
28.40,5.727,-5.737,1.002,999.00,26.36,0,0
28.50,5.741,-5.703,1.001,999.00,26.40,0,0
28.60,5.756,-5.665,1.001,999.00,26.44,0,0
28.70,5.768,-5.630,1.000,999.00,26.48,0,0
28.80,5.779,-5.605,1.000,999.00,26.50,0,0
28.90,5.788,-5.584,0.999,999.00,26.53,0,0
29.00,5.796,-5.567,0.998,999.00,26.55,0,0
29.10,5.803,-5.547,0.997,999.00,26.57,0,0
29.20,5.806,-5.539,0.997,999.00,26.58,0,0
29.30,5.807,-5.537,0.997,999.00,26.58,0,0
29.40,5.807,-5.538,0.996,999.00,26.58,0,0
29.50,5.806,-5.542,0.996,999.00,26.58,0,0
29.60,5.803,-5.550,0.995,999.00,26.59,0,0
29.70,5.799,-5.558,0.995,999.00,26.60,0,0
29.80,5.794,-5.570,0.995,999.00,26.61,0,0
29.90,5.788,-5.586,0.995,999.00,26.63,0,0
30.00,5.781,-5.602,0.995,999.00,26.65,0,0
30.10,5.773,-5.621,0.994,999.00,26.67,0,0
30.20,5.765,-5.642,0.994,999.00,26.69,0,0
30.30,5.756,-5.664,0.994,999.00,26.72,0,0
30.40,5.747,-5.684,0.995,999.00,26.74,0,0
30.50,5.741,-5.699,0.995,999.00,26.75,0,0
30.60,5.733,-5.719,0.995,999.00,26.78,0,0
30.70,5.726,-5.735,0.995,999.00,26.79,0,0
30.80,5.721,-5.748,0.995,999.00,26.81,0,0
30.90,5.715,-5.762,0.996,999.00,26.82,0,0
31.00,5.711,-5.772,0.996,999.00,26.83,0,0
31.10,5.706,-5.783,0.996,999.00,26.85,0,0
31.20,5.701,-5.796,0.997,999.00,26.86,0,0
31.30,5.698,-5.803,0.997,999.00,26.87,0,0
31.41,5.697,-5.807,0.998,999.00,26.87,0,0
31.50,5.696,-5.810,0.998,999.00,26.87,0,0
31.60,5.695,-5.812,0.998,999.00,26.88,0,0
31.70,5.695,-5.811,0.999,999.00,26.88,0,0
31.80,5.696,-5.810,0.999,999.00,26.88,0,0
31.90,5.698,-5.807,1.000,999.00,26.88,0,0
32.00,5.699,-5.804,1.000,999.00,26.89,0,0
32.10,5.701,-5.799,1.001,999.00,26.89,0,0
32.20,5.703,-5.794,1.001,999.00,26.90,0,0
32.30,5.707,-5.786,1.002,999.00,26.90,0,0
32.40,5.709,-5.781,1.002,999.00,26.91,0,0
32.50,5.713,-5.771,1.003,999.00,26.92,0,0
32.60,5.716,-5.764,1.003,999.00,26.93,0,0
32.71,5.719,-5.758,1.004,999.00,26.94,0,0
32.80,5.722,-5.751,1.004,999.00,26.94,0,0
32.90,5.725,-5.744,1.005,999.00,26.95,0,0
33.00,5.727,-5.739,1.005,999.00,26.96,0,0
33.10,5.730,-5.733,1.005,999.00,26.96,0,0
33.20,5.732,-5.728,1.006,999.00,26.97,0,0
33.30,5.734,-5.722,1.006,999.00,26.97,0,0
33.41,5.736,-5.719,1.006,999.00,26.98,0,0
33.50,5.737,-5.716,1.007,999.00,26.98,0,0
33.60,5.738,-5.713,1.007,999.00,26.98,0,0
33.70,5.738,-5.711,1.007,999.00,26.99,0,0
33.80,5.739,-5.710,1.007,999.00,26.99,0,0
33.91,5.739,-5.709,1.007,999.00,26.99,0,0
34.00,5.739,-5.709,1.008,999.00,26.99,0,0
34.10,5.739,-5.710,1.008,999.00,26.99,0,0
34.20,5.738,-5.711,1.008,999.00,26.99,0,0
34.30,5.737,-5.712,1.008,999.00,26.99,0,0
34.40,5.737,-5.714,1.008,999.00,26.99,0,0
34.50,5.736,-5.716,1.008,999.00,27.00,0,0
34.60,5.734,-5.718,1.008,999.00,27.00,0,0
34.70,5.735,-5.714,1.008,999.00,27.00,0,0
34.80,5.738,-5.695,1.008,999.00,27.02,0,0
34.90,5.745,-5.662,1.008,999.00,27.06,0,0
35.00,5.756,-5.618,1.007,999.00,27.10,0,0
35.10,5.780,-5.548,1.007,999.00,27.17,0,0
35.20,5.804,-5.484,1.007,999.00,27.24,0,0
35.30,5.852,-5.360,1.007,999.00,27.38,0,0
35.40,5.876,-5.282,1.007,999.00,27.46,0,0
35.50,5.894,-5.183,1.007,999.00,27.56,0,0
35.60,5.895,-5.051,1.007,999.00,27.69,0,0
35.70,5.880,-4.928,1.006,999.00,27.81,0,0
35.80,5.854,-4.786,1.005,999.00,27.96,0,0
35.90,5.828,-4.620,1.004,999.00,28.13,0,0
36.00,5.820,-4.474,1.004,999.00,28.27,0,0
36.10,5.833,-4.320,1.002,999.00,28.43,0,0
36.20,5.858,-4.188,1.001,999.00,28.56,0,0
36.30,5.912,-3.960,0.999,999.00,28.80,0,0
36.40,5.945,-3.818,0.999,999.00,28.94,0,0
36.50,5.988,-3.629,0.998,999.00,29.14,0,0
36.60,6.033,-3.440,0.997,999.00,29.33,0,0
36.70,6.075,-3.273,0.996,999.00,29.50,0,0
36.80,6.117,-3.090,0.995,999.00,29.69,0,0
36.90,6.147,-2.896,0.994,999.00,29.89,0,0
37.00,6.154,-2.750,0.993,999.00,30.03,0,0
37.10,6.147,-2.564,0.992,999.00,30.22,0,0
37.20,6.121,-2.277,0.990,999.00,30.51,0,0
37.30,6.111,-2.142,0.989,999.00,30.64,0,0
37.40,6.110,-1.897,0.988,999.00,30.89,0,0
37.50,6.131,-1.734,0.986,999.00,31.05,0,0
37.60,6.167,-1.582,0.984,999.00,31.21,0,0
37.70,6.213,-1.410,0.982,999.00,31.39,0,0
37.80,6.243,-1.274,0.981,999.00,31.53,0,0
37.90,6.274,-1.066,0.979,999.00,31.74,0,0
38.00,6.291,-0.894,0.978,999.00,31.91,0,0
38.10,6.313,-0.606,0.976,999.00,32.20,0,0
38.20,6.332,-0.429,0.975,999.00,32.38,0,0
38.30,6.362,-0.265,0.974,999.00,32.54,0,0
38.40,6.433,-0.035,0.972,999.00,32.78,0,0
38.50,6.484,0.094,0.972,999.00,32.92,0,0
38.60,6.542,0.237,0.972,999.00,33.08,0,0
38.70,6.582,0.354,0.972,999.00,33.20,0,0
38.80,6.610,0.475,0.972,999.00,33.32,0,0
38.90,6.616,0.563,0.973,999.00,33.41,0,0
39.00,6.605,0.633,0.973,999.00,33.48,0,0
39.10,6.589,0.667,0.973,999.00,33.52,0,0
39.20,6.566,0.687,0.973,999.00,33.55,0,0
39.30,6.536,0.688,0.973,999.00,33.58,0,0
39.40,6.520,0.675,0.973,999.00,33.61,0,0
39.50,6.507,0.649,0.973,999.00,33.63,0,0
39.60,6.499,0.606,0.972,999.00,33.68,0,0
39.70,6.499,0.571,0.972,999.00,33.71,0,0
39.80,6.501,0.538,0.972,999.00,33.75,0,0
39.90,6.506,0.484,0.972,999.00,33.80,0,0
40.00,6.509,0.448,0.972,999.00,33.84,0,0
40.10,6.511,0.415,0.972,999.00,33.87,0,0
40.20,6.511,0.373,0.972,999.00,33.91,0,0
40.30,6.508,0.327,0.972,999.00,33.96,0,0
40.40,6.506,0.295,0.972,999.00,33.99,0,0
40.50,6.503,0.261,0.972,999.00,34.02,0,0
40.60,6.500,0.232,0.972,999.00,34.05,0,0
40.70,6.497,0.194,0.972,999.00,34.09,0,0
40.80,6.496,0.177,0.972,999.00,34.11,0,0
40.90,6.495,0.161,0.972,999.00,34.12,0,0
41.00,6.494,0.149,0.972,999.00,34.14,0,0
41.10,6.492,0.136,0.972,999.00,34.15,0,0
41.20,6.492,0.131,0.972,999.00,34.15,0,0
41.30,6.492,0.130,0.972,999.00,34.16,0,0
41.40,6.493,0.133,0.972,999.00,34.16,0,0
41.50,6.493,0.139,0.972,999.00,34.16,0,0
41.60,6.494,0.148,0.972,999.00,34.17,0,0
41.70,6.495,0.159,0.972,999.00,34.18,0,0
41.80,6.496,0.171,0.972,999.00,34.20,0,0
41.90,6.497,0.183,0.972,999.00,34.21,0,0
42.00,6.499,0.201,0.972,999.00,34.23,0,0
42.10,6.501,0.221,0.972,999.00,34.25,0,0
42.20,6.502,0.238,0.972,999.00,34.26,0,0
42.30,6.504,0.253,0.972,999.00,34.28,0,0
42.40,6.505,0.270,0.972,999.00,34.30,0,0
42.50,6.507,0.284,0.972,999.00,34.31,0,0
42.61,6.508,0.299,0.973,999.00,34.33,0,0
42.70,6.509,0.312,0.973,999.00,34.34,0,0
42.80,6.511,0.332,0.973,999.00,34.36,0,0
42.90,6.512,0.342,0.973,999.00,34.37,0,0
43.00,6.512,0.351,0.973,999.00,34.38,0,0
43.10,6.513,0.359,0.973,999.00,34.39,0,0
43.20,6.514,0.366,0.973,999.00,34.39,0,0
43.30,6.514,0.371,0.973,999.00,34.40,0,0
43.40,6.514,0.375,0.973,999.00,34.40,0,0
43.50,6.514,0.377,0.973,999.00,34.40,0,0
43.60,6.514,0.378,0.973,999.00,34.41,0,0
43.70,6.514,0.377,0.973,999.00,34.41,0,0
43.80,6.513,0.376,0.973,999.00,34.41,0,0
43.90,6.513,0.373,0.973,999.00,34.41,0,0
44.00,6.513,0.369,0.973,999.00,34.41,0,0
44.10,6.512,0.363,0.973,999.00,34.42,0,0
44.20,6.511,0.358,0.973,999.00,34.43,0,0
44.30,6.511,0.353,0.973,999.00,34.43,0,0
44.40,6.510,0.347,0.973,999.00,34.44,0,0
44.51,6.509,0.339,0.973,999.00,34.44,0,0
44.60,6.508,0.333,0.973,999.00,34.45,0,0
44.70,6.508,0.326,0.973,999.00,34.46,0,0
44.80,6.507,0.321,0.973,999.00,34.46,0,0
44.90,6.504,0.304,0.974,999.00,34.48,0,0
45.00,6.501,0.283,0.974,999.00,34.50,0,0
45.10,6.494,0.231,0.974,999.00,34.55,0,0
45.20,6.489,0.185,0.973,999.00,34.60,0,0
45.30,6.480,0.083,0.973,999.00,34.70,0,0
45.40,6.478,0.004,0.973,999.00,34.78,0,0
45.50,6.485,-0.076,0.974,999.00,34.86,0,0
45.60,6.501,-0.171,0.974,999.00,34.96,0,0
45.70,6.530,-0.311,0.974,999.00,35.10,0,0
45.80,6.554,-0.424,0.973,999.00,35.22,0,0
45.90,6.579,-0.562,0.973,999.00,35.36,0,0
46.00,6.601,-0.727,0.973,999.00,35.52,0,0
46.10,6.602,-0.823,0.974,999.00,35.62,0,0
46.20,6.586,-0.908,0.974,999.00,35.71,0,0
46.30,6.560,-0.963,0.974,999.00,35.77,0,0
46.40,6.514,-1.025,0.975,999.00,35.84,0,0
46.50,6.463,-1.069,0.976,999.00,35.91,0,0
46.60,6.418,-1.093,0.976,999.00,35.96,0,0
46.70,6.356,-1.110,0.977,999.00,36.03,0,0
46.80,6.283,-1.123,0.977,999.00,36.10,0,0
46.90,6.180,-1.140,0.977,999.00,36.21,0,0
47.00,6.086,-1.157,0.977,999.00,36.30,0,0
47.10,5.963,-1.182,0.976,999.00,36.43,0,0
47.20,5.826,-1.210,0.976,999.00,36.57,0,0
47.30,5.684,-1.244,0.975,999.00,36.71,0,0
47.40,5.552,-1.285,0.973,999.00,36.85,0,0
47.50,5.302,-1.386,0.966,999.00,37.12,0,0
47.60,5.134,-1.465,0.961,999.00,37.31,0,0
47.70,4.966,-1.547,0.953,999.00,37.49,0,0
47.80,4.797,-1.637,0.938,999.00,37.69,0,0
47.90,4.685,-1.705,0.924,999.00,37.82,0,0
48.00,4.562,-1.788,0.902,999.00,37.97,0,0
48.10,4.447,-1.864,0.879,999.00,38.11,0,0
48.20,4.264,-1.949,0.851,999.00,38.31,0,0
48.30,4.136,-1.981,0.837,999.00,38.44,0,0
48.40,3.998,-2.005,0.827,999.00,38.58,0,0
48.50,3.752,-2.030,0.814,999.00,38.83,0,0
48.60,3.596,-2.034,0.809,999.00,38.99,0,0
48.70,3.445,-2.029,0.805,999.00,39.14,0,0
48.80,3.159,-1.996,0.801,999.00,39.43,0,0
48.90,2.966,-1.962,0.800,999.00,39.62,0,0
49.00,2.785,-1.924,0.800,999.00,39.81,0,0
49.10,2.611,-1.886,0.800,999.00,39.99,0,0
49.20,2.334,-1.836,0.801,999.00,40.27,0,0
49.30,2.157,-1.825,0.802,999.00,40.44,0,0
49.40,1.985,-1.828,0.804,999.00,40.62,0,0
49.50,1.787,-1.843,0.806,999.00,40.82,0,0
49.60,1.630,-1.854,0.808,999.00,40.97,0,0
49.70,1.449,-1.853,0.810,999.00,41.15,0,0
49.80,1.216,-1.822,0.814,999.00,41.39,0,0
49.90,1.051,-1.789,0.816,999.00,41.56,0,0
50.00,0.848,-1.745,0.819,999.00,41.77,0,0
50.10,0.602,-1.700,0.821,999.00,42.02,0,0
50.20,0.412,-1.682,0.823,999.00,42.21,0,0
50.30,0.264,-1.682,0.823,999.00,42.35,0,0
50.40,0.036,-1.700,0.824,999.00,42.58,0,0
50.50,-0.124,-1.717,0.825,999.00,42.74,0,0
50.60,-0.357,-1.736,0.826,999.00,42.98,0,0
50.70,-0.504,-1.735,0.827,999.00,43.13,0,0
50.80,-0.647,-1.717,0.828,999.00,43.27,0,0
50.90,-0.784,-1.685,0.829,999.00,43.41,0,0
51.00,-0.906,-1.648,0.832,999.00,43.54,0,0
51.10,-1.126,-1.569,0.840,999.00,43.77,0,0
51.20,-1.274,-1.508,0.847,999.00,43.93,0,0
51.30,-1.456,-1.423,0.855,999.00,44.13,0,0
51.40,-1.620,-1.341,0.864,999.00,44.32,0,0
51.50,-1.815,-1.235,0.874,999.00,44.54,0,0
51.60,-2.069,-1.071,0.892,999.00,44.84,0,0
51.70,-2.210,-0.953,0.903,999.00,45.03,0,0
51.80,-2.326,-0.837,0.914,999.00,45.19,0,0
51.90,-2.493,-0.643,0.931,999.00,45.45,0,0
52.00,-2.610,-0.501,0.943,999.00,45.63,0,0
52.10,-2.749,-0.342,0.958,999.00,45.84,0,0
52.20,-2.836,-0.250,0.966,999.00,45.97,0,0
52.30,-2.912,-0.173,0.972,999.00,46.08,0,0
52.40,-3.001,-0.080,0.978,999.00,46.21,0,0
52.50,-3.040,-0.036,0.980,999.00,46.27,0,0
52.60,-3.070,0.004,0.981,999.00,46.32,0,0
52.70,-3.082,0.027,0.981,999.00,46.34,0,0
52.80,-3.081,0.050,0.980,999.00,46.37,0,0
52.90,-3.069,0.051,0.978,999.00,46.38,0,0
53.00,-3.054,0.045,0.977,999.00,46.39,0,0
53.10,-3.034,0.031,0.975,999.00,46.42,0,0
53.20,-3.002,0.001,0.973,999.00,46.46,0,0
53.30,-2.979,-0.025,0.971,999.00,46.50,0,0
53.40,-2.955,-0.055,0.969,999.00,46.54,0,0
53.50,-2.923,-0.098,0.967,999.00,46.59,0,0
53.60,-2.898,-0.131,0.965,999.00,46.63,0,0
53.70,-2.873,-0.166,0.964,999.00,46.67,0,0
53.80,-2.838,-0.212,0.962,999.00,46.73,0,0
53.90,-2.818,-0.239,0.961,999.00,46.77,0,0
54.00,-2.786,-0.280,0.960,999.00,46.82,0,0
54.10,-2.765,-0.306,0.959,999.00,46.85,0,0
54.20,-2.749,-0.326,0.958,999.00,46.88,0,0
54.30,-2.724,-0.357,0.957,999.00,46.92,0,0
54.40,-2.710,-0.375,0.956,999.00,46.94,0,0
54.50,-2.697,-0.392,0.956,999.00,46.96,0,0
54.60,-2.681,-0.413,0.955,999.00,46.99,0,0
54.70,-2.673,-0.424,0.955,999.00,47.00,0,0
54.80,-2.668,-0.432,0.954,999.00,47.01,0,0
54.90,-2.660,-0.444,0.954,999.00,47.02,0,0
55.00,-2.657,-0.449,0.954,999.00,47.03,0,0
55.10,-2.654,-0.453,0.953,999.00,47.04,0,0
55.20,-2.654,-0.454,0.953,999.00,47.04,0,0
55.30,-2.654,-0.454,0.953,999.00,47.04,0,0
55.40,-2.655,-0.453,0.953,999.00,47.04,0,0
55.50,-2.657,-0.451,0.953,999.00,47.04,0,0
55.60,-2.660,-0.447,0.953,999.00,47.05,0,0
55.70,-2.663,-0.444,0.953,999.00,47.05,0,0
55.80,-2.666,-0.440,0.953,999.00,47.06,0,0
55.90,-2.670,-0.436,0.953,999.00,47.06,0,0
56.00,-2.674,-0.430,0.953,999.00,47.07,0,0
56.10,-2.678,-0.425,0.953,999.00,47.07,0,0
56.20,-2.681,-0.421,0.953,999.00,47.08,0,0
56.30,-2.685,-0.417,0.953,999.00,47.09,0,0
56.40,-2.689,-0.412,0.953,999.00,47.09,0,0
56.50,-2.692,-0.408,0.953,999.00,47.10,0,0
56.60,-2.695,-0.404,0.953,999.00,47.10,0,0
56.70,-2.697,-0.401,0.953,999.00,47.11,0,0
56.80,-2.699,-0.398,0.953,999.00,47.11,0,0
56.90,-2.701,-0.395,0.953,999.00,47.11,0,0
57.00,-2.703,-0.393,0.953,999.00,47.12,0,0
57.10,-2.704,-0.392,0.953,999.00,47.12,0,0
57.20,-2.705,-0.390,0.953,999.00,47.12,0,0
57.30,-2.706,-0.389,0.953,999.00,47.12,0,0
57.40,-2.707,-0.388,0.953,999.00,47.12,0,0
57.50,-2.707,-0.387,0.953,999.00,47.12,0,0
57.60,-2.707,-0.387,0.953,999.00,47.12,0,0
57.70,-2.707,-0.387,0.953,999.00,47.12,0,0
57.80,-2.707,-0.387,0.953,999.00,47.12,0,0
57.90,-2.707,-0.387,0.953,999.00,47.12,0,0
58.00,-2.706,-0.388,0.953,999.00,47.12,0,0
58.10,-2.706,-0.388,0.953,999.00,47.12,0,0
58.20,-2.705,-0.389,0.953,999.00,47.13,0,0
58.30,-2.705,-0.389,0.953,999.00,47.13,0,0
58.40,-2.704,-0.390,0.953,999.00,47.13,0,0
58.50,-2.704,-0.391,0.953,999.00,47.13,0,0
58.60,-2.703,-0.391,0.953,999.00,47.13,0,0
58.70,-2.703,-0.392,0.953,999.00,47.13,0,0
58.80,-2.703,-0.392,0.953,999.00,47.13,0,0
58.90,-2.702,-0.393,0.953,999.00,47.13,0,0
59.00,-2.702,-0.394,0.953,999.00,47.13,0,0
59.10,-2.701,-0.394,0.953,999.00,47.13,0,0
59.20,-2.701,-0.394,0.953,999.00,47.13,0,0
59.30,-2.701,-0.395,0.953,999.00,47.13,0,0
59.40,-2.701,-0.395,0.953,999.00,47.13,0,0
59.50,-2.700,-0.395,0.953,999.00,47.13,0,0
59.60,-2.700,-0.395,0.953,999.00,47.13,0,0
59.70,-2.700,-0.396,0.953,999.00,47.13,0,0
59.80,-2.700,-0.396,0.953,999.00,47.13,0,0
59.90,-2.700,-0.396,0.953,999.00,47.13,0,0
60.00,-2.700,-0.396,0.953,999.00,47.13,0,0
60.10,-2.700,-0.396,0.953,999.00,47.13,0,0
60.20,-2.700,-0.396,0.953,999.00,47.13,0,0
60.30,-2.700,-0.396,0.953,999.00,47.13,0,0
60.40,-2.700,-0.396,0.953,999.00,47.13,0,0
60.50,-2.700,-0.396,0.953,999.00,47.13,0,0
60.60,-2.700,-0.396,0.953,999.00,47.13,0,0
60.70,-2.700,-0.396,0.953,999.00,47.13,0,0
60.80,-2.700,-0.395,0.953,999.00,47.13,0,0
60.90,-2.700,-0.395,0.953,999.00,47.13,0,0
61.00,-2.700,-0.395,0.953,999.00,47.13,0,0
61.10,-2.701,-0.395,0.953,999.00,47.13,0,0
61.20,-2.701,-0.395,0.953,999.00,47.14,0,0
61.30,-2.701,-0.395,0.953,999.00,47.14,0,0
61.40,-2.701,-0.395,0.953,999.00,47.14,0,0
61.50,-2.701,-0.395,0.953,999.00,47.14,0,0
61.60,-2.701,-0.395,0.953,999.00,47.14,0,0
61.70,-2.701,-0.395,0.953,999.00,47.14,0,0
61.80,-2.701,-0.395,0.953,999.00,47.14,0,0
61.90,-2.701,-0.395,0.953,999.00,47.14,0,0
62.00,-2.701,-0.395,0.953,999.00,47.14,0,0
62.10,-2.701,-0.395,0.953,999.00,47.14,0,0
62.20,-2.701,-0.395,0.953,999.00,47.14,0,0
62.30,-2.701,-0.395,0.953,999.00,47.14,0,0
62.40,-2.701,-0.395,0.953,999.00,47.14,0,0
62.50,-2.701,-0.395,0.953,999.00,47.14,0,0
62.60,-2.701,-0.395,0.953,999.00,47.14,0,0
62.70,-2.701,-0.395,0.953,999.00,47.14,0,0
62.80,-2.701,-0.395,0.953,999.00,47.14,0,0
62.90,-2.701,-0.395,0.953,999.00,47.14,0,0
63.00,-2.701,-0.395,0.953,999.00,47.14,0,0
63.10,-2.701,-0.395,0.953,999.00,47.14,0,0
63.20,-2.701,-0.395,0.953,999.00,47.14,0,0
63.30,-2.701,-0.395,0.953,999.00,47.14,0,0
63.40,-2.701,-0.395,0.953,999.00,47.14,0,0
63.50,-2.701,-0.395,0.953,999.00,47.14,0,0
63.60,-2.701,-0.395,0.953,999.00,47.14,0,0
63.70,-2.701,-0.395,0.953,999.00,47.14,0,0
63.80,-2.701,-0.395,0.953,999.00,47.14,0,0
63.90,-2.701,-0.395,0.953,999.00,47.14,0,0
64.00,-2.701,-0.395,0.953,999.00,47.14,0,0
64.10,-2.701,-0.395,0.953,999.00,47.14,0,0
64.20,-2.701,-0.395,0.953,999.00,47.14,0,0
64.30,-2.701,-0.395,0.953,999.00,47.14,0,0
64.40,-2.701,-0.395,0.953,999.00,47.14,0,0
64.50,-2.701,-0.395,0.953,999.00,47.14,0,0
64.60,-2.701,-0.395,0.953,999.00,47.14,0,0
64.70,-2.701,-0.395,0.953,999.00,47.14,0,0
64.80,-2.701,-0.395,0.953,999.00,47.14,0,0
64.90,-2.701,-0.395,0.953,999.00,47.14,0,0
65.00,-2.701,-0.395,0.953,999.00,47.14,0,0
65.10,-2.701,-0.395,0.953,999.00,47.14,0,0
65.20,-2.701,-0.395,0.953,999.00,47.14,0,0
65.30,-2.701,-0.395,0.953,999.00,47.14,0,0
65.40,-2.701,-0.395,0.953,999.00,47.14,0,0
65.50,-2.701,-0.395,0.953,999.00,47.14,0,0
65.60,-2.701,-0.395,0.953,999.00,47.14,0,0
65.70,-2.701,-0.395,0.953,999.00,47.14,0,0
65.80,-2.701,-0.395,0.953,999.00,47.14,0,0
65.90,-2.701,-0.395,0.953,999.00,47.14,0,0
66.00,-2.701,-0.395,0.953,999.00,47.14,0,0
66.10,-2.701,-0.395,0.953,999.00,47.14,0,0
66.20,-2.701,-0.395,0.953,999.00,47.14,0,0
66.30,-2.701,-0.395,0.953,999.00,47.14,0,0
66.40,-2.701,-0.395,0.953,999.00,47.14,0,0
66.50,-2.701,-0.395,0.953,999.00,47.14,0,0
66.60,-2.701,-0.395,0.953,999.00,47.14,0,0
66.70,-2.701,-0.395,0.953,999.00,47.14,0,0
66.80,-2.701,-0.395,0.953,999.00,47.14,0,0
66.90,-2.701,-0.395,0.953,999.00,47.14,0,0
67.00,-2.701,-0.395,0.953,999.00,47.14,0,0
67.10,-2.701,-0.395,0.953,999.00,47.14,0,0
67.20,-2.701,-0.395,0.953,999.00,47.14,0,0
67.30,-2.701,-0.395,0.953,999.00,47.14,0,0
67.40,-2.701,-0.395,0.953,999.00,47.14,0,0
67.50,-2.701,-0.395,0.953,999.00,47.14,0,0
67.60,-2.701,-0.395,0.953,999.00,47.14,0,0
67.70,-2.701,-0.395,0.953,999.00,47.14,0,0
67.80,-2.701,-0.395,0.953,999.00,47.14,0,0
67.90,-2.701,-0.395,0.953,999.00,47.14,0,0
68.00,-2.701,-0.395,0.953,999.00,47.14,0,0
68.10,-2.701,-0.395,0.953,999.00,47.14,0,0
68.20,-2.701,-0.395,0.953,999.00,47.14,0,0
68.30,-2.701,-0.395,0.953,999.00,47.14,0,0
68.40,-2.701,-0.395,0.953,999.00,47.14,0,0
68.51,-2.701,-0.395,0.953,999.00,47.14,0,0
68.60,-2.701,-0.395,0.953,999.00,47.14,0,0
68.70,-2.701,-0.395,0.953,999.00,47.14,0,0
68.80,-2.701,-0.395,0.953,999.00,47.14,0,0
68.90,-2.701,-0.395,0.953,999.00,47.14,0,0
69.00,-2.701,-0.395,0.953,999.00,47.14,0,0
69.10,-2.701,-0.395,0.953,999.00,47.14,0,0
69.20,-2.701,-0.395,0.953,999.00,47.14,0,0
69.30,-2.701,-0.395,0.953,999.00,47.14,0,0
69.40,-2.701,-0.395,0.953,999.00,47.14,0,0
69.50,-2.701,-0.395,0.953,999.00,47.14,0,0
69.60,-2.701,-0.395,0.953,999.00,47.14,0,0
69.70,-2.701,-0.395,0.953,999.00,47.14,0,0
69.80,-2.701,-0.395,0.953,999.00,47.14,0,0
69.90,-2.701,-0.395,0.953,999.00,47.14,0,0
70.00,-2.701,-0.395,0.953,999.00,47.14,0,0
70.10,-2.701,-0.395,0.953,999.00,47.14,0,0
70.21,-2.701,-0.395,0.953,999.00,47.14,0,0
70.30,-2.701,-0.395,0.953,999.00,47.14,0,0
70.41,-2.701,-0.395,0.953,999.00,47.14,0,0
70.50,-2.701,-0.395,0.953,999.00,47.14,0,0
70.60,-2.701,-0.395,0.953,999.00,47.14,0,0
70.70,-2.701,-0.395,0.953,999.00,47.14,0,0
70.80,-2.701,-0.395,0.953,999.00,47.14,0,0
70.90,-2.701,-0.395,0.953,999.00,47.14,0,0
71.00,-2.701,-0.395,0.953,999.00,47.14,0,0
71.10,-2.701,-0.395,0.953,999.00,47.14,0,0
71.20,-2.701,-0.395,0.953,999.00,47.14,0,0
71.30,-2.701,-0.395,0.953,999.00,47.14,0,0
71.40,-2.701,-0.395,0.953,999.00,47.14,0,0
71.50,-2.701,-0.395,0.953,999.00,47.14,0,0
71.60,-2.701,-0.395,0.953,999.00,47.14,0,0
71.70,-2.701,-0.395,0.953,999.00,47.14,0,0
71.80,-2.701,-0.395,0.953,999.00,47.14,0,0
71.90,-2.701,-0.395,0.953,999.00,47.14,0,0
72.00,-2.701,-0.395,0.953,999.00,47.14,0,0
72.10,-2.701,-0.395,0.953,999.00,47.14,0,0
72.20,-2.701,-0.395,0.953,999.00,47.14,0,0
72.30,-2.701,-0.395,0.953,999.00,47.14,0,0
72.40,-2.701,-0.395,0.953,999.00,47.14,0,0
72.50,-2.701,-0.395,0.953,999.00,47.14,0,0
72.60,-2.701,-0.395,0.953,999.00,47.14,0,0
72.70,-2.701,-0.395,0.953,999.00,47.14,0,0
72.80,-2.701,-0.395,0.953,999.00,47.14,0,0
72.90,-2.701,-0.395,0.953,999.00,47.14,0,0
73.00,-2.701,-0.395,0.953,999.00,47.14,0,0
73.10,-2.701,-0.395,0.953,999.00,47.14,0,0
73.20,-2.701,-0.395,0.953,999.00,47.14,0,0
73.30,-2.701,-0.395,0.953,999.00,47.14,0,0
73.40,-2.701,-0.395,0.953,999.00,47.14,0,0
73.50,-2.701,-0.395,0.953,999.00,47.14,0,0
73.60,-2.701,-0.395,0.953,999.00,47.14,0,0
73.70,-2.701,-0.395,0.953,999.00,47.14,0,0
73.80,-2.701,-0.395,0.953,999.00,47.14,0,0
73.90,-2.701,-0.395,0.953,999.00,47.14,0,0
74.00,-2.701,-0.395,0.953,999.00,47.14,0,0
74.10,-2.701,-0.395,0.953,999.00,47.14,0,0
74.20,-2.701,-0.395,0.953,999.00,47.14,0,0
74.30,-2.701,-0.395,0.953,999.00,47.14,0,0
74.40,-2.701,-0.395,0.953,999.00,47.14,0,0
74.50,-2.701,-0.395,0.953,999.00,47.14,0,0
74.60,-2.701,-0.395,0.953,999.00,47.14,0,0
74.70,-2.701,-0.395,0.953,999.00,47.14,0,0
74.80,-2.701,-0.395,0.953,999.00,47.14,0,0
74.90,-2.701,-0.395,0.953,999.00,47.14,0,0
75.00,-2.701,-0.395,0.953,999.00,47.14,0,0
75.10,-2.701,-0.395,0.953,999.00,47.14,0,0
75.21,-2.701,-0.395,0.953,999.00,47.14,0,0
75.30,-2.701,-0.395,0.953,999.00,47.14,0,0
75.40,-2.701,-0.395,0.953,999.00,47.14,0,0
75.50,-2.701,-0.395,0.953,999.00,47.14,0,0
75.60,-2.701,-0.395,0.953,999.00,47.14,0,0
75.70,-2.701,-0.395,0.953,999.00,47.14,0,0
75.80,-2.701,-0.395,0.953,999.00,47.14,0,0
75.90,-2.701,-0.395,0.953,999.00,47.14,0,0
76.00,-2.701,-0.395,0.953,999.00,47.14,0,0
76.10,-2.701,-0.395,0.953,999.00,47.14,0,0
76.20,-2.701,-0.395,0.953,999.00,47.14,0,0
76.30,-2.701,-0.395,0.953,999.00,47.14,0,0
76.40,-2.701,-0.395,0.953,999.00,47.14,0,0
76.50,-2.701,-0.395,0.953,999.00,47.14,0,0
76.60,-2.701,-0.395,0.953,999.00,47.14,0,0
76.70,-2.701,-0.395,0.953,999.00,47.14,0,0
76.80,-2.701,-0.395,0.953,999.00,47.14,0,0
76.90,-2.701,-0.395,0.953,999.00,47.14,0,0
77.00,-2.701,-0.395,0.953,999.00,47.14,0,0
77.10,-2.701,-0.395,0.953,999.00,47.14,0,0
77.20,-2.701,-0.395,0.953,999.00,47.14,0,0
77.30,-2.701,-0.395,0.953,999.00,47.14,0,0
77.40,-2.701,-0.395,0.953,999.00,47.14,0,0
77.50,-2.701,-0.395,0.953,999.00,47.14,0,0
77.60,-2.701,-0.395,0.953,999.00,47.14,0,0
77.70,-2.701,-0.395,0.953,999.00,47.14,0,0
77.80,-2.701,-0.395,0.953,999.00,47.14,0,0
77.90,-2.701,-0.395,0.953,999.00,47.14,0,0
78.00,-2.701,-0.395,0.953,999.00,47.14,0,0
78.10,-2.701,-0.395,0.953,999.00,47.14,0,0
78.20,-2.701,-0.395,0.953,999.00,47.14,0,0
78.30,-2.701,-0.395,0.953,999.00,47.14,0,0
78.40,-2.701,-0.395,0.953,999.00,47.14,0,0
78.50,-2.701,-0.395,0.953,999.00,47.14,0,0
78.60,-2.701,-0.395,0.953,999.00,47.14,0,0
78.71,-2.701,-0.395,0.953,999.00,47.14,0,0
78.80,-2.701,-0.395,0.953,999.00,47.14,0,0
78.90,-2.701,-0.395,0.953,999.00,47.14,0,0
79.00,-2.701,-0.395,0.953,999.00,47.14,0,0
79.10,-2.701,-0.395,0.953,999.00,47.14,0,0
79.20,-2.701,-0.395,0.953,999.00,47.14,0,0
79.30,-2.701,-0.395,0.953,999.00,47.14,0,0
79.40,-2.701,-0.395,0.953,999.00,47.14,0,0
79.50,-2.701,-0.395,0.953,999.00,47.14,0,0
79.60,-2.701,-0.395,0.953,999.00,47.14,0,0
79.70,-2.701,-0.395,0.953,999.00,47.14,0,0
79.80,-2.701,-0.395,0.953,999.00,47.14,0,0
79.90,-2.701,-0.395,0.953,999.00,47.14,0,0
80.00,-2.701,-0.395,0.953,999.00,47.14,0,0
80.10,-2.701,-0.395,0.953,999.00,47.14,0,0
80.20,-2.701,-0.395,0.953,999.00,47.14,0,0
80.30,-2.701,-0.395,0.953,999.00,47.14,0,0
80.40,-2.701,-0.395,0.953,999.00,47.14,0,0
80.50,-2.701,-0.395,0.953,999.00,47.14,0,0
80.60,-2.701,-0.395,0.953,999.00,47.14,0,0
80.70,-2.701,-0.395,0.953,999.00,47.14,0,0
80.80,-2.701,-0.395,0.953,999.00,47.14,0,0
80.90,-2.701,-0.395,0.953,999.00,47.14,0,0
81.00,-2.701,-0.395,0.953,999.00,47.14,0,0
81.11,-2.701,-0.395,0.953,999.00,47.14,0,0
81.20,-2.701,-0.395,0.953,999.00,47.14,0,0
81.30,-2.701,-0.395,0.953,999.00,47.14,0,0
81.40,-2.701,-0.395,0.953,999.00,47.14,0,0
81.50,-2.701,-0.395,0.953,999.00,47.14,0,0
81.60,-2.701,-0.395,0.953,999.00,47.14,0,0
81.70,-2.701,-0.395,0.953,999.00,47.14,0,0
81.80,-2.701,-0.395,0.953,999.00,47.14,0,0
81.90,-2.701,-0.395,0.953,999.00,47.14,0,0
82.00,-2.701,-0.395,0.953,999.00,47.14,0,0
82.10,-2.701,-0.395,0.953,999.00,47.14,0,0
82.20,-2.701,-0.395,0.953,999.00,47.14,0,0
82.30,-2.701,-0.395,0.953,999.00,47.14,0,0
82.40,-2.701,-0.395,0.953,999.00,47.14,0,0
82.50,-2.701,-0.395,0.953,999.00,47.14,0,0
82.60,-2.701,-0.395,0.953,999.00,47.14,0,0
82.70,-2.701,-0.395,0.953,999.00,47.14,0,0
82.80,-2.701,-0.395,0.953,999.00,47.14,0,0
82.90,-2.701,-0.395,0.953,999.00,47.14,0,0
83.00,-2.701,-0.395,0.953,999.00,47.14,0,0
83.10,-2.701,-0.395,0.953,999.00,47.14,0,0
83.20,-2.701,-0.395,0.953,999.00,47.14,0,0
83.30,-2.701,-0.395,0.953,999.00,47.14,0,0
83.40,-2.701,-0.395,0.953,999.00,47.14,0,0
83.50,-2.701,-0.395,0.953,999.00,47.14,0,0
83.60,-2.701,-0.395,0.953,999.00,47.14,0,0
83.70,-2.701,-0.395,0.953,999.00,47.14,0,0
83.80,-2.701,-0.395,0.953,999.00,47.14,0,0
83.90,-2.701,-0.395,0.953,999.00,47.14,0,0
84.00,-2.701,-0.395,0.953,999.00,47.14,0,0
84.10,-2.701,-0.395,0.953,999.00,47.14,0,0
84.20,-2.701,-0.395,0.953,999.00,47.14,0,0
84.30,-2.701,-0.395,0.953,999.00,47.14,0,0
84.40,-2.701,-0.395,0.953,999.00,47.14,0,0
84.50,-2.701,-0.395,0.953,999.00,47.14,0,0
84.60,-2.701,-0.395,0.953,999.00,47.14,0,0
84.70,-2.701,-0.395,0.953,999.00,47.14,0,0
84.80,-2.701,-0.395,0.953,999.00,47.14,0,0
84.90,-2.701,-0.395,0.953,999.00,47.14,0,0
85.00,-2.701,-0.395,0.953,999.00,47.14,0,0
85.10,-2.701,-0.395,0.953,999.00,47.14,0,0
85.20,-2.701,-0.395,0.953,999.00,47.14,0,0
85.30,-2.701,-0.395,0.953,999.00,47.14,0,0
85.40,-2.701,-0.395,0.953,999.00,47.14,0,0
85.50,-2.701,-0.395,0.953,999.00,47.14,0,0
85.60,-2.701,-0.395,0.953,999.00,47.14,0,0
85.70,-2.701,-0.395,0.953,999.00,47.14,0,0
85.80,-2.701,-0.395,0.953,999.00,47.14,0,0
85.90,-2.701,-0.395,0.953,999.00,47.14,0,0
86.00,-2.701,-0.395,0.953,999.00,47.14,0,0
86.10,-2.701,-0.395,0.953,999.00,47.14,0,0
86.20,-2.701,-0.395,0.953,999.00,47.14,0,0
86.30,-2.701,-0.395,0.953,999.00,47.14,0,0
86.40,-2.701,-0.395,0.953,999.00,47.14,0,0
86.50,-2.701,-0.395,0.953,999.00,47.14,0,0
86.60,-2.701,-0.395,0.953,999.00,47.14,0,0
86.70,-2.701,-0.395,0.953,999.00,47.14,0,0
86.80,-2.701,-0.395,0.953,999.00,47.14,0,0
86.90,-2.701,-0.395,0.953,999.00,47.14,0,0
87.00,-2.701,-0.395,0.953,999.00,47.14,0,0
87.10,-2.701,-0.395,0.953,999.00,47.14,0,0
87.20,-2.701,-0.395,0.953,999.00,47.14,0,0
87.30,-2.701,-0.395,0.953,999.00,47.14,0,0
87.40,-2.701,-0.395,0.953,999.00,47.14,0,0
87.50,-2.701,-0.395,0.953,999.00,47.14,0,0
87.60,-2.701,-0.395,0.953,999.00,47.14,0,0
87.70,-2.701,-0.395,0.953,999.00,47.14,0,0
87.80,-2.701,-0.395,0.953,999.00,47.14,0,0
87.90,-2.701,-0.395,0.953,999.00,47.14,0,0
88.00,-2.701,-0.395,0.953,999.00,47.14,0,0
88.10,-2.701,-0.395,0.953,999.00,47.14,0,0
88.20,-2.701,-0.395,0.953,999.00,47.14,0,0
88.30,-2.701,-0.395,0.953,999.00,47.14,0,0
88.40,-2.701,-0.395,0.953,999.00,47.14,0,0
88.50,-2.701,-0.395,0.953,999.00,47.14,0,0
88.60,-2.701,-0.395,0.953,999.00,47.14,0,0
88.70,-2.701,-0.395,0.953,999.00,47.14,0,0
88.80,-2.701,-0.395,0.953,999.00,47.14,0,0
88.90,-2.701,-0.395,0.953,999.00,47.14,0,0
89.00,-2.701,-0.395,0.953,999.00,47.14,0,0
89.10,-2.701,-0.395,0.953,999.00,47.14,0,0
89.20,-2.701,-0.395,0.953,999.00,47.14,0,0
89.30,-2.701,-0.395,0.953,999.00,47.14,0,0
89.40,-2.701,-0.395,0.953,999.00,47.14,0,0
89.50,-2.701,-0.395,0.953,999.00,47.14,0,0
89.60,-2.701,-0.395,0.953,999.00,47.14,0,0
89.70,-2.701,-0.395,0.953,999.00,47.14,0,0
89.80,-2.701,-0.395,0.953,999.00,47.14,0,0
89.90,-2.701,-0.395,0.953,999.00,47.14,0,0
90.00,-2.701,-0.395,0.953,999.00,47.14,0,0
90.10,-2.701,-0.395,0.953,999.00,47.14,0,0
90.20,-2.701,-0.395,0.953,999.00,47.14,0,0
90.30,-2.701,-0.395,0.953,999.00,47.14,0,0
90.40,-2.701,-0.395,0.953,999.00,47.14,0,0
90.50,-2.701,-0.395,0.953,999.00,47.14,0,0
90.60,-2.701,-0.395,0.953,999.00,47.14,0,0
90.71,-2.701,-0.395,0.953,999.00,47.14,0,0
90.80,-2.701,-0.395,0.953,999.00,47.14,0,0
90.90,-2.701,-0.395,0.953,999.00,47.14,0,0
91.00,-2.701,-0.395,0.953,999.00,47.14,0,0
91.10,-2.701,-0.395,0.953,999.00,47.14,0,0
91.20,-2.701,-0.395,0.953,999.00,47.14,0,0
91.30,-2.701,-0.395,0.953,999.00,47.14,0,0
91.40,-2.701,-0.395,0.953,999.00,47.14,0,0
91.50,-2.701,-0.395,0.953,999.00,47.14,0,0
91.60,-2.701,-0.395,0.953,999.00,47.14,0,0
91.70,-2.701,-0.395,0.953,999.00,47.14,0,0
91.80,-2.701,-0.395,0.953,999.00,47.14,0,0
91.90,-2.701,-0.395,0.953,999.00,47.14,0,0
92.00,-2.701,-0.395,0.953,999.00,47.14,0,0
92.10,-2.701,-0.395,0.953,999.00,47.14,0,0
92.20,-2.701,-0.395,0.953,999.00,47.14,0,0
92.30,-2.701,-0.395,0.953,999.00,47.14,0,0
92.40,-2.701,-0.395,0.953,999.00,47.14,0,0
92.50,-2.701,-0.395,0.953,999.00,47.14,0,0
92.60,-2.701,-0.395,0.953,999.00,47.14,0,0
92.70,-2.701,-0.395,0.953,999.00,47.14,0,0
92.80,-2.701,-0.395,0.953,999.00,47.14,0,0
92.90,-2.701,-0.395,0.953,999.00,47.14,0,0
93.00,-2.701,-0.395,0.953,999.00,47.14,0,0
93.10,-2.701,-0.395,0.953,999.00,47.14,0,0
93.20,-2.701,-0.395,0.953,999.00,47.14,0,0
93.30,-2.701,-0.395,0.953,999.00,47.14,0,0
93.40,-2.701,-0.395,0.953,999.00,47.14,0,0
93.50,-2.701,-0.395,0.953,999.00,47.14,0,0
93.60,-2.701,-0.395,0.953,999.00,47.14,0,0
93.70,-2.701,-0.395,0.953,999.00,47.14,0,0
93.80,-2.701,-0.395,0.953,999.00,47.14,0,0
93.90,-2.701,-0.395,0.953,999.00,47.14,0,0
94.00,-2.701,-0.395,0.953,999.00,47.14,0,0
94.10,-2.701,-0.395,0.953,999.00,47.14,0,0
94.20,-2.701,-0.395,0.953,999.00,47.14,0,0
94.30,-2.701,-0.395,0.953,999.00,47.14,0,0
94.40,-2.701,-0.395,0.953,999.00,47.14,0,0
94.50,-2.701,-0.395,0.953,999.00,47.14,0,0
94.60,-2.701,-0.395,0.953,999.00,47.14,0,0
94.70,-2.701,-0.395,0.953,999.00,47.14,0,0
94.80,-2.701,-0.395,0.953,999.00,47.14,0,0
94.90,-2.701,-0.395,0.953,999.00,47.14,0,0
95.00,-2.701,-0.395,0.953,999.00,47.14,0,0
95.10,-2.701,-0.395,0.953,999.00,47.14,0,0
95.20,-2.701,-0.395,0.953,999.00,47.14,0,0
95.30,-2.701,-0.395,0.953,999.00,47.14,0,0
95.40,-2.701,-0.395,0.953,999.00,47.14,0,0
95.50,-2.701,-0.395,0.953,999.00,47.14,0,0
95.60,-2.701,-0.395,0.953,999.00,47.14,0,0
95.70,-2.701,-0.395,0.953,999.00,47.14,0,0
95.80,-2.701,-0.395,0.953,999.00,47.14,0,0
95.90,-2.701,-0.395,0.953,999.00,47.14,0,0
96.00,-2.701,-0.395,0.953,999.00,47.14,0,0
96.10,-2.701,-0.395,0.953,999.00,47.14,0,0
96.20,-2.701,-0.395,0.953,999.00,47.14,0,0
96.30,-2.701,-0.395,0.953,999.00,47.14,0,0
96.40,-2.701,-0.395,0.953,999.00,47.14,0,0
96.51,-2.701,-0.395,0.953,999.00,47.14,0,0
96.60,-2.701,-0.395,0.953,999.00,47.14,0,0
96.70,-2.701,-0.395,0.953,999.00,47.14,0,0
96.80,-2.701,-0.395,0.953,999.00,47.14,0,0
96.90,-2.701,-0.395,0.953,999.00,47.14,0,0
97.00,-2.701,-0.395,0.953,999.00,47.14,0,0
97.10,-2.701,-0.395,0.953,999.00,47.14,0,0
97.20,-2.701,-0.395,0.953,999.00,47.14,0,0
97.30,-2.701,-0.395,0.953,999.00,47.14,0,0
97.40,-2.701,-0.395,0.953,999.00,47.14,0,0
97.50,-2.701,-0.395,0.953,999.00,47.14,0,0
97.60,-2.701,-0.395,0.953,999.00,47.14,0,0
97.70,-2.701,-0.395,0.953,999.00,47.14,0,0
97.80,-2.701,-0.395,0.953,999.00,47.14,0,0
97.90,-2.701,-0.395,0.953,999.00,47.14,0,0
98.00,-2.701,-0.395,0.953,999.00,47.14,0,0
98.10,-2.701,-0.395,0.953,999.00,47.14,0,0
98.20,-2.701,-0.395,0.953,999.00,47.14,0,0
98.30,-2.701,-0.395,0.953,999.00,47.14,0,0
98.40,-2.701,-0.395,0.953,999.00,47.14,0,0
98.50,-2.701,-0.395,0.953,999.00,47.14,0,0
98.60,-2.701,-0.395,0.953,999.00,47.14,0,0
98.70,-2.701,-0.395,0.953,999.00,47.14,0,0
98.80,-2.701,-0.395,0.953,999.00,47.14,0,0
98.90,-2.701,-0.395,0.953,999.00,47.14,0,0
99.00,-2.701,-0.395,0.953,999.00,47.14,0,0
99.10,-2.701,-0.395,0.953,999.00,47.14,0,0
99.20,-2.701,-0.395,0.953,999.00,47.14,0,0
99.30,-2.701,-0.395,0.953,999.00,47.14,0,0
99.40,-2.701,-0.395,0.953,999.00,47.14,0,0
99.50,-2.701,-0.395,0.953,999.00,47.14,0,0
99.60,-2.701,-0.395,0.953,999.00,47.14,0,0
99.70,-2.701,-0.395,0.953,999.00,47.14,0,0
99.80,-2.701,-0.395,0.953,999.00,47.14,0,0
99.90,-2.701,-0.395,0.953,999.00,47.14,0,0
100.00,-2.701,-0.395,0.953,999.00,47.14,0,0
100.10,-2.701,-0.395,0.953,999.00,47.14,0,0
100.20,-2.701,-0.395,0.953,999.00,47.14,0,0
100.30,-2.701,-0.395,0.953,999.00,47.14,0,0
100.40,-2.701,-0.395,0.953,999.00,47.14,0,0
100.50,-2.701,-0.395,0.953,999.00,47.14,0,0
100.60,-2.701,-0.395,0.953,999.00,47.14,0,0
100.70,-2.701,-0.395,0.953,999.00,47.14,0,0
100.80,-2.701,-0.395,0.953,999.00,47.14,0,0
100.90,-2.701,-0.395,0.953,999.00,47.14,0,0
101.00,-2.701,-0.395,0.953,999.00,47.14,0,0
101.10,-2.701,-0.395,0.953,999.00,47.14,0,0
101.20,-2.701,-0.395,0.953,999.00,47.14,0,0
101.30,-2.701,-0.395,0.953,999.00,47.14,0,0
101.40,-2.701,-0.395,0.953,999.00,47.14,0,0
101.50,-2.701,-0.395,0.953,999.00,47.14,0,0
101.60,-2.701,-0.395,0.953,999.00,47.14,0,0
101.70,-2.701,-0.395,0.953,999.00,47.14,0,0
101.80,-2.701,-0.395,0.953,999.00,47.14,0,0
101.90,-2.701,-0.395,0.953,999.00,47.14,0,0
102.00,-2.701,-0.395,0.953,999.00,47.14,0,0
102.10,-2.701,-0.395,0.953,999.00,47.14,0,0
102.20,-2.701,-0.395,0.953,999.00,47.14,0,0
102.30,-2.701,-0.395,0.953,999.00,47.14,0,0
102.40,-2.701,-0.395,0.953,999.00,47.14,0,0
102.50,-2.701,-0.395,0.953,999.00,47.14,0,0
102.60,-2.701,-0.395,0.953,999.00,47.14,0,0
102.70,-2.701,-0.395,0.953,999.00,47.14,0,0
102.80,-2.701,-0.395,0.953,999.00,47.14,0,0
102.90,-2.701,-0.395,0.953,999.00,47.14,0,0
103.00,-2.701,-0.395,0.953,999.00,47.14,0,0
103.10,-2.701,-0.395,0.953,999.00,47.14,0,0
103.20,-2.701,-0.395,0.953,999.00,47.14,0,0
103.30,-2.701,-0.395,0.953,999.00,47.14,0,0
103.40,-2.701,-0.395,0.953,999.00,47.14,0,0
103.50,-2.701,-0.395,0.953,999.00,47.14,0,0
103.60,-2.701,-0.395,0.953,999.00,47.14,0,0
103.70,-2.701,-0.395,0.953,999.00,47.14,0,0
103.80,-2.701,-0.395,0.953,999.00,47.14,0,0
103.90,-2.701,-0.395,0.953,999.00,47.14,0,0
104.00,-2.701,-0.395,0.953,999.00,47.14,0,0
104.10,-2.701,-0.395,0.953,999.00,47.14,0,0
104.20,-2.701,-0.395,0.953,999.00,47.14,0,0
104.30,-2.701,-0.395,0.953,999.00,47.14,0,0
104.40,-2.701,-0.395,0.953,999.00,47.14,0,0
104.50,-2.701,-0.395,0.953,999.00,47.14,0,0
104.60,-2.701,-0.395,0.953,999.00,47.14,0,0
104.70,-2.701,-0.395,0.953,999.00,47.14,0,0
104.80,-2.701,-0.395,0.953,999.00,47.14,0,0
104.90,-2.701,-0.395,0.953,999.00,47.14,0,0
105.00,-2.701,-0.395,0.953,999.00,47.14,0,0
105.10,-2.701,-0.395,0.953,999.00,47.14,0,0
105.20,-2.701,-0.395,0.953,999.00,47.14,0,0
105.30,-2.701,-0.395,0.953,999.00,47.14,0,0
105.40,-2.701,-0.395,0.953,999.00,47.14,0,0
105.50,-2.701,-0.395,0.953,999.00,47.14,0,0
105.60,-2.701,-0.395,0.953,999.00,47.14,0,0
105.70,-2.701,-0.395,0.953,999.00,47.14,0,0
105.80,-2.701,-0.395,0.953,999.00,47.14,0,0
105.90,-2.701,-0.395,0.953,999.00,47.14,0,0
106.00,-2.701,-0.395,0.953,999.00,47.14,0,0
106.10,-2.701,-0.395,0.953,999.00,47.14,0,0
106.20,-2.701,-0.395,0.953,999.00,47.14,0,0
106.30,-2.701,-0.395,0.953,999.00,47.14,0,0
106.40,-2.701,-0.395,0.953,999.00,47.14,0,0
106.50,-2.701,-0.395,0.953,999.00,47.14,0,0
106.60,-2.701,-0.395,0.953,999.00,47.14,0,0
106.70,-2.701,-0.395,0.953,999.00,47.14,0,0
106.80,-2.701,-0.395,0.953,999.00,47.14,0,0
106.90,-2.701,-0.395,0.953,999.00,47.14,0,0
107.00,-2.701,-0.395,0.953,999.00,47.14,0,0
107.10,-2.701,-0.395,0.953,999.00,47.14,0,0
107.20,-2.701,-0.395,0.953,999.00,47.14,0,0
107.30,-2.701,-0.395,0.953,999.00,47.14,0,0
107.40,-2.701,-0.395,0.953,999.00,47.14,0,0
107.51,-2.701,-0.395,0.953,999.00,47.14,0,0
107.60,-2.701,-0.395,0.953,999.00,47.14,0,0
107.70,-2.701,-0.395,0.953,999.00,47.14,0,0
107.80,-2.701,-0.395,0.953,999.00,47.14,0,0
107.90,-2.701,-0.395,0.953,999.00,47.14,0,0
108.00,-2.701,-0.395,0.953,999.00,47.14,0,0
108.10,-2.701,-0.395,0.953,999.00,47.14,0,0
108.20,-2.701,-0.395,0.953,999.00,47.14,0,0
108.30,-2.701,-0.395,0.953,999.00,47.14,0,0
108.40,-2.701,-0.395,0.953,999.00,47.14,0,0
108.50,-2.701,-0.395,0.953,999.00,47.14,0,0
108.60,-2.701,-0.395,0.953,999.00,47.14,0,0
108.70,-2.701,-0.395,0.953,999.00,47.14,0,0
108.80,-2.701,-0.395,0.953,999.00,47.14,0,0
108.90,-2.701,-0.395,0.953,999.00,47.14,0,0
109.00,-2.701,-0.395,0.953,999.00,47.14,0,0
109.10,-2.701,-0.395,0.953,999.00,47.14,0,0
109.20,-2.701,-0.395,0.953,999.00,47.14,0,0
109.30,-2.701,-0.395,0.953,999.00,47.14,0,0
109.40,-2.701,-0.395,0.953,999.00,47.14,0,0
109.50,-2.701,-0.395,0.953,999.00,47.14,0,0
109.60,-2.701,-0.395,0.953,999.00,47.14,0,0
109.70,-2.701,-0.395,0.953,999.00,47.14,0,0
109.80,-2.701,-0.395,0.953,999.00,47.14,0,0
109.90,-2.701,-0.395,0.953,999.00,47.14,0,0
110.00,-2.701,-0.395,0.953,999.00,47.14,0,0
110.10,-2.701,-0.395,0.953,999.00,47.14,0,0
110.20,-2.701,-0.395,0.953,999.00,47.14,0,0
110.30,-2.701,-0.395,0.953,999.00,47.14,0,0
110.40,-2.701,-0.395,0.953,999.00,47.14,0,0
110.50,-2.701,-0.395,0.953,999.00,47.14,0,0
110.60,-2.701,-0.395,0.953,999.00,47.14,0,0
110.70,-2.701,-0.395,0.953,999.00,47.14,0,0
110.80,-2.701,-0.395,0.953,999.00,47.14,0,0
110.90,-2.701,-0.395,0.953,999.00,47.14,0,0
111.00,-2.701,-0.395,0.953,999.00,47.14,0,0
111.10,-2.701,-0.395,0.953,999.00,47.14,0,0
111.20,-2.701,-0.395,0.953,999.00,47.14,0,0
111.30,-2.701,-0.395,0.953,999.00,47.14,0,0
111.40,-2.701,-0.395,0.953,999.00,47.14,0,0
111.50,-2.701,-0.395,0.953,999.00,47.14,0,0
111.61,-2.701,-0.395,0.953,999.00,47.14,0,0
111.70,-2.701,-0.395,0.953,999.00,47.14,0,0
111.80,-2.701,-0.395,0.953,999.00,47.14,0,0
111.90,-2.701,-0.395,0.953,999.00,47.14,0,0
112.00,-2.701,-0.395,0.953,999.00,47.14,0,0
112.10,-2.701,-0.395,0.953,999.00,47.14,0,0
112.20,-2.701,-0.395,0.953,999.00,47.14,0,0
112.30,-2.701,-0.395,0.953,999.00,47.14,0,0
112.40,-2.701,-0.395,0.953,999.00,47.14,0,0
112.50,-2.701,-0.395,0.953,999.00,47.14,0,0
112.60,-2.701,-0.395,0.953,999.00,47.14,0,0
112.70,-2.701,-0.395,0.953,999.00,47.14,0,0
112.80,-2.701,-0.395,0.953,999.00,47.14,0,0
112.90,-2.701,-0.395,0.953,999.00,47.14,0,0
113.00,-2.701,-0.395,0.953,999.00,47.14,0,0
113.10,-2.701,-0.395,0.953,999.00,47.14,0,0
113.20,-2.701,-0.395,0.953,999.00,47.14,0,0
113.30,-2.701,-0.395,0.953,999.00,47.14,0,0
113.40,-2.701,-0.395,0.953,999.00,47.14,0,0
113.50,-2.701,-0.395,0.953,999.00,47.14,0,0
113.60,-2.701,-0.395,0.953,999.00,47.14,0,0
113.70,-2.701,-0.395,0.953,999.00,47.14,0,0
113.80,-2.701,-0.395,0.953,999.00,47.14,0,0
113.90,-2.701,-0.395,0.953,999.00,47.14,0,0
114.00,-2.701,-0.395,0.953,999.00,47.14,0,0
114.10,-2.701,-0.395,0.953,999.00,47.14,0,0
114.20,-2.701,-0.395,0.953,999.00,47.14,0,0
114.30,-2.701,-0.395,0.953,999.00,47.14,0,0
114.40,-2.701,-0.395,0.953,999.00,47.14,0,0
114.50,-2.701,-0.395,0.953,999.00,47.14,0,0
114.60,-2.701,-0.395,0.953,999.00,47.14,0,0
114.70,-2.701,-0.395,0.953,999.00,47.14,0,0
114.80,-2.701,-0.395,0.953,999.00,47.14,0,0
114.90,-2.701,-0.395,0.953,999.00,47.14,0,0
115.00,-2.701,-0.395,0.953,999.00,47.14,0,0
115.10,-2.701,-0.395,0.953,999.00,47.14,0,0
115.20,-2.701,-0.395,0.953,999.00,47.14,0,0
115.30,-2.701,-0.395,0.953,999.00,47.14,0,0
115.40,-2.701,-0.395,0.953,999.00,47.14,0,0
115.51,-2.701,-0.395,0.953,999.00,47.14,0,0
115.60,-2.701,-0.395,0.953,999.00,47.14,0,0
115.70,-2.701,-0.395,0.953,999.00,47.14,0,0
115.80,-2.701,-0.395,0.953,999.00,47.14,0,0
115.90,-2.701,-0.395,0.953,999.00,47.14,0,0
116.00,-2.701,-0.395,0.953,999.00,47.14,0,0
116.10,-2.701,-0.395,0.953,999.00,47.14,0,0
116.20,-2.701,-0.395,0.953,999.00,47.14,0,0
116.30,-2.701,-0.395,0.953,999.00,47.14,0,0
116.40,-2.701,-0.395,0.953,999.00,47.14,0,0
116.50,-2.701,-0.395,0.953,999.00,47.14,0,0
116.60,-2.701,-0.395,0.953,999.00,47.14,0,0
116.70,-2.701,-0.395,0.953,999.00,47.14,0,0
116.80,-2.701,-0.395,0.953,999.00,47.14,0,0
116.90,-2.701,-0.395,0.953,999.00,47.14,0,0
117.00,-2.701,-0.395,0.953,999.00,47.14,0,0
117.10,-2.701,-0.395,0.953,999.00,47.14,0,0
117.20,-2.701,-0.395,0.953,999.00,47.14,0,0
117.31,-2.701,-0.395,0.953,999.00,47.14,0,0
117.40,-2.701,-0.395,0.953,999.00,47.14,0,0
117.50,-2.701,-0.395,0.953,999.00,47.14,0,0
117.60,-2.701,-0.395,0.953,999.00,47.14,0,0
117.70,-2.701,-0.395,0.953,999.00,47.14,0,0
117.80,-2.701,-0.395,0.953,999.00,47.14,0,0
117.90,-2.701,-0.395,0.953,999.00,47.14,0,0
118.01,-2.701,-0.395,0.953,999.00,47.14,0,0
118.10,-2.701,-0.395,0.953,999.00,47.14,0,0
118.20,-2.701,-0.395,0.953,999.00,47.14,0,0
118.30,-2.701,-0.395,0.953,999.00,47.14,0,0
118.40,-2.701,-0.395,0.953,999.00,47.14,0,0
118.50,-2.701,-0.395,0.953,999.00,47.14,0,0
118.60,-2.701,-0.395,0.953,999.00,47.14,0,0
118.70,-2.701,-0.395,0.953,999.00,47.14,0,0
118.80,-2.701,-0.395,0.953,999.00,47.14,0,0
118.90,-2.701,-0.395,0.953,999.00,47.14,0,0
119.00,-2.701,-0.395,0.953,999.00,47.14,0,0
119.10,-2.701,-0.395,0.953,999.00,47.14,0,0
119.20,-2.701,-0.395,0.953,999.00,47.14,0,0
119.30,-2.701,-0.395,0.953,999.00,47.14,0,0
119.40,-2.701,-0.395,0.953,999.00,47.14,0,0
119.50,-2.701,-0.395,0.953,999.00,47.14,0,0
119.60,-2.701,-0.395,0.953,999.00,47.14,0,0
119.70,-2.701,-0.395,0.953,999.00,47.14,0,0
119.80,-2.701,-0.395,0.953,999.00,47.14,0,0
119.90,-2.701,-0.395,0.953,999.00,47.14,0,0
120.00,-2.701,-0.395,0.953,999.00,47.14,0,0
120.10,-2.701,-0.395,0.953,999.00,47.14,0,0
120.20,-2.701,-0.395,0.953,999.00,47.14,0,0
120.30,-2.701,-0.395,0.953,999.00,47.14,0,0
120.40,-2.701,-0.395,0.953,999.00,47.14,0,0
120.50,-2.701,-0.395,0.953,999.00,47.14,0,0
120.60,-2.701,-0.395,0.953,999.00,47.14,0,0
120.70,-2.701,-0.395,0.953,999.00,47.14,0,0
120.80,-2.701,-0.395,0.953,999.00,47.14,0,0
120.90,-2.701,-0.395,0.953,999.00,47.14,0,0
121.00,-2.701,-0.395,0.953,999.00,47.14,0,0
121.10,-2.701,-0.395,0.953,999.00,47.14,0,0
121.20,-2.701,-0.395,0.953,999.00,47.14,0,0
121.30,-2.701,-0.395,0.953,999.00,47.14,0,0
121.40,-2.701,-0.395,0.953,999.00,47.14,0,0
121.50,-2.701,-0.395,0.953,999.00,47.14,0,0
121.60,-2.701,-0.395,0.953,999.00,47.14,0,0
121.70,-2.701,-0.395,0.953,999.00,47.14,0,0
121.80,-2.701,-0.395,0.953,999.00,47.14,0,0
121.90,-2.701,-0.395,0.953,999.00,47.14,0,0
122.00,-2.701,-0.395,0.953,999.00,47.14,0,0
122.10,-2.701,-0.395,0.953,999.00,47.14,0,0
122.20,-2.701,-0.395,0.953,999.00,47.14,0,0
122.30,-2.701,-0.395,0.953,999.00,47.14,0,0
122.40,-2.701,-0.395,0.953,999.00,47.14,0,0
122.50,-2.701,-0.395,0.953,999.00,47.14,0,0
122.60,-2.701,-0.395,0.953,999.00,47.14,0,0
122.70,-2.701,-0.395,0.953,999.00,47.14,0,0
122.80,-2.701,-0.395,0.953,999.00,47.14,0,0
122.90,-2.701,-0.395,0.953,999.00,47.14,0,0
123.00,-2.701,-0.395,0.953,999.00,47.14,0,0
123.10,-2.701,-0.395,0.953,999.00,47.14,0,0
123.20,-2.701,-0.395,0.953,999.00,47.14,0,0
123.30,-2.701,-0.395,0.953,999.00,47.14,0,0
123.40,-2.701,-0.395,0.953,999.00,47.14,0,0
123.50,-2.701,-0.395,0.953,999.00,47.14,0,0
123.60,-2.701,-0.395,0.953,999.00,47.14,0,0
123.70,-2.701,-0.395,0.953,999.00,47.14,0,0
123.80,-2.701,-0.395,0.953,999.00,47.14,0,0
123.90,-2.701,-0.395,0.953,999.00,47.14,0,0
124.00,-2.701,-0.395,0.953,999.00,47.14,0,0
124.10,-2.701,-0.395,0.953,999.00,47.14,0,0
124.20,-2.701,-0.395,0.953,999.00,47.14,0,0
124.30,-2.701,-0.395,0.953,999.00,47.14,0,0
124.40,-2.701,-0.395,0.953,999.00,47.14,0,0
124.50,-2.701,-0.395,0.953,999.00,47.14,0,0
124.60,-2.701,-0.395,0.953,999.00,47.14,0,0
124.70,-2.701,-0.395,0.953,999.00,47.14,0,0
124.80,-2.701,-0.395,0.953,999.00,47.14,0,0
124.90,-2.701,-0.395,0.953,999.00,47.14,0,0
125.00,-2.701,-0.395,0.953,999.00,47.14,0,0
125.10,-2.701,-0.395,0.953,999.00,47.14,0,0
125.20,-2.701,-0.395,0.953,999.00,47.14,0,0
125.30,-2.701,-0.395,0.953,999.00,47.14,0,0
125.40,-2.701,-0.395,0.953,999.00,47.14,0,0
125.50,-2.701,-0.395,0.953,999.00,47.14,0,0
125.60,-2.701,-0.395,0.953,999.00,47.14,0,0
125.70,-2.701,-0.395,0.953,999.00,47.14,0,0
125.80,-2.701,-0.395,0.953,999.00,47.14,0,0
125.90,-2.701,-0.395,0.953,999.00,47.14,0,0
126.00,-2.701,-0.395,0.953,999.00,47.14,0,0
126.10,-2.701,-0.395,0.953,999.00,47.14,0,0
126.21,-2.701,-0.395,0.953,999.00,47.14,0,0
126.30,-2.701,-0.395,0.953,999.00,47.14,0,0
126.40,-2.701,-0.395,0.953,999.00,47.14,0,0
126.50,-2.701,-0.395,0.953,999.00,47.14,0,0
126.60,-2.701,-0.395,0.953,999.00,47.14,0,0
126.70,-2.701,-0.395,0.953,999.00,47.14,0,0
126.81,-2.701,-0.395,0.953,999.00,47.14,0,0
126.90,-2.701,-0.395,0.953,999.00,47.14,0,0
127.00,-2.701,-0.395,0.953,999.00,47.14,0,0
127.10,-2.701,-0.395,0.953,999.00,47.14,0,0
127.20,-2.701,-0.395,0.953,999.00,47.14,0,0
127.30,-2.701,-0.395,0.953,999.00,47.14,0,0
127.40,-2.701,-0.395,0.953,999.00,47.14,0,0
127.50,-2.701,-0.395,0.953,999.00,47.14,0,0
127.61,-2.701,-0.395,0.953,999.00,47.14,0,0
127.70,-2.701,-0.395,0.953,999.00,47.14,0,0
127.81,-2.701,-0.395,0.953,999.00,47.14,0,0
127.90,-2.701,-0.395,0.953,999.00,47.14,0,0
128.00,-2.701,-0.395,0.953,999.00,47.14,0,0
128.10,-2.701,-0.395,0.953,999.00,47.14,0,0
128.20,-2.701,-0.395,0.953,999.00,47.14,0,0
128.30,-2.701,-0.395,0.953,999.00,47.14,0,0
128.40,-2.701,-0.395,0.953,999.00,47.14,0,0
128.50,-2.701,-0.395,0.953,999.00,47.14,0,0
128.60,-2.701,-0.395,0.953,999.00,47.14,0,0
128.70,-2.701,-0.395,0.953,999.00,47.14,0,0
128.80,-2.701,-0.395,0.953,999.00,47.14,0,0
128.90,-2.701,-0.395,0.953,999.00,47.14,0,0
129.00,-2.701,-0.395,0.953,999.00,47.14,0,0
129.10,-2.701,-0.395,0.953,999.00,47.14,0,0
129.20,-2.701,-0.395,0.953,999.00,47.14,0,0
129.30,-2.701,-0.395,0.953,999.00,47.14,0,0
129.40,-2.701,-0.395,0.953,999.00,47.14,0,0
129.50,-2.701,-0.395,0.953,999.00,47.14,0,0
129.60,-2.701,-0.395,0.953,999.00,47.14,0,0
129.70,-2.701,-0.395,0.953,999.00,47.14,0,0
129.80,-2.701,-0.395,0.953,999.00,47.14,0,0
129.90,-2.701,-0.395,0.953,999.00,47.14,0,0
130.00,-2.701,-0.395,0.953,999.00,47.14,0,0
130.10,-2.701,-0.395,0.953,999.00,47.14,0,0
130.21,-2.701,-0.395,0.953,999.00,47.14,0,0
130.30,-2.701,-0.395,0.953,999.00,47.14,0,0
130.40,-2.701,-0.395,0.953,999.00,47.14,0,0
130.50,-2.701,-0.395,0.953,999.00,47.14,0,0
130.60,-2.701,-0.395,0.953,999.00,47.14,0,0
130.70,-2.701,-0.395,0.953,999.00,47.14,0,0
130.80,-2.701,-0.395,0.953,999.00,47.14,0,0
130.90,-2.701,-0.395,0.953,999.00,47.14,0,0
131.00,-2.701,-0.395,0.953,999.00,47.14,0,0
131.10,-2.701,-0.395,0.953,999.00,47.14,0,0
131.20,-2.701,-0.395,0.953,999.00,47.14,0,0
131.30,-2.701,-0.395,0.953,999.00,47.14,0,0
131.40,-2.701,-0.395,0.953,999.00,47.14,0,0
131.50,-2.701,-0.395,0.953,999.00,47.14,0,0
131.60,-2.701,-0.395,0.953,999.00,47.14,0,0
131.70,-2.701,-0.395,0.953,999.00,47.14,0,0
131.80,-2.701,-0.395,0.953,999.00,47.14,0,0
131.90,-2.701,-0.395,0.953,999.00,47.14,0,0
132.00,-2.701,-0.395,0.953,999.00,47.14,0,0
132.10,-2.701,-0.395,0.953,999.00,47.14,0,0
132.20,-2.701,-0.395,0.953,999.00,47.14,0,0
132.30,-2.701,-0.395,0.953,999.00,47.14,0,0
132.40,-2.701,-0.395,0.953,999.00,47.14,0,0
132.50,-2.701,-0.395,0.953,999.00,47.14,0,0
132.61,-2.701,-0.395,0.953,999.00,47.14,0,0
132.70,-2.701,-0.395,0.953,999.00,47.14,0,0
132.80,-2.701,-0.395,0.953,999.00,47.14,0,0
132.90,-2.701,-0.395,0.953,999.00,47.14,0,0
133.00,-2.701,-0.395,0.953,999.00,47.14,0,0
133.10,-2.701,-0.395,0.953,999.00,47.14,0,0
133.20,-2.701,-0.395,0.953,999.00,47.14,0,0
133.30,-2.701,-0.395,0.953,999.00,47.14,0,0
133.40,-2.701,-0.395,0.953,999.00,47.14,0,0
133.50,-2.701,-0.395,0.953,999.00,47.14,0,0
133.60,-2.701,-0.395,0.953,999.00,47.14,0,0
133.70,-2.701,-0.395,0.953,999.00,47.14,0,0
133.80,-2.701,-0.395,0.953,999.00,47.14,0,0
133.90,-2.701,-0.395,0.953,999.00,47.14,0,0
134.00,-2.701,-0.395,0.953,999.00,47.14,0,0
134.10,-2.701,-0.395,0.953,999.00,47.14,0,0
134.20,-2.701,-0.395,0.953,999.00,47.14,0,0
134.30,-2.701,-0.395,0.953,999.00,47.14,0,0
134.40,-2.701,-0.395,0.953,999.00,47.14,0,0
134.50,-2.701,-0.395,0.953,999.00,47.14,0,0
134.60,-2.701,-0.395,0.953,999.00,47.14,0,0
134.70,-2.701,-0.395,0.953,999.00,47.14,0,0
134.80,-2.701,-0.395,0.953,999.00,47.14,0,0
134.90,-2.701,-0.395,0.953,999.00,47.14,0,0
135.00,-2.701,-0.395,0.953,999.00,47.14,0,0
135.10,-2.701,-0.395,0.953,999.00,47.14,0,0
135.20,-2.701,-0.395,0.953,999.00,47.14,0,0
135.30,-2.701,-0.395,0.953,999.00,47.14,0,0
135.40,-2.701,-0.395,0.953,999.00,47.14,0,0
135.50,-2.701,-0.395,0.953,999.00,47.14,0,0
135.60,-2.701,-0.395,0.953,999.00,47.14,0,0
135.70,-2.701,-0.395,0.953,999.00,47.14,0,0
135.80,-2.701,-0.395,0.953,999.00,47.14,0,0
135.90,-2.701,-0.395,0.953,999.00,47.14,0,0
136.00,-2.701,-0.395,0.953,999.00,47.14,0,0
136.10,-2.701,-0.395,0.953,999.00,47.14,0,0
136.20,-2.701,-0.395,0.953,999.00,47.14,0,0
136.30,-2.701,-0.395,0.953,999.00,47.14,0,0
136.40,-2.701,-0.395,0.953,999.00,47.14,0,0
136.50,-2.701,-0.395,0.953,999.00,47.14,0,0
136.60,-2.701,-0.395,0.953,999.00,47.14,0,0
136.70,-2.701,-0.395,0.953,999.00,47.14,0,0
136.81,-2.701,-0.395,0.953,999.00,47.14,0,0
136.90,-2.701,-0.395,0.953,999.00,47.14,0,0
137.00,-2.701,-0.395,0.953,999.00,47.14,0,0
137.10,-2.701,-0.395,0.953,999.00,47.14,0,0
137.20,-2.701,-0.395,0.953,999.00,47.14,0,0
137.30,-2.701,-0.395,0.953,999.00,47.14,0,0
137.40,-2.701,-0.395,0.953,999.00,47.14,0,0
137.50,-2.701,-0.395,0.953,999.00,47.14,0,0
137.60,-2.701,-0.395,0.953,999.00,47.14,0,0
137.70,-2.701,-0.395,0.953,999.00,47.14,0,0
137.80,-2.701,-0.395,0.953,999.00,47.14,0,0
137.90,-2.701,-0.395,0.953,999.00,47.14,0,0
138.00,-2.701,-0.395,0.953,999.00,47.14,0,0
138.10,-2.701,-0.395,0.953,999.00,47.14,0,0
138.20,-2.701,-0.395,0.953,999.00,47.14,0,0
138.30,-2.701,-0.395,0.953,999.00,47.14,0,0
138.40,-2.701,-0.395,0.953,999.00,47.14,0,0
138.50,-2.701,-0.395,0.953,999.00,47.14,0,0
138.60,-2.701,-0.395,0.953,999.00,47.14,0,0
138.70,-2.701,-0.395,0.953,999.00,47.14,0,0
138.80,-2.701,-0.395,0.953,999.00,47.14,0,0
138.90,-2.701,-0.395,0.953,999.00,47.14,0,0
139.01,-2.701,-0.395,0.953,999.00,47.14,0,0
139.10,-2.701,-0.395,0.953,999.00,47.14,0,0
139.20,-2.701,-0.395,0.953,999.00,47.14,0,0
139.30,-2.701,-0.395,0.953,999.00,47.14,0,0
139.40,-2.701,-0.395,0.953,999.00,47.14,0,0
139.50,-2.701,-0.395,0.953,999.00,47.14,0,0
139.60,-2.701,-0.395,0.953,999.00,47.14,0,0
139.70,-2.701,-0.395,0.953,999.00,47.14,0,0
139.80,-2.701,-0.395,0.953,999.00,47.14,0,0
139.90,-2.701,-0.395,0.953,999.00,47.14,0,0
140.00,-2.701,-0.395,0.953,999.00,47.14,0,0
140.10,-2.701,-0.395,0.953,999.00,47.14,0,0
140.20,-2.701,-0.395,0.953,999.00,47.14,0,0
140.30,-2.701,-0.395,0.953,999.00,47.14,0,0
140.40,-2.701,-0.395,0.953,999.00,47.14,0,0
140.50,-2.701,-0.395,0.953,999.00,47.14,0,0
140.60,-2.701,-0.395,0.953,999.00,47.14,0,0
140.71,-2.701,-0.395,0.953,999.00,47.14,0,0
140.80,-2.701,-0.395,0.953,999.00,47.14,0,0
140.90,-2.701,-0.395,0.953,999.00,47.14,0,0
141.00,-2.701,-0.395,0.953,999.00,47.14,0,0
141.10,-2.701,-0.395,0.953,999.00,47.14,0,0
141.20,-2.701,-0.395,0.953,999.00,47.14,0,0
141.30,-2.701,-0.395,0.953,999.00,47.14,0,0
141.40,-2.701,-0.395,0.953,999.00,47.14,0,0
141.50,-2.701,-0.395,0.953,999.00,47.14,0,0
141.60,-2.701,-0.395,0.953,999.00,47.14,0,0
141.70,-2.701,-0.395,0.953,999.00,47.14,0,0
141.80,-2.701,-0.395,0.953,999.00,47.14,0,0
141.90,-2.701,-0.395,0.953,999.00,47.14,0,0
142.00,-2.701,-0.395,0.953,999.00,47.14,0,0
142.10,-2.701,-0.395,0.953,999.00,47.14,0,0
142.20,-2.701,-0.395,0.953,999.00,47.14,0,0
142.30,-2.701,-0.395,0.953,999.00,47.14,0,0
142.40,-2.701,-0.395,0.953,999.00,47.14,0,0
142.50,-2.701,-0.395,0.953,999.00,47.14,0,0
142.60,-2.701,-0.395,0.953,999.00,47.14,0,0
142.70,-2.701,-0.395,0.953,999.00,47.14,0,0
142.80,-2.701,-0.395,0.953,999.00,47.14,0,0
142.90,-2.701,-0.395,0.953,999.00,47.14,0,0
143.00,-2.701,-0.395,0.953,999.00,47.14,0,0
143.10,-2.701,-0.395,0.953,999.00,47.14,0,0
143.20,-2.701,-0.395,0.953,999.00,47.14,0,0
143.30,-2.701,-0.395,0.953,999.00,47.14,0,0
143.40,-2.701,-0.395,0.953,999.00,47.14,0,0
143.50,-2.701,-0.395,0.953,999.00,47.14,0,0
143.60,-2.701,-0.395,0.953,999.00,47.14,0,0
143.70,-2.701,-0.395,0.953,999.00,47.14,0,0
143.80,-2.701,-0.395,0.953,999.00,47.14,0,0
143.90,-2.701,-0.395,0.953,999.00,47.14,0,0
144.00,-2.701,-0.395,0.953,999.00,47.14,0,0
144.10,-2.701,-0.395,0.953,999.00,47.14,0,0
144.20,-2.701,-0.395,0.953,999.00,47.14,0,0
144.30,-2.701,-0.395,0.953,999.00,47.14,0,0
144.40,-2.701,-0.395,0.953,999.00,47.14,0,0
144.50,-2.701,-0.395,0.953,999.00,47.14,0,0
144.60,-2.701,-0.395,0.953,999.00,47.14,0,0
144.70,-2.701,-0.395,0.953,999.00,47.14,0,0
144.80,-2.701,-0.395,0.953,999.00,47.14,0,0
144.90,-2.701,-0.395,0.953,999.00,47.14,0,0
145.00,-2.701,-0.395,0.953,999.00,47.14,0,0
145.10,-2.701,-0.395,0.953,999.00,47.14,0,0
145.21,-2.701,-0.395,0.953,999.00,47.14,0,0
145.30,-2.701,-0.395,0.953,999.00,47.14,0,0
145.40,-2.701,-0.395,0.953,999.00,47.14,0,0
145.50,-2.701,-0.395,0.953,999.00,47.14,0,0
145.60,-2.701,-0.395,0.953,999.00,47.14,0,0
145.70,-2.701,-0.395,0.953,999.00,47.14,0,0
145.80,-2.701,-0.395,0.953,999.00,47.14,0,0
145.90,-2.701,-0.395,0.953,999.00,47.14,0,0
146.00,-2.701,-0.395,0.953,999.00,47.14,0,0
146.10,-2.701,-0.395,0.953,999.00,47.14,0,0
146.20,-2.701,-0.395,0.953,999.00,47.14,0,0
146.30,-2.701,-0.395,0.953,999.00,47.14,0,0
146.40,-2.701,-0.395,0.953,999.00,47.14,0,0
146.50,-2.701,-0.395,0.953,999.00,47.14,0,0
146.60,-2.701,-0.395,0.953,999.00,47.14,0,0
146.70,-2.701,-0.395,0.953,999.00,47.14,0,0
146.80,-2.701,-0.395,0.953,999.00,47.14,0,0
146.90,-2.701,-0.395,0.953,999.00,47.14,0,0
147.00,-2.701,-0.395,0.953,999.00,47.14,0,0
147.10,-2.701,-0.395,0.953,999.00,47.14,0,0
147.20,-2.701,-0.395,0.953,999.00,47.14,0,0
147.30,-2.701,-0.395,0.953,999.00,47.14,0,0
147.40,-2.701,-0.395,0.953,999.00,47.14,0,0
147.50,-2.701,-0.395,0.953,999.00,47.14,0,0
147.60,-2.701,-0.395,0.953,999.00,47.14,0,0
147.70,-2.701,-0.395,0.953,999.00,47.14,0,0
147.80,-2.701,-0.395,0.953,999.00,47.14,0,0
147.90,-2.701,-0.395,0.953,999.00,47.14,0,0
148.00,-2.701,-0.395,0.953,999.00,47.14,0,0
148.10,-2.701,-0.395,0.953,999.00,47.14,0,0
148.20,-2.701,-0.395,0.953,999.00,47.14,0,0
148.30,-2.701,-0.395,0.953,999.00,47.14,0,0
148.40,-2.701,-0.395,0.953,999.00,47.14,0,0
148.50,-2.701,-0.395,0.953,999.00,47.14,0,0
148.60,-2.701,-0.395,0.953,999.00,47.14,0,0
148.70,-2.701,-0.395,0.953,999.00,47.14,0,0
148.80,-2.701,-0.395,0.953,999.00,47.14,0,0
148.90,-2.701,-0.395,0.953,999.00,47.14,0,0
149.00,-2.701,-0.395,0.953,999.00,47.14,0,0
149.10,-2.701,-0.395,0.953,999.00,47.14,0,0
149.20,-2.701,-0.395,0.953,999.00,47.14,0,0
149.30,-2.701,-0.395,0.953,999.00,47.14,0,0
149.40,-2.701,-0.395,0.953,999.00,47.14,0,0
149.50,-2.701,-0.395,0.953,999.00,47.14,0,0
149.60,-2.701,-0.395,0.953,999.00,47.14,0,0
149.70,-2.701,-0.395,0.953,999.00,47.14,0,0
149.80,-2.701,-0.395,0.953,999.00,47.14,0,0
149.90,-2.701,-0.395,0.953,999.00,47.14,0,0
150.00,-2.701,-0.395,0.953,999.00,47.14,0,0
150.10,-2.701,-0.395,0.953,999.00,47.14,0,0
150.20,-2.701,-0.395,0.953,999.00,47.14,0,0
150.30,-2.701,-0.395,0.953,999.00,47.14,0,0
150.40,-2.701,-0.395,0.953,999.00,47.14,0,0
150.50,-2.701,-0.395,0.953,999.00,47.14,0,0
150.60,-2.701,-0.395,0.953,999.00,47.14,0,0
150.70,-2.701,-0.395,0.953,999.00,47.14,0,0
150.80,-2.701,-0.395,0.953,999.00,47.14,0,0
150.90,-2.701,-0.395,0.953,999.00,47.14,0,0
151.00,-2.701,-0.395,0.953,999.00,47.14,0,0
151.10,-2.701,-0.395,0.953,999.00,47.14,0,0
151.20,-2.701,-0.395,0.953,999.00,47.14,0,0
151.30,-2.701,-0.395,0.953,999.00,47.14,0,0
151.40,-2.701,-0.395,0.953,999.00,47.14,0,0
151.50,-2.701,-0.395,0.953,999.00,47.14,0,0
151.60,-2.701,-0.395,0.953,999.00,47.14,0,0
151.70,-2.701,-0.395,0.953,999.00,47.14,0,0
151.80,-2.701,-0.395,0.953,999.00,47.14,0,0
151.90,-2.701,-0.395,0.953,999.00,47.14,0,0
152.00,-2.701,-0.395,0.953,999.00,47.14,0,0
152.10,-2.701,-0.395,0.953,999.00,47.14,0,0
152.20,-2.701,-0.395,0.953,999.00,47.14,0,0
152.30,-2.701,-0.395,0.953,999.00,47.14,0,0
152.40,-2.701,-0.395,0.953,999.00,47.14,0,0
152.50,-2.701,-0.395,0.953,999.00,47.14,0,0
152.60,-2.701,-0.395,0.953,999.00,47.14,0,0
152.70,-2.701,-0.395,0.953,999.00,47.14,0,0
152.80,-2.701,-0.395,0.953,999.00,47.14,0,0
152.90,-2.701,-0.395,0.953,999.00,47.14,0,0
153.00,-2.701,-0.395,0.953,999.00,47.14,0,0
153.10,-2.701,-0.395,0.953,999.00,47.14,0,0
153.20,-2.701,-0.395,0.953,999.00,47.14,0,0
153.30,-2.701,-0.395,0.953,999.00,47.14,0,0
153.40,-2.701,-0.395,0.953,999.00,47.14,0,0
153.50,-2.701,-0.395,0.953,999.00,47.14,0,0
153.60,-2.701,-0.395,0.953,999.00,47.14,0,0
153.70,-2.701,-0.395,0.953,999.00,47.14,0,0
153.80,-2.701,-0.395,0.953,999.00,47.14,0,0
153.90,-2.701,-0.395,0.953,999.00,47.14,0,0
154.00,-2.701,-0.395,0.953,999.00,47.14,0,0
154.10,-2.701,-0.395,0.953,999.00,47.14,0,0
154.20,-2.701,-0.395,0.953,999.00,47.14,0,0
154.30,-2.701,-0.395,0.953,999.00,47.14,0,0
154.40,-2.701,-0.395,0.953,999.00,47.14,0,0
154.50,-2.701,-0.395,0.953,999.00,47.14,0,0
154.60,-2.701,-0.395,0.953,999.00,47.14,0,0
154.70,-2.701,-0.395,0.953,999.00,47.14,0,0
154.80,-2.701,-0.395,0.953,999.00,47.14,0,0
154.90,-2.701,-0.395,0.953,999.00,47.14,0,0
155.00,-2.701,-0.395,0.953,999.00,47.14,0,0
155.10,-2.701,-0.395,0.953,999.00,47.14,0,0
155.20,-2.701,-0.395,0.953,999.00,47.14,0,0
155.30,-2.701,-0.395,0.953,999.00,47.14,0,0
155.40,-2.701,-0.395,0.953,999.00,47.14,0,0
155.50,-2.701,-0.395,0.953,999.00,47.14,0,0
155.60,-2.701,-0.395,0.953,999.00,47.14,0,0
155.70,-2.701,-0.395,0.953,999.00,47.14,0,0
155.80,-2.701,-0.395,0.953,999.00,47.14,0,0
155.90,-2.701,-0.395,0.953,999.00,47.14,0,0
156.00,-2.701,-0.395,0.953,999.00,47.14,0,0
156.10,-2.701,-0.395,0.953,999.00,47.14,0,0
156.20,-2.701,-0.395,0.953,999.00,47.14,0,0
156.30,-2.701,-0.395,0.953,999.00,47.14,0,0
156.40,-2.701,-0.395,0.953,999.00,47.14,0,0
156.50,-2.701,-0.395,0.953,999.00,47.14,0,0
156.60,-2.701,-0.395,0.953,999.00,47.14,0,0
156.70,-2.701,-0.395,0.953,999.00,47.14,0,0
156.80,-2.701,-0.395,0.953,999.00,47.14,0,0
156.90,-2.701,-0.395,0.953,999.00,47.14,0,0
157.00,-2.701,-0.395,0.953,999.00,47.14,0,0
157.10,-2.701,-0.395,0.953,999.00,47.14,0,0
157.20,-2.701,-0.395,0.953,999.00,47.14,0,0
157.30,-2.701,-0.395,0.953,999.00,47.14,0,0
157.40,-2.701,-0.395,0.953,999.00,47.14,0,0
157.50,-2.701,-0.395,0.953,999.00,47.14,0,0
157.60,-2.701,-0.395,0.953,999.00,47.14,0,0
157.70,-2.701,-0.395,0.953,999.00,47.14,0,0
157.80,-2.701,-0.395,0.953,999.00,47.14,0,0
157.90,-2.701,-0.395,0.953,999.00,47.14,0,0
158.00,-2.701,-0.395,0.953,999.00,47.14,0,0
158.10,-2.701,-0.395,0.953,999.00,47.14,0,0
158.20,-2.701,-0.395,0.953,999.00,47.14,0,0
158.30,-2.701,-0.395,0.953,999.00,47.14,0,0
158.40,-2.701,-0.395,0.953,999.00,47.14,0,0
158.50,-2.701,-0.395,0.953,999.00,47.14,0,0
158.60,-2.701,-0.395,0.953,999.00,47.14,0,0
158.70,-2.701,-0.395,0.953,999.00,47.14,0,0
158.80,-2.701,-0.395,0.953,999.00,47.14,0,0
158.90,-2.701,-0.395,0.953,999.00,47.14,0,0
159.00,-2.701,-0.395,0.953,999.00,47.14,0,0
159.10,-2.701,-0.395,0.953,999.00,47.14,0,0
159.20,-2.701,-0.395,0.953,999.00,47.14,0,0
159.30,-2.701,-0.395,0.953,999.00,47.14,0,0
159.40,-2.701,-0.395,0.953,999.00,47.14,0,0
159.50,-2.701,-0.395,0.953,999.00,47.14,0,0
159.60,-2.701,-0.395,0.953,999.00,47.14,0,0
159.70,-2.701,-0.395,0.953,999.00,47.14,0,0
159.80,-2.701,-0.395,0.953,999.00,47.14,0,0
159.90,-2.701,-0.395,0.953,999.00,47.14,0,0
160.00,-2.701,-0.395,0.953,999.00,47.14,0,0
160.10,-2.701,-0.395,0.953,999.00,47.14,0,0
160.20,-2.701,-0.395,0.953,999.00,47.14,0,0
160.30,-2.701,-0.395,0.953,999.00,47.14,0,0
160.40,-2.701,-0.395,0.953,999.00,47.14,0,0
160.50,-2.701,-0.395,0.953,999.00,47.14,0,0
160.60,-2.701,-0.395,0.953,999.00,47.14,0,0
160.70,-2.701,-0.395,0.953,999.00,47.14,0,0
160.80,-2.701,-0.395,0.953,999.00,47.14,0,0
160.90,-2.701,-0.395,0.953,999.00,47.14,0,0
161.00,-2.701,-0.395,0.953,999.00,47.14,0,0
161.10,-2.701,-0.395,0.953,999.00,47.14,0,0
161.20,-2.701,-0.395,0.953,999.00,47.14,0,0
161.30,-2.701,-0.395,0.953,999.00,47.14,0,0
161.40,-2.701,-0.395,0.953,999.00,47.14,0,0
161.50,-2.701,-0.395,0.953,999.00,47.14,0,0
161.60,-2.701,-0.395,0.953,999.00,47.14,0,0
161.70,-2.701,-0.395,0.953,999.00,47.14,0,0
161.80,-2.701,-0.395,0.953,999.00,47.14,0,0
161.90,-2.701,-0.395,0.953,999.00,47.14,0,0
162.00,-2.701,-0.395,0.953,999.00,47.14,0,0
162.10,-2.701,-0.395,0.953,999.00,47.14,0,0
162.20,-2.701,-0.395,0.953,999.00,47.14,0,0
162.30,-2.701,-0.395,0.953,999.00,47.14,0,0
162.40,-2.701,-0.395,0.953,999.00,47.14,0,0
162.50,-2.701,-0.395,0.953,999.00,47.14,0,0
162.60,-2.701,-0.395,0.953,999.00,47.14,0,0
162.70,-2.701,-0.395,0.953,999.00,47.14,0,0
162.80,-2.701,-0.395,0.953,999.00,47.14,0,0
162.90,-2.701,-0.395,0.953,999.00,47.14,0,0
163.00,-2.701,-0.395,0.953,999.00,47.14,0,0
163.10,-2.701,-0.395,0.953,999.00,47.14,0,0
163.20,-2.701,-0.395,0.953,999.00,47.14,0,0
163.30,-2.701,-0.395,0.953,999.00,47.14,0,0
163.40,-2.701,-0.395,0.953,999.00,47.14,0,0
163.50,-2.701,-0.395,0.953,999.00,47.14,0,0
163.60,-2.701,-0.395,0.953,999.00,47.14,0,0
163.71,-2.701,-0.395,0.953,999.00,47.14,0,0
163.80,-2.701,-0.395,0.953,999.00,47.14,0,0
163.90,-2.701,-0.395,0.953,999.00,47.14,0,0
164.00,-2.701,-0.395,0.953,999.00,47.14,0,0
164.10,-2.701,-0.395,0.953,999.00,47.14,0,0
164.20,-2.701,-0.395,0.953,999.00,47.14,0,0
164.30,-2.701,-0.395,0.953,999.00,47.14,0,0
164.40,-2.701,-0.395,0.953,999.00,47.14,0,0
164.50,-2.701,-0.395,0.953,999.00,47.14,0,0
164.60,-2.701,-0.395,0.953,999.00,47.14,0,0
164.70,-2.701,-0.395,0.953,999.00,47.14,0,0
164.80,-2.701,-0.395,0.953,999.00,47.14,0,0
164.90,-2.701,-0.395,0.953,999.00,47.14,0,0
165.00,-2.701,-0.395,0.953,999.00,47.14,0,0
165.10,-2.701,-0.395,0.953,999.00,47.14,0,0
165.20,-2.701,-0.395,0.953,999.00,47.14,0,0
165.30,-2.701,-0.395,0.953,999.00,47.14,0,0
165.40,-2.701,-0.395,0.953,999.00,47.14,0,0
165.50,-2.701,-0.395,0.953,999.00,47.14,0,0
165.60,-2.701,-0.395,0.953,999.00,47.14,0,0
165.70,-2.701,-0.395,0.953,999.00,47.14,0,0
165.80,-2.701,-0.395,0.953,999.00,47.14,0,0
165.90,-2.701,-0.395,0.953,999.00,47.14,0,0
166.00,-2.701,-0.395,0.953,999.00,47.14,0,0
166.10,-2.701,-0.395,0.953,999.00,47.14,0,0
166.20,-2.701,-0.395,0.953,999.00,47.14,0,0
166.30,-2.701,-0.395,0.953,999.00,47.14,0,0
166.40,-2.701,-0.395,0.953,999.00,47.14,0,0
166.50,-2.701,-0.395,0.953,999.00,47.14,0,0
166.60,-2.701,-0.395,0.953,999.00,47.14,0,0
166.70,-2.701,-0.395,0.953,999.00,47.14,0,0
166.81,-2.701,-0.395,0.953,999.00,47.14,0,0
166.90,-2.701,-0.395,0.953,999.00,47.14,0,0
167.00,-2.701,-0.395,0.953,999.00,47.14,0,0
167.10,-2.701,-0.395,0.953,999.00,47.14,0,0
167.20,-2.701,-0.395,0.953,999.00,47.14,0,0
167.30,-2.701,-0.395,0.953,999.00,47.14,0,0
167.40,-2.701,-0.395,0.953,999.00,47.14,0,0
167.50,-2.701,-0.395,0.953,999.00,47.14,0,0
167.60,-2.701,-0.395,0.953,999.00,47.14,0,0
167.70,-2.701,-0.395,0.953,999.00,47.14,0,0
167.80,-2.701,-0.395,0.953,999.00,47.14,0,0
167.90,-2.701,-0.395,0.953,999.00,47.14,0,0
168.00,-2.701,-0.395,0.953,999.00,47.14,0,0
168.10,-2.701,-0.395,0.953,999.00,47.14,0,0
168.20,-2.701,-0.395,0.953,999.00,47.14,0,0
168.30,-2.701,-0.395,0.953,999.00,47.14,0,0
168.40,-2.701,-0.395,0.953,999.00,47.14,0,0
168.50,-2.701,-0.395,0.953,999.00,47.14,0,0
168.60,-2.701,-0.395,0.953,999.00,47.14,0,0
168.70,-2.701,-0.395,0.953,999.00,47.14,0,0
168.80,-2.701,-0.395,0.953,999.00,47.14,0,0
168.90,-2.701,-0.395,0.953,999.00,47.14,0,0
169.00,-2.701,-0.395,0.953,999.00,47.14,0,0
169.10,-2.701,-0.395,0.953,999.00,47.14,0,0
169.20,-2.701,-0.395,0.953,999.00,47.14,0,0
169.31,-2.701,-0.395,0.953,999.00,47.14,0,0
169.40,-2.701,-0.395,0.953,999.00,47.14,0,0
169.50,-2.701,-0.395,0.953,999.00,47.14,0,0
169.60,-2.701,-0.395,0.953,999.00,47.14,0,0
169.70,-2.701,-0.395,0.953,999.00,47.14,0,0
169.80,-2.701,-0.395,0.953,999.00,47.14,0,0
169.90,-2.701,-0.395,0.953,999.00,47.14,0,0
170.00,-2.701,-0.395,0.953,999.00,47.14,0,0
170.10,-2.701,-0.395,0.953,999.00,47.14,0,0
170.20,-2.701,-0.395,0.953,999.00,47.14,0,0
170.30,-2.701,-0.395,0.953,999.00,47.14,0,0
170.40,-2.701,-0.395,0.953,999.00,47.14,0,0
170.50,-2.701,-0.395,0.953,999.00,47.14,0,0
170.60,-2.701,-0.395,0.953,999.00,47.14,0,0
170.70,-2.701,-0.395,0.953,999.00,47.14,0,0
170.80,-2.701,-0.395,0.953,999.00,47.14,0,0
170.90,-2.701,-0.395,0.953,999.00,47.14,0,0
171.00,-2.701,-0.395,0.953,999.00,47.14,0,0
171.10,-2.701,-0.395,0.953,999.00,47.14,0,0
171.20,-2.701,-0.395,0.953,999.00,47.14,0,0
171.31,-2.701,-0.395,0.953,999.00,47.14,0,0
171.40,-2.701,-0.395,0.953,999.00,47.14,0,0
171.50,-2.701,-0.395,0.953,999.00,47.14,0,0
171.60,-2.701,-0.395,0.953,999.00,47.14,0,0
171.70,-2.701,-0.395,0.953,999.00,47.14,0,0
171.80,-2.701,-0.395,0.953,999.00,47.14,0,0
171.90,-2.701,-0.395,0.953,999.00,47.14,0,0
172.00,-2.701,-0.395,0.953,999.00,47.14,0,0
172.10,-2.701,-0.395,0.953,999.00,47.14,0,0
172.20,-2.701,-0.395,0.953,999.00,47.14,0,0
172.30,-2.701,-0.395,0.953,999.00,47.14,0,0
172.40,-2.701,-0.395,0.953,999.00,47.14,0,0
172.50,-2.701,-0.395,0.953,999.00,47.14,0,0
172.60,-2.701,-0.395,0.953,999.00,47.14,0,0
172.72,-2.701,-0.395,0.953,999.00,47.14,0,0
172.80,-2.701,-0.395,0.953,999.00,47.14,0,0
172.90,-2.701,-0.395,0.953,999.00,47.14,0,0
173.00,-2.701,-0.395,0.953,999.00,47.14,0,0
173.10,-2.701,-0.395,0.953,999.00,47.14,0,0
173.20,-2.701,-0.395,0.953,999.00,47.14,0,0
173.30,-2.701,-0.395,0.953,999.00,47.14,0,0
173.40,-2.701,-0.395,0.953,999.00,47.14,0,0
173.50,-2.701,-0.395,0.953,999.00,47.14,0,0
173.60,-2.701,-0.395,0.953,999.00,47.14,0,0
173.70,-2.701,-0.395,0.953,999.00,47.14,0,0
173.80,-2.701,-0.395,0.953,999.00,47.14,0,0
173.90,-2.701,-0.395,0.953,999.00,47.14,0,0
174.00,-2.701,-0.395,0.953,999.00,47.14,0,0
174.10,-2.701,-0.395,0.953,999.00,47.14,0,0
174.20,-2.701,-0.395,0.953,999.00,47.14,0,0
174.30,-2.701,-0.395,0.953,999.00,47.14,0,0
174.40,-2.701,-0.395,0.953,999.00,47.14,0,0
174.50,-2.701,-0.395,0.953,999.00,47.14,0,0
174.60,-2.701,-0.395,0.953,999.00,47.14,0,0
174.70,-2.701,-0.395,0.953,999.00,47.14,0,0
174.80,-2.701,-0.395,0.953,999.00,47.14,0,0
174.90,-2.701,-0.395,0.953,999.00,47.14,0,0
175.00,-2.701,-0.395,0.953,999.00,47.14,0,0
175.10,-2.701,-0.395,0.953,999.00,47.14,0,0
175.20,-2.701,-0.395,0.953,999.00,47.14,0,0
175.30,-2.701,-0.395,0.953,999.00,47.14,0,0
175.40,-2.701,-0.395,0.953,999.00,47.14,0,0
175.50,-2.701,-0.395,0.953,999.00,47.14,0,0
175.60,-2.701,-0.395,0.953,999.00,47.14,0,0
175.70,-2.701,-0.395,0.953,999.00,47.14,0,0
175.80,-2.701,-0.395,0.953,999.00,47.14,0,0
175.90,-2.701,-0.395,0.953,999.00,47.14,0,0
176.00,-2.701,-0.395,0.953,999.00,47.14,0,0
176.10,-2.701,-0.395,0.953,999.00,47.14,0,0
176.21,-2.701,-0.395,0.953,999.00,47.14,0,0
176.30,-2.701,-0.395,0.953,999.00,47.14,0,0
176.40,-2.701,-0.395,0.953,999.00,47.14,0,0
176.50,-2.701,-0.395,0.953,999.00,47.14,0,0
176.60,-2.701,-0.395,0.953,999.00,47.14,0,0
176.70,-2.701,-0.395,0.953,999.00,47.14,0,0
176.80,-2.701,-0.395,0.953,999.00,47.14,0,0
176.90,-2.701,-0.395,0.953,999.00,47.14,0,0
177.00,-2.701,-0.395,0.953,999.00,47.14,0,0
177.10,-2.701,-0.395,0.953,999.00,47.14,0,0
177.20,-2.701,-0.395,0.953,999.00,47.14,0,0
177.30,-2.701,-0.395,0.953,999.00,47.14,0,0
177.40,-2.701,-0.395,0.953,999.00,47.14,0,0
177.50,-2.701,-0.395,0.953,999.00,47.14,0,0
177.60,-2.701,-0.395,0.953,999.00,47.14,0,0
177.70,-2.701,-0.395,0.953,999.00,47.14,0,0
177.80,-2.701,-0.395,0.953,999.00,47.14,0,0
177.90,-2.701,-0.395,0.953,999.00,47.14,0,0
178.00,-2.701,-0.395,0.953,999.00,47.14,0,0
178.10,-2.701,-0.395,0.953,999.00,47.14,0,0
178.20,-2.701,-0.395,0.953,999.00,47.14,0,0
178.30,-2.701,-0.395,0.953,999.00,47.14,0,0
178.40,-2.701,-0.395,0.953,999.00,47.14,0,0
178.50,-2.701,-0.395,0.953,999.00,47.14,0,0
178.60,-2.701,-0.395,0.953,999.00,47.14,0,0
178.70,-2.701,-0.395,0.953,999.00,47.14,0,0
178.80,-2.701,-0.395,0.953,999.00,47.14,0,0
178.90,-2.701,-0.395,0.953,999.00,47.14,0,0
179.00,-2.701,-0.395,0.953,999.00,47.14,0,0
179.10,-2.701,-0.395,0.953,999.00,47.14,0,0
179.20,-2.701,-0.395,0.953,999.00,47.14,0,0
179.30,-2.701,-0.395,0.953,999.00,47.14,0,0
179.40,-2.701,-0.395,0.953,999.00,47.14,0,0
179.50,-2.701,-0.395,0.953,999.00,47.14,0,0
179.60,-2.701,-0.395,0.953,999.00,47.14,0,0
179.70,-2.701,-0.395,0.953,999.00,47.14,0,0
179.80,-2.701,-0.395,0.953,999.00,47.14,0,0
179.90,-2.701,-0.395,0.953,999.00,47.14,0,0
180.00,-2.701,-0.395,0.953,999.00,47.14,0,0
180.10,-2.701,-0.395,0.953,999.00,47.14,0,0
180.20,-2.701,-0.395,0.953,999.00,47.14,0,0
180.30,-2.701,-0.395,0.953,999.00,47.14,0,0
180.40,-2.701,-0.395,0.953,999.00,47.14,0,0
180.50,-2.701,-0.395,0.953,999.00,47.14,0,0
180.60,-2.701,-0.395,0.953,999.00,47.14,0,0
180.70,-2.701,-0.395,0.953,999.00,47.14,0,0
180.80,-2.701,-0.395,0.953,999.00,47.14,0,0
180.90,-2.701,-0.395,0.953,999.00,47.14,0,0
181.00,-2.701,-0.395,0.953,999.00,47.14,0,0
181.10,-2.701,-0.395,0.953,999.00,47.14,0,0
181.20,-2.701,-0.395,0.953,999.00,47.14,0,0
181.30,-2.701,-0.395,0.953,999.00,47.14,0,0
181.40,-2.701,-0.395,0.953,999.00,47.14,0,0
181.50,-2.701,-0.395,0.953,999.00,47.14,0,0
181.60,-2.701,-0.395,0.953,999.00,47.14,0,0
181.70,-2.701,-0.395,0.953,999.00,47.14,0,0
181.80,-2.701,-0.395,0.953,999.00,47.14,0,0
181.90,-2.701,-0.395,0.953,999.00,47.14,0,0
182.00,-2.701,-0.395,0.953,999.00,47.14,0,0
182.10,-2.701,-0.395,0.953,999.00,47.14,0,0
182.20,-2.701,-0.395,0.953,999.00,47.14,0,0
182.30,-2.701,-0.395,0.953,999.00,47.14,0,0
182.40,-2.701,-0.395,0.953,999.00,47.14,0,0
182.50,-2.701,-0.395,0.953,999.00,47.14,0,0
182.60,-2.701,-0.395,0.953,999.00,47.14,0,0
182.70,-2.701,-0.395,0.953,999.00,47.14,0,0
182.80,-2.701,-0.395,0.953,999.00,47.14,0,0
182.90,-2.701,-0.395,0.953,999.00,47.14,0,0
183.00,-2.701,-0.395,0.953,999.00,47.14,0,0
183.10,-2.701,-0.395,0.953,999.00,47.14,0,0
183.20,-2.701,-0.395,0.953,999.00,47.14,0,0
183.30,-2.701,-0.395,0.953,999.00,47.14,0,0
183.40,-2.701,-0.395,0.953,999.00,47.14,0,0
183.50,-2.701,-0.395,0.953,999.00,47.14,0,0
183.60,-2.701,-0.395,0.953,999.00,47.14,0,0
183.70,-2.701,-0.395,0.953,999.00,47.14,0,0
183.80,-2.701,-0.395,0.953,999.00,47.14,0,0
183.90,-2.701,-0.395,0.953,999.00,47.14,0,0
184.00,-2.701,-0.395,0.953,999.00,47.14,0,0
184.10,-2.701,-0.395,0.953,999.00,47.14,0,0
184.20,-2.701,-0.395,0.953,999.00,47.14,0,0
184.30,-2.701,-0.395,0.953,999.00,47.14,0,0
184.40,-2.701,-0.395,0.953,999.00,47.14,0,0
184.50,-2.701,-0.395,0.953,999.00,47.14,0,0
184.60,-2.701,-0.395,0.953,999.00,47.14,0,0
184.70,-2.701,-0.395,0.953,999.00,47.14,0,0
184.80,-2.701,-0.395,0.953,999.00,47.14,0,0
184.90,-2.701,-0.395,0.953,999.00,47.14,0,0
185.00,-2.701,-0.395,0.953,999.00,47.14,0,0
185.10,-2.701,-0.395,0.953,999.00,47.14,0,0
185.20,-2.701,-0.395,0.953,999.00,47.14,0,0
185.30,-2.701,-0.395,0.953,999.00,47.14,0,0
185.40,-2.701,-0.395,0.953,999.00,47.14,0,0
185.50,-2.701,-0.395,0.953,999.00,47.14,0,0
185.60,-2.701,-0.395,0.953,999.00,47.14,0,0
185.70,-2.701,-0.395,0.953,999.00,47.14,0,0
185.80,-2.701,-0.395,0.953,999.00,47.14,0,0
185.90,-2.701,-0.395,0.953,999.00,47.14,0,0
186.00,-2.701,-0.395,0.953,999.00,47.14,0,0
186.10,-2.701,-0.395,0.953,999.00,47.14,0,0
186.20,-2.701,-0.395,0.953,999.00,47.14,0,0
186.30,-2.701,-0.395,0.953,999.00,47.14,0,0
186.40,-2.701,-0.395,0.953,999.00,47.14,0,0
186.50,-2.701,-0.395,0.953,999.00,47.14,0,0
186.60,-2.701,-0.395,0.953,999.00,47.14,0,0
186.70,-2.701,-0.395,0.953,999.00,47.14,0,0
186.80,-2.701,-0.395,0.953,999.00,47.14,0,0
186.90,-2.701,-0.395,0.953,999.00,47.14,0,0
187.00,-2.701,-0.395,0.953,999.00,47.14,0,0
187.10,-2.701,-0.395,0.953,999.00,47.14,0,0
187.20,-2.701,-0.395,0.953,999.00,47.14,0,0
187.30,-2.701,-0.395,0.953,999.00,47.14,0,0
187.40,-2.701,-0.395,0.953,999.00,47.14,0,0
187.50,-2.701,-0.395,0.953,999.00,47.14,0,0
187.60,-2.701,-0.395,0.953,999.00,47.14,0,0
187.70,-2.701,-0.395,0.953,999.00,47.14,0,0
187.80,-2.701,-0.395,0.953,999.00,47.14,0,0
187.90,-2.701,-0.395,0.953,999.00,47.14,0,0
188.00,-2.701,-0.395,0.953,999.00,47.14,0,0
188.10,-2.701,-0.395,0.953,999.00,47.14,0,0
188.20,-2.701,-0.395,0.953,999.00,47.14,0,0
188.30,-2.701,-0.395,0.953,999.00,47.14,0,0
188.40,-2.701,-0.395,0.953,999.00,47.14,0,0
188.50,-2.701,-0.395,0.953,999.00,47.14,0,0
188.60,-2.701,-0.395,0.953,999.00,47.14,0,0
188.70,-2.701,-0.395,0.953,999.00,47.14,0,0
188.80,-2.701,-0.395,0.953,999.00,47.14,0,0
188.90,-2.701,-0.395,0.953,999.00,47.14,0,0
189.00,-2.701,-0.395,0.953,999.00,47.14,0,0
189.10,-2.701,-0.395,0.953,999.00,47.14,0,0
189.20,-2.701,-0.395,0.953,999.00,47.14,0,0
189.31,-2.701,-0.395,0.953,999.00,47.14,0,0
189.40,-2.701,-0.395,0.953,999.00,47.14,0,0
189.50,-2.701,-0.395,0.953,999.00,47.14,0,0
189.60,-2.701,-0.395,0.953,999.00,47.14,0,0
189.70,-2.701,-0.395,0.953,999.00,47.14,0,0
189.80,-2.701,-0.395,0.953,999.00,47.14,0,0
189.90,-2.701,-0.395,0.953,999.00,47.14,0,0
190.00,-2.701,-0.395,0.953,999.00,47.14,0,0
190.11,-2.701,-0.395,0.953,999.00,47.14,0,0
190.20,-2.701,-0.395,0.953,999.00,47.14,0,0
190.31,-2.701,-0.395,0.953,999.00,47.14,0,0
190.40,-2.701,-0.395,0.953,999.00,47.14,0,0
190.50,-2.701,-0.395,0.953,999.00,47.14,0,0
190.60,-2.701,-0.395,0.953,999.00,47.14,0,0
190.70,-2.701,-0.395,0.953,999.00,47.14,0,0
190.80,-2.701,-0.395,0.953,999.00,47.14,0,0
190.91,-2.701,-0.395,0.953,999.00,47.14,0,0
191.00,-2.701,-0.395,0.953,999.00,47.14,0,0
191.10,-2.701,-0.395,0.953,999.00,47.14,0,0
191.20,-2.701,-0.395,0.953,999.00,47.14,0,0
191.30,-2.701,-0.395,0.953,999.00,47.14,0,0
191.40,-2.701,-0.395,0.953,999.00,47.14,0,0
191.50,-2.701,-0.395,0.953,999.00,47.14,0,0
191.60,-2.701,-0.395,0.953,999.00,47.14,0,0
191.70,-2.701,-0.395,0.953,999.00,47.14,0,0
191.80,-2.701,-0.395,0.953,999.00,47.14,0,0
191.90,-2.701,-0.395,0.953,999.00,47.14,0,0
192.00,-2.701,-0.395,0.953,999.00,47.14,0,0
192.10,-2.701,-0.395,0.953,999.00,47.14,0,0
192.20,-2.701,-0.395,0.953,999.00,47.14,0,0
192.30,-2.701,-0.395,0.953,999.00,47.14,0,0
192.40,-2.701,-0.395,0.953,999.00,47.14,0,0
192.50,-2.701,-0.395,0.953,999.00,47.14,0,0
192.60,-2.701,-0.395,0.953,999.00,47.14,0,0
192.70,-2.701,-0.395,0.953,999.00,47.14,0,0
192.80,-2.701,-0.395,0.953,999.00,47.14,0,0
192.90,-2.701,-0.395,0.953,999.00,47.14,0,0
193.00,-2.701,-0.395,0.953,999.00,47.14,0,0
193.10,-2.701,-0.395,0.953,999.00,47.14,0,0
193.20,-2.701,-0.395,0.953,999.00,47.14,0,0
193.30,-2.701,-0.395,0.953,999.00,47.14,0,0
193.40,-2.701,-0.395,0.953,999.00,47.14,0,0
193.50,-2.701,-0.395,0.953,999.00,47.14,0,0
193.60,-2.701,-0.395,0.953,999.00,47.14,0,0
193.70,-2.701,-0.395,0.953,999.00,47.14,0,0
193.80,-2.701,-0.395,0.953,999.00,47.14,0,0
193.90,-2.701,-0.395,0.953,999.00,47.14,0,0
194.00,-2.701,-0.395,0.953,999.00,47.14,0,0
194.10,-2.701,-0.395,0.953,999.00,47.14,0,0
194.20,-2.701,-0.395,0.953,999.00,47.14,0,0
194.30,-2.701,-0.395,0.953,999.00,47.14,0,0
194.40,-2.701,-0.395,0.953,999.00,47.14,0,0
194.50,-2.701,-0.395,0.953,999.00,47.14,0,0
194.60,-2.701,-0.395,0.953,999.00,47.14,0,0
194.70,-2.701,-0.395,0.953,999.00,47.14,0,0
194.80,-2.701,-0.395,0.953,999.00,47.14,0,0
194.90,-2.701,-0.395,0.953,999.00,47.14,0,0
195.00,-2.701,-0.395,0.953,999.00,47.14,0,0
195.10,-2.701,-0.395,0.953,999.00,47.14,0,0
195.20,-2.701,-0.395,0.953,999.00,47.14,0,0
195.30,-2.701,-0.395,0.953,999.00,47.14,0,0
195.40,-2.701,-0.395,0.953,999.00,47.14,0,0
195.50,-2.701,-0.395,0.953,999.00,47.14,0,0
195.60,-2.701,-0.395,0.953,999.00,47.14,0,0
195.70,-2.701,-0.395,0.953,999.00,47.14,0,0
195.80,-2.701,-0.395,0.953,999.00,47.14,0,0
195.90,-2.701,-0.395,0.953,999.00,47.14,0,0
196.00,-2.701,-0.395,0.953,999.00,47.14,0,0
196.10,-2.701,-0.395,0.953,999.00,47.14,0,0
196.20,-2.701,-0.395,0.953,999.00,47.14,0,0
196.30,-2.701,-0.395,0.953,999.00,47.14,0,0
196.40,-2.701,-0.395,0.953,999.00,47.14,0,0
196.50,-2.701,-0.395,0.953,999.00,47.14,0,0
196.60,-2.701,-0.395,0.953,999.00,47.14,0,0
196.70,-2.701,-0.395,0.953,999.00,47.14,0,0
196.80,-2.701,-0.395,0.953,999.00,47.14,0,0
196.90,-2.701,-0.395,0.953,999.00,47.14,0,0
197.00,-2.701,-0.395,0.953,999.00,47.14,0,0
197.10,-2.701,-0.395,0.953,999.00,47.14,0,0
197.20,-2.701,-0.395,0.953,999.00,47.14,0,0
197.30,-2.701,-0.395,0.953,999.00,47.14,0,0
197.40,-2.701,-0.395,0.953,999.00,47.14,0,0
197.50,-2.701,-0.395,0.953,999.00,47.14,0,0
197.60,-2.701,-0.395,0.953,999.00,47.14,0,0
197.70,-2.701,-0.395,0.953,999.00,47.14,0,0
197.80,-2.701,-0.395,0.953,999.00,47.14,0,0
197.90,-2.701,-0.395,0.953,999.00,47.14,0,0
198.00,-2.701,-0.395,0.953,999.00,47.14,0,0
198.10,-2.701,-0.395,0.953,999.00,47.14,0,0
198.20,-2.701,-0.395,0.953,999.00,47.14,0,0
198.30,-2.701,-0.395,0.953,999.00,47.14,0,0
198.40,-2.701,-0.395,0.953,999.00,47.14,0,0
198.50,-2.701,-0.395,0.953,999.00,47.14,0,0
198.60,-2.701,-0.395,0.953,999.00,47.14,0,0
198.70,-2.701,-0.395,0.953,999.00,47.14,0,0
198.80,-2.701,-0.395,0.953,999.00,47.14,0,0
198.90,-2.701,-0.395,0.953,999.00,47.14,0,0
199.00,-2.701,-0.395,0.953,999.00,47.14,0,0
199.10,-2.701,-0.395,0.953,999.00,47.14,0,0
199.20,-2.701,-0.395,0.953,999.00,47.14,0,0
199.31,-2.701,-0.395,0.953,999.00,47.14,0,0
199.40,-2.701,-0.395,0.953,999.00,47.14,0,0
199.50,-2.701,-0.395,0.953,999.00,47.14,0,0
199.60,-2.701,-0.395,0.953,999.00,47.14,0,0
199.70,-2.701,-0.395,0.953,999.00,47.14,0,0
199.80,-2.701,-0.395,0.953,999.00,47.14,0,0
199.90,-2.701,-0.395,0.953,999.00,47.14,0,0
200.00,-2.701,-0.395,0.953,999.00,47.14,0,0
200.10,-2.701,-0.395,0.953,999.00,47.14,0,0
200.20,-2.701,-0.395,0.953,999.00,47.14,0,0
200.30,-2.701,-0.395,0.953,999.00,47.14,0,0
200.40,-2.701,-0.395,0.953,999.00,47.14,0,0
200.50,-2.701,-0.395,0.953,999.00,47.14,0,0
200.60,-2.701,-0.395,0.953,999.00,47.14,0,0
200.70,-2.701,-0.395,0.953,999.00,47.14,0,0
200.80,-2.701,-0.395,0.953,999.00,47.14,0,0
200.90,-2.701,-0.395,0.953,999.00,47.14,0,0
201.00,-2.701,-0.395,0.953,999.00,47.14,0,0
201.10,-2.701,-0.395,0.953,999.00,47.14,0,0
201.20,-2.701,-0.395,0.953,999.00,47.14,0,0
201.30,-2.701,-0.395,0.953,999.00,47.14,0,0
201.40,-2.701,-0.395,0.953,999.00,47.14,0,0
201.50,-2.701,-0.395,0.953,999.00,47.14,0,0
201.60,-2.701,-0.395,0.953,999.00,47.14,0,0
201.70,-2.701,-0.395,0.953,999.00,47.14,0,0
201.80,-2.701,-0.395,0.953,999.00,47.14,0,0
201.90,-2.701,-0.395,0.953,999.00,47.14,0,0
202.00,-2.701,-0.395,0.953,999.00,47.14,0,0
202.10,-2.701,-0.395,0.953,999.00,47.14,0,0
202.20,-2.701,-0.395,0.953,999.00,47.14,0,0
202.31,-2.701,-0.395,0.953,999.00,47.14,0,0
202.40,-2.701,-0.395,0.953,999.00,47.14,0,0
202.50,-2.701,-0.395,0.953,999.00,47.14,0,0
202.60,-2.701,-0.395,0.953,999.00,47.14,0,0
202.70,-2.701,-0.395,0.953,999.00,47.14,0,0
202.80,-2.701,-0.395,0.953,999.00,47.14,0,0
202.90,-2.701,-0.395,0.953,999.00,47.14,0,0
203.00,-2.701,-0.395,0.953,999.00,47.14,0,0
203.11,-2.701,-0.395,0.953,999.00,47.14,0,0
203.20,-2.701,-0.395,0.953,999.00,47.14,0,0
203.30,-2.701,-0.395,0.953,999.00,47.14,0,0
203.40,-2.701,-0.395,0.953,999.00,47.14,0,0
203.50,-2.701,-0.395,0.953,999.00,47.14,0,0
203.60,-2.701,-0.395,0.953,999.00,47.14,0,0
203.70,-2.701,-0.395,0.953,999.00,47.14,0,0
203.80,-2.701,-0.395,0.953,999.00,47.14,0,0
203.90,-2.701,-0.395,0.953,999.00,47.14,0,0
204.00,-2.701,-0.395,0.953,999.00,47.14,0,0
204.10,-2.701,-0.395,0.953,999.00,47.14,0,0
204.20,-2.701,-0.395,0.953,999.00,47.14,0,0
204.30,-2.701,-0.395,0.953,999.00,47.14,0,0
204.40,-2.701,-0.395,0.953,999.00,47.14,0,0
204.50,-2.701,-0.395,0.953,999.00,47.14,0,0
204.60,-2.701,-0.395,0.953,999.00,47.14,0,0
204.70,-2.701,-0.395,0.953,999.00,47.14,0,0
204.80,-2.701,-0.395,0.953,999.00,47.14,0,0
204.90,-2.701,-0.395,0.953,999.00,47.14,0,0
205.00,-2.701,-0.395,0.953,999.00,47.14,0,0
205.10,-2.701,-0.395,0.953,999.00,47.14,0,0
205.20,-2.701,-0.395,0.953,999.00,47.14,0,0
205.30,-2.701,-0.395,0.953,999.00,47.14,0,0
205.40,-2.701,-0.395,0.953,999.00,47.14,0,0
205.50,-2.701,-0.395,0.953,999.00,47.14,0,0
205.60,-2.701,-0.395,0.953,999.00,47.14,0,0
205.70,-2.701,-0.395,0.953,999.00,47.14,0,0
205.80,-2.701,-0.395,0.953,999.00,47.14,0,0
205.90,-2.701,-0.395,0.953,999.00,47.14,0,0
206.00,-2.701,-0.395,0.953,999.00,47.14,0,0
206.10,-2.701,-0.395,0.953,999.00,47.14,0,0
206.20,-2.701,-0.395,0.953,999.00,47.14,0,0
206.30,-2.701,-0.395,0.953,999.00,47.14,0,0
206.40,-2.701,-0.395,0.953,999.00,47.14,0,0
206.50,-2.701,-0.395,0.953,999.00,47.14,0,0
206.60,-2.701,-0.395,0.953,999.00,47.14,0,0
206.70,-2.701,-0.395,0.953,999.00,47.14,0,0
206.80,-2.701,-0.395,0.953,999.00,47.14,0,0
206.90,-2.701,-0.395,0.953,999.00,47.14,0,0
207.00,-2.701,-0.395,0.953,999.00,47.14,0,0
207.10,-2.701,-0.395,0.953,999.00,47.14,0,0
207.20,-2.701,-0.395,0.953,999.00,47.14,0,0
207.30,-2.701,-0.395,0.953,999.00,47.14,0,0
207.40,-2.701,-0.395,0.953,999.00,47.14,0,0
207.50,-2.701,-0.395,0.953,999.00,47.14,0,0
207.60,-2.701,-0.395,0.953,999.00,47.14,0,0
207.70,-2.701,-0.395,0.953,999.00,47.14,0,0
207.80,-2.701,-0.395,0.953,999.00,47.14,0,0
207.90,-2.701,-0.395,0.953,999.00,47.14,0,0
208.00,-2.701,-0.395,0.953,999.00,47.14,0,0
208.10,-2.701,-0.395,0.953,999.00,47.14,0,0
208.20,-2.701,-0.395,0.953,999.00,47.14,0,0
208.30,-2.701,-0.395,0.953,999.00,47.14,0,0
208.40,-2.701,-0.395,0.953,999.00,47.14,0,0
208.50,-2.701,-0.395,0.953,999.00,47.14,0,0
208.60,-2.701,-0.395,0.953,999.00,47.14,0,0
208.70,-2.701,-0.395,0.953,999.00,47.14,0,0
208.80,-2.701,-0.395,0.953,999.00,47.14,0,0
208.90,-2.701,-0.395,0.953,999.00,47.14,0,0
209.00,-2.701,-0.395,0.953,999.00,47.14,0,0
209.10,-2.701,-0.395,0.953,999.00,47.14,0,0
209.20,-2.701,-0.395,0.953,999.00,47.14,0,0
209.30,-2.701,-0.395,0.953,999.00,47.14,0,0
209.40,-2.701,-0.395,0.953,999.00,47.14,0,0
209.50,-2.701,-0.395,0.953,999.00,47.14,0,0
209.60,-2.701,-0.395,0.953,999.00,47.14,0,0
209.70,-2.701,-0.395,0.953,999.00,47.14,0,0
209.80,-2.701,-0.395,0.953,999.00,47.14,0,0
209.90,-2.701,-0.395,0.953,999.00,47.14,0,0
210.00,-2.701,-0.395,0.953,999.00,47.14,0,0
210.10,-2.701,-0.395,0.953,999.00,47.14,0,0
210.20,-2.701,-0.395,0.953,999.00,47.14,0,0
210.30,-2.701,-0.395,0.953,999.00,47.14,0,0
210.40,-2.701,-0.395,0.953,999.00,47.14,0,0
210.50,-2.701,-0.395,0.953,999.00,47.14,0,0
210.60,-2.701,-0.395,0.953,999.00,47.14,0,0
210.70,-2.701,-0.395,0.953,999.00,47.14,0,0
210.80,-2.701,-0.395,0.953,999.00,47.14,0,0
210.90,-2.701,-0.395,0.953,999.00,47.14,0,0
211.00,-2.701,-0.395,0.953,999.00,47.14,0,0
211.10,-2.701,-0.395,0.953,999.00,47.14,0,0
211.20,-2.701,-0.395,0.953,999.00,47.14,0,0
211.30,-2.701,-0.395,0.953,999.00,47.14,0,0
211.40,-2.701,-0.395,0.953,999.00,47.14,0,0
211.50,-2.701,-0.395,0.953,999.00,47.14,0,0
211.60,-2.701,-0.395,0.953,999.00,47.14,0,0
211.70,-2.701,-0.395,0.953,999.00,47.14,0,0
211.80,-2.701,-0.395,0.953,999.00,47.14,0,0
211.90,-2.701,-0.395,0.953,999.00,47.14,0,0
212.00,-2.701,-0.395,0.953,999.00,47.14,0,0
212.10,-2.701,-0.395,0.953,999.00,47.14,0,0
212.20,-2.701,-0.395,0.953,999.00,47.14,0,0
212.30,-2.701,-0.395,0.953,999.00,47.14,0,0
212.40,-2.701,-0.395,0.953,999.00,47.14,0,0
212.50,-2.701,-0.395,0.953,999.00,47.14,0,0
212.60,-2.701,-0.395,0.953,999.00,47.14,0,0
212.70,-2.701,-0.395,0.953,999.00,47.14,0,0
212.80,-2.701,-0.395,0.953,999.00,47.14,0,0
212.90,-2.701,-0.395,0.953,999.00,47.14,0,0
213.00,-2.701,-0.395,0.953,999.00,47.14,0,0
213.10,-2.701,-0.395,0.953,999.00,47.14,0,0
213.20,-2.701,-0.395,0.953,999.00,47.14,0,0
213.30,-2.701,-0.395,0.953,999.00,47.14,0,0
213.40,-2.701,-0.395,0.953,999.00,47.14,0,0
213.50,-2.701,-0.395,0.953,999.00,47.14,0,0
213.60,-2.701,-0.395,0.953,999.00,47.14,0,0
213.70,-2.701,-0.395,0.953,999.00,47.14,0,0
213.80,-2.701,-0.395,0.953,999.00,47.14,0,0
213.90,-2.701,-0.395,0.953,999.00,47.14,0,0
214.00,-2.701,-0.395,0.953,999.00,47.14,0,0
214.10,-2.701,-0.395,0.953,999.00,47.14,0,0
214.20,-2.701,-0.395,0.953,999.00,47.14,0,0
214.30,-2.701,-0.395,0.953,999.00,47.14,0,0
214.40,-2.701,-0.395,0.953,999.00,47.14,0,0
214.51,-2.701,-0.395,0.953,999.00,47.14,0,0
214.60,-2.701,-0.395,0.953,999.00,47.14,0,0
214.70,-2.701,-0.395,0.953,999.00,47.14,0,0
214.80,-2.701,-0.395,0.953,999.00,47.14,0,0
214.90,-2.701,-0.395,0.953,999.00,47.14,0,0
215.00,-2.701,-0.395,0.953,999.00,47.14,0,0
215.10,-2.701,-0.395,0.953,999.00,47.14,0,0
215.20,-2.701,-0.395,0.953,999.00,47.14,0,0
215.30,-2.701,-0.395,0.953,999.00,47.14,0,0
215.40,-2.701,-0.395,0.953,999.00,47.14,0,0
215.50,-2.701,-0.395,0.953,999.00,47.14,0,0
215.60,-2.701,-0.395,0.953,999.00,47.14,0,0
215.70,-2.701,-0.395,0.953,999.00,47.14,0,0
215.80,-2.701,-0.395,0.953,999.00,47.14,0,0
215.90,-2.701,-0.395,0.953,999.00,47.14,0,0
216.00,-2.701,-0.395,0.953,999.00,47.14,0,0
216.10,-2.701,-0.395,0.953,999.00,47.14,0,0
216.20,-2.701,-0.395,0.953,999.00,47.14,0,0
216.30,-2.701,-0.395,0.953,999.00,47.14,0,0
216.40,-2.701,-0.395,0.953,999.00,47.14,0,0
216.50,-2.701,-0.395,0.953,999.00,47.14,0,0
216.60,-2.701,-0.395,0.953,999.00,47.14,0,0
216.70,-2.701,-0.395,0.953,999.00,47.14,0,0
216.80,-2.701,-0.395,0.953,999.00,47.14,0,0
216.90,-2.701,-0.395,0.953,999.00,47.14,0,0
217.00,-2.701,-0.395,0.953,999.00,47.14,0,0
217.10,-2.701,-0.395,0.953,999.00,47.14,0,0
217.20,-2.701,-0.395,0.953,999.00,47.14,0,0
217.30,-2.701,-0.395,0.953,999.00,47.14,0,0
217.40,-2.701,-0.395,0.953,999.00,47.14,0,0
217.50,-2.701,-0.395,0.953,999.00,47.14,0,0
217.60,-2.701,-0.395,0.953,999.00,47.14,0,0
217.70,-2.701,-0.395,0.953,999.00,47.14,0,0
217.80,-2.701,-0.395,0.953,999.00,47.14,0,0
217.90,-2.701,-0.395,0.953,999.00,47.14,0,0
218.00,-2.701,-0.395,0.953,999.00,47.14,0,0
218.10,-2.701,-0.395,0.953,999.00,47.14,0,0
218.20,-2.701,-0.395,0.953,999.00,47.14,0,0
218.30,-2.701,-0.395,0.953,999.00,47.14,0,0
218.40,-2.701,-0.395,0.953,999.00,47.14,0,0
218.50,-2.701,-0.395,0.953,999.00,47.14,0,0
218.60,-2.701,-0.395,0.953,999.00,47.14,0,0
218.70,-2.701,-0.395,0.953,999.00,47.14,0,0
218.80,-2.701,-0.395,0.953,999.00,47.14,0,0
218.90,-2.701,-0.395,0.953,999.00,47.14,0,0
219.00,-2.701,-0.395,0.953,999.00,47.14,0,0
219.10,-2.701,-0.395,0.953,999.00,47.14,0,0
219.20,-2.701,-0.395,0.953,999.00,47.14,0,0
219.30,-2.701,-0.395,0.953,999.00,47.14,0,0
219.40,-2.701,-0.395,0.953,999.00,47.14,0,0
219.50,-2.701,-0.395,0.953,999.00,47.14,0,0
219.60,-2.701,-0.395,0.953,999.00,47.14,0,0
219.70,-2.701,-0.395,0.953,999.00,47.14,0,0
219.80,-2.701,-0.395,0.953,999.00,47.14,0,0
219.90,-2.701,-0.395,0.953,999.00,47.14,0,0
220.00,-2.701,-0.395,0.953,999.00,47.14,0,0
220.10,-2.701,-0.395,0.953,999.00,47.14,0,0
220.20,-2.701,-0.395,0.953,999.00,47.14,0,0
220.30,-2.701,-0.395,0.953,999.00,47.14,0,0
220.40,-2.701,-0.395,0.953,999.00,47.14,0,0
220.50,-2.701,-0.395,0.953,999.00,47.14,0,0
220.60,-2.701,-0.395,0.953,999.00,47.14,0,0
220.70,-2.701,-0.395,0.953,999.00,47.14,0,0
220.80,-2.701,-0.395,0.953,999.00,47.14,0,0
220.90,-2.701,-0.395,0.953,999.00,47.14,0,0
221.00,-2.701,-0.395,0.953,999.00,47.14,0,0
221.10,-2.701,-0.395,0.953,999.00,47.14,0,0
221.20,-2.701,-0.395,0.953,999.00,47.14,0,0
221.30,-2.701,-0.395,0.953,999.00,47.14,0,0
221.40,-2.701,-0.395,0.953,999.00,47.14,0,0
221.50,-2.701,-0.395,0.953,999.00,47.14,0,0
221.60,-2.701,-0.395,0.953,999.00,47.14,0,0
221.70,-2.701,-0.395,0.953,999.00,47.14,0,0
221.80,-2.701,-0.395,0.953,999.00,47.14,0,0
221.90,-2.701,-0.395,0.953,999.00,47.14,0,0
222.00,-2.701,-0.395,0.953,999.00,47.14,0,0
222.10,-2.701,-0.395,0.953,999.00,47.14,0,0
222.20,-2.701,-0.395,0.953,999.00,47.14,0,0
222.30,-2.701,-0.395,0.953,999.00,47.14,0,0
222.40,-2.701,-0.395,0.953,999.00,47.14,0,0
222.50,-2.701,-0.395,0.953,999.00,47.14,0,0
222.60,-2.701,-0.395,0.953,999.00,47.14,0,0
222.70,-2.701,-0.395,0.953,999.00,47.14,0,0
222.80,-2.701,-0.395,0.953,999.00,47.14,0,0
222.90,-2.701,-0.395,0.953,999.00,47.14,0,0
223.00,-2.701,-0.395,0.953,999.00,47.14,0,0
223.10,-2.701,-0.395,0.953,999.00,47.14,0,0
223.20,-2.701,-0.395,0.953,999.00,47.14,0,0
223.30,-2.701,-0.395,0.953,999.00,47.14,0,0
223.40,-2.701,-0.395,0.953,999.00,47.14,0,0
223.50,-2.701,-0.395,0.953,999.00,47.14,0,0
223.60,-2.701,-0.395,0.953,999.00,47.14,0,0
223.70,-2.701,-0.395,0.953,999.00,47.14,0,0
223.80,-2.701,-0.395,0.953,999.00,47.14,0,0
223.90,-2.701,-0.395,0.953,999.00,47.14,0,0
224.00,-2.701,-0.395,0.953,999.00,47.14,0,0
224.10,-2.701,-0.395,0.953,999.00,47.14,0,0
224.20,-2.701,-0.395,0.953,999.00,47.14,0,0
224.30,-2.701,-0.395,0.953,999.00,47.14,0,0
224.40,-2.701,-0.395,0.953,999.00,47.14,0,0
224.50,-2.701,-0.395,0.953,999.00,47.14,0,0
224.60,-2.701,-0.395,0.953,999.00,47.14,0,0
224.70,-2.701,-0.395,0.953,999.00,47.14,0,0
224.80,-2.701,-0.395,0.953,999.00,47.14,0,0
224.90,-2.701,-0.395,0.953,999.00,47.14,0,0
225.00,-2.701,-0.395,0.953,999.00,47.14,0,0
225.10,-2.701,-0.395,0.953,999.00,47.14,0,0
225.20,-2.701,-0.395,0.953,999.00,47.14,0,0
225.30,-2.701,-0.395,0.953,999.00,47.14,0,0
225.40,-2.701,-0.395,0.953,999.00,47.14,0,0
225.50,-2.701,-0.395,0.953,999.00,47.14,0,0
225.60,-2.701,-0.395,0.953,999.00,47.14,0,0
225.70,-2.701,-0.395,0.953,999.00,47.14,0,0
225.80,-2.701,-0.395,0.953,999.00,47.14,0,0
225.90,-2.701,-0.395,0.953,999.00,47.14,0,0
226.00,-2.701,-0.395,0.953,999.00,47.14,0,0
226.10,-2.701,-0.395,0.953,999.00,47.14,0,0
226.20,-2.701,-0.395,0.953,999.00,47.14,0,0
226.30,-2.701,-0.395,0.953,999.00,47.14,0,0
226.40,-2.701,-0.395,0.953,999.00,47.14,0,0
226.50,-2.701,-0.395,0.953,999.00,47.14,0,0
226.60,-2.701,-0.395,0.953,999.00,47.14,0,0
226.70,-2.701,-0.395,0.953,999.00,47.14,0,0
226.80,-2.701,-0.395,0.953,999.00,47.14,0,0
226.90,-2.701,-0.395,0.953,999.00,47.14,0,0
227.00,-2.701,-0.395,0.953,999.00,47.14,0,0
227.10,-2.701,-0.395,0.953,999.00,47.14,0,0
227.20,-2.701,-0.395,0.953,999.00,47.14,0,0
227.30,-2.701,-0.395,0.953,999.00,47.14,0,0
227.40,-2.701,-0.395,0.953,999.00,47.14,0,0
227.50,-2.701,-0.395,0.953,999.00,47.14,0,0
227.60,-2.701,-0.395,0.953,999.00,47.14,0,0
227.70,-2.701,-0.395,0.953,999.00,47.14,0,0
227.80,-2.701,-0.395,0.953,999.00,47.14,0,0
227.90,-2.701,-0.395,0.953,999.00,47.14,0,0
228.00,-2.701,-0.395,0.953,999.00,47.14,0,0
228.10,-2.701,-0.395,0.953,999.00,47.14,0,0
228.20,-2.701,-0.395,0.953,999.00,47.14,0,0
228.30,-2.701,-0.395,0.953,999.00,47.14,0,0
228.40,-2.701,-0.395,0.953,999.00,47.14,0,0
228.50,-2.701,-0.395,0.953,999.00,47.14,0,0
228.60,-2.701,-0.395,0.953,999.00,47.14,0,0
228.70,-2.701,-0.395,0.953,999.00,47.14,0,0
228.80,-2.701,-0.395,0.953,999.00,47.14,0,0
228.91,-2.701,-0.395,0.953,999.00,47.14,0,0
229.00,-2.701,-0.395,0.953,999.00,47.14,0,0
229.10,-2.701,-0.395,0.953,999.00,47.14,0,0
229.20,-2.701,-0.395,0.953,999.00,47.14,0,0
229.30,-2.701,-0.395,0.953,999.00,47.14,0,0
229.40,-2.701,-0.395,0.953,999.00,47.14,0,0
229.50,-2.701,-0.395,0.953,999.00,47.14,0,0
229.60,-2.701,-0.395,0.953,999.00,47.14,0,0
229.70,-2.701,-0.395,0.953,999.00,47.14,0,0
229.80,-2.701,-0.395,0.953,999.00,47.14,0,0
229.90,-2.701,-0.395,0.953,999.00,47.14,0,0
230.00,-2.701,-0.395,0.953,999.00,47.14,0,0
230.10,-2.701,-0.395,0.953,999.00,47.14,0,0
230.20,-2.701,-0.395,0.953,999.00,47.14,0,0
230.30,-2.701,-0.395,0.953,999.00,47.14,0,0
230.40,-2.701,-0.395,0.953,999.00,47.14,0,0
230.50,-2.701,-0.395,0.953,999.00,47.14,0,0
230.60,-2.701,-0.395,0.953,999.00,47.14,0,0
230.70,-2.701,-0.395,0.953,999.00,47.14,0,0
230.80,-2.701,-0.395,0.953,999.00,47.14,0,0
230.90,-2.701,-0.395,0.953,999.00,47.14,0,0
231.00,-2.701,-0.395,0.953,999.00,47.14,0,0
231.10,-2.701,-0.395,0.953,999.00,47.14,0,0
231.20,-2.701,-0.395,0.953,999.00,47.14,0,0
231.30,-2.701,-0.395,0.953,999.00,47.14,0,0
231.40,-2.701,-0.395,0.953,999.00,47.14,0,0
231.50,-2.701,-0.395,0.953,999.00,47.14,0,0
231.60,-2.701,-0.395,0.953,999.00,47.14,0,0
231.70,-2.701,-0.395,0.953,999.00,47.14,0,0
231.80,-2.701,-0.395,0.953,999.00,47.14,0,0
231.90,-2.701,-0.395,0.953,999.00,47.14,0,0
232.00,-2.701,-0.395,0.953,999.00,47.14,0,0
232.10,-2.701,-0.395,0.953,999.00,47.14,0,0
232.20,-2.701,-0.395,0.953,999.00,47.14,0,0
232.30,-2.701,-0.395,0.953,999.00,47.14,0,0
232.40,-2.701,-0.395,0.953,999.00,47.14,0,0
232.50,-2.701,-0.395,0.953,999.00,47.14,0,0
232.60,-2.701,-0.395,0.953,999.00,47.14,0,0
232.70,-2.701,-0.395,0.953,999.00,47.14,0,0
232.80,-2.701,-0.395,0.953,999.00,47.14,0,0
232.90,-2.701,-0.395,0.953,999.00,47.14,0,0
233.00,-2.701,-0.395,0.953,999.00,47.14,0,0
233.10,-2.701,-0.395,0.953,999.00,47.14,0,0
233.20,-2.701,-0.395,0.953,999.00,47.14,0,0
233.30,-2.701,-0.395,0.953,999.00,47.14,0,0
233.40,-2.701,-0.395,0.953,999.00,47.14,0,0
233.50,-2.701,-0.395,0.953,999.00,47.14,0,0
233.60,-2.701,-0.395,0.953,999.00,47.14,0,0
233.70,-2.701,-0.395,0.953,999.00,47.14,0,0
233.80,-2.701,-0.395,0.953,999.00,47.14,0,0
233.90,-2.701,-0.395,0.953,999.00,47.14,0,0
234.00,-2.701,-0.395,0.953,999.00,47.14,0,0
234.10,-2.701,-0.395,0.953,999.00,47.14,0,0
234.20,-2.701,-0.395,0.953,999.00,47.14,0,0
234.30,-2.701,-0.395,0.953,999.00,47.14,0,0
234.40,-2.701,-0.395,0.953,999.00,47.14,0,0
234.50,-2.701,-0.395,0.953,999.00,47.14,0,0
234.60,-2.701,-0.395,0.953,999.00,47.14,0,0
234.70,-2.701,-0.395,0.953,999.00,47.14,0,0
234.80,-2.701,-0.395,0.953,999.00,47.14,0,0
234.90,-2.701,-0.395,0.953,999.00,47.14,0,0
235.00,-2.701,-0.395,0.953,999.00,47.14,0,0
235.10,-2.701,-0.395,0.953,999.00,47.14,0,0
235.20,-2.701,-0.395,0.953,999.00,47.14,0,0
235.30,-2.701,-0.395,0.953,999.00,47.14,0,0
235.40,-2.701,-0.395,0.953,999.00,47.14,0,0
235.50,-2.701,-0.395,0.953,999.00,47.14,0,0
235.60,-2.701,-0.395,0.953,999.00,47.14,0,0
235.70,-2.701,-0.395,0.953,999.00,47.14,0,0
235.80,-2.701,-0.395,0.953,999.00,47.14,0,0
235.90,-2.701,-0.395,0.953,999.00,47.14,0,0
236.00,-2.701,-0.395,0.953,999.00,47.14,0,0
236.10,-2.701,-0.395,0.953,999.00,47.14,0,0
236.20,-2.701,-0.395,0.953,999.00,47.14,0,0
236.30,-2.701,-0.395,0.953,999.00,47.14,0,0
236.40,-2.701,-0.395,0.953,999.00,47.14,0,0
236.50,-2.701,-0.395,0.953,999.00,47.14,0,0
236.60,-2.701,-0.395,0.953,999.00,47.14,0,0
236.70,-2.701,-0.395,0.953,999.00,47.14,0,0
236.80,-2.701,-0.395,0.953,999.00,47.14,0,0
236.90,-2.701,-0.395,0.953,999.00,47.14,0,0
237.00,-2.701,-0.395,0.953,999.00,47.14,0,0
237.10,-2.701,-0.395,0.953,999.00,47.14,0,0
237.20,-2.701,-0.395,0.953,999.00,47.14,0,0
237.30,-2.701,-0.395,0.953,999.00,47.14,0,0
237.40,-2.701,-0.395,0.953,999.00,47.14,0,0
237.50,-2.701,-0.395,0.953,999.00,47.14,0,0
237.60,-2.701,-0.395,0.953,999.00,47.14,0,0
237.70,-2.701,-0.395,0.953,999.00,47.14,0,0
237.80,-2.701,-0.395,0.953,999.00,47.14,0,0
237.90,-2.701,-0.395,0.953,999.00,47.14,0,0
238.00,-2.701,-0.395,0.953,999.00,47.14,0,0
238.10,-2.701,-0.395,0.953,999.00,47.14,0,0
238.20,-2.701,-0.395,0.953,999.00,47.14,0,0
238.30,-2.701,-0.395,0.953,999.00,47.14,0,0
238.40,-2.701,-0.395,0.953,999.00,47.14,0,0
238.50,-2.701,-0.395,0.953,999.00,47.14,0,0
238.60,-2.701,-0.395,0.953,999.00,47.14,0,0
238.70,-2.701,-0.395,0.953,999.00,47.14,0,0
238.80,-2.701,-0.395,0.953,999.00,47.14,0,0
238.90,-2.701,-0.395,0.953,999.00,47.14,0,0
239.00,-2.701,-0.395,0.953,999.00,47.14,0,0
239.10,-2.701,-0.395,0.953,999.00,47.14,0,0
239.20,-2.701,-0.395,0.953,999.00,47.14,0,0
239.30,-2.701,-0.395,0.953,999.00,47.14,0,0
239.40,-2.701,-0.395,0.953,999.00,47.14,0,0
239.50,-2.701,-0.395,0.953,999.00,47.14,0,0
239.60,-2.701,-0.395,0.953,999.00,47.14,0,0
239.70,-2.701,-0.395,0.953,999.00,47.14,0,0
239.80,-2.701,-0.395,0.953,999.00,47.14,0,0
239.90,-2.701,-0.395,0.953,999.00,47.14,0,0
240.00,-2.701,-0.395,0.953,999.00,47.14,0,0
240.10,-2.701,-0.395,0.953,999.00,47.14,0,0
240.20,-2.701,-0.395,0.953,999.00,47.14,0,0
240.31,-2.701,-0.395,0.953,999.00,47.14,0,0
240.40,-2.701,-0.395,0.953,999.00,47.14,0,0
240.50,-2.701,-0.395,0.953,999.00,47.14,0,0
240.60,-2.701,-0.395,0.953,999.00,47.14,0,0
240.70,-2.701,-0.395,0.953,999.00,47.14,0,0
240.80,-2.701,-0.395,0.953,999.00,47.14,0,0
240.90,-2.701,-0.395,0.953,999.00,47.14,0,0
241.00,-2.701,-0.395,0.953,999.00,47.14,0,0
241.10,-2.701,-0.395,0.953,999.00,47.14,0,0
241.20,-2.701,-0.395,0.953,999.00,47.14,0,0
241.30,-2.701,-0.395,0.953,999.00,47.14,0,0
241.40,-2.701,-0.395,0.953,999.00,47.14,0,0
241.50,-2.701,-0.395,0.953,999.00,47.14,0,0
241.60,-2.701,-0.395,0.953,999.00,47.14,0,0
241.70,-2.701,-0.395,0.953,999.00,47.14,0,0
241.80,-2.701,-0.395,0.953,999.00,47.14,0,0
241.90,-2.701,-0.395,0.953,999.00,47.14,0,0
242.00,-2.701,-0.395,0.953,999.00,47.14,0,0
242.10,-2.701,-0.395,0.953,999.00,47.14,0,0
242.20,-2.701,-0.395,0.953,999.00,47.14,0,0
242.30,-2.701,-0.395,0.953,999.00,47.14,0,0
242.40,-2.701,-0.395,0.953,999.00,47.14,0,0
242.50,-2.701,-0.395,0.953,999.00,47.14,0,0
242.60,-2.701,-0.395,0.953,999.00,47.14,0,0
242.70,-2.701,-0.395,0.953,999.00,47.14,0,0
242.80,-2.701,-0.395,0.953,999.00,47.14,0,0
242.90,-2.701,-0.395,0.953,999.00,47.14,0,0
243.00,-2.701,-0.395,0.953,999.00,47.14,0,0
243.10,-2.701,-0.395,0.953,999.00,47.14,0,0
243.20,-2.701,-0.395,0.953,999.00,47.14,0,0
243.30,-2.701,-0.395,0.953,999.00,47.14,0,0
243.40,-2.701,-0.395,0.953,999.00,47.14,0,0
243.50,-2.701,-0.395,0.953,999.00,47.14,0,0
243.60,-2.701,-0.395,0.953,999.00,47.14,0,0
243.70,-2.701,-0.395,0.953,999.00,47.14,0,0
243.80,-2.701,-0.395,0.953,999.00,47.14,0,0
243.90,-2.701,-0.395,0.953,999.00,47.14,0,0
244.00,-2.701,-0.395,0.953,999.00,47.14,0,0
244.10,-2.701,-0.395,0.953,999.00,47.14,0,0
244.20,-2.701,-0.395,0.953,999.00,47.14,0,0
244.30,-2.701,-0.395,0.953,999.00,47.14,0,0
244.40,-2.701,-0.395,0.953,999.00,47.14,0,0
244.50,-2.701,-0.395,0.953,999.00,47.14,0,0
244.60,-2.701,-0.395,0.953,999.00,47.14,0,0
244.70,-2.701,-0.395,0.953,999.00,47.14,0,0
244.80,-2.701,-0.395,0.953,999.00,47.14,0,0
244.90,-2.701,-0.395,0.953,999.00,47.14,0,0
245.00,-2.701,-0.395,0.953,999.00,47.14,0,0
245.10,-2.701,-0.395,0.953,999.00,47.14,0,0
245.20,-2.701,-0.395,0.953,999.00,47.14,0,0
245.30,-2.701,-0.395,0.953,999.00,47.14,0,0
245.40,-2.701,-0.395,0.953,999.00,47.14,0,0
245.50,-2.701,-0.395,0.953,999.00,47.14,0,0
245.60,-2.701,-0.395,0.953,999.00,47.14,0,0
245.70,-2.701,-0.395,0.953,999.00,47.14,0,0
245.80,-2.701,-0.395,0.953,999.00,47.14,0,0
245.90,-2.701,-0.395,0.953,999.00,47.14,0,0
246.00,-2.701,-0.395,0.953,999.00,47.14,0,0
246.10,-2.701,-0.395,0.953,999.00,47.14,0,0
246.20,-2.701,-0.395,0.953,999.00,47.14,0,0
246.30,-2.701,-0.395,0.953,999.00,47.14,0,0
246.40,-2.701,-0.395,0.953,999.00,47.14,0,0
246.50,-2.701,-0.395,0.953,999.00,47.14,0,0
246.60,-2.701,-0.395,0.953,999.00,47.14,0,0
246.70,-2.701,-0.395,0.953,999.00,47.14,0,0
246.80,-2.701,-0.395,0.953,999.00,47.14,0,0
246.90,-2.701,-0.395,0.953,999.00,47.14,0,0
247.00,-2.701,-0.395,0.953,999.00,47.14,0,0
247.10,-2.701,-0.395,0.953,999.00,47.14,0,0
247.20,-2.701,-0.395,0.953,999.00,47.14,0,0
247.30,-2.701,-0.395,0.953,999.00,47.14,0,0
247.40,-2.701,-0.395,0.953,999.00,47.14,0,0
247.50,-2.701,-0.395,0.953,999.00,47.14,0,0
247.60,-2.701,-0.395,0.953,999.00,47.14,0,0
247.70,-2.701,-0.395,0.953,999.00,47.14,0,0
247.80,-2.701,-0.395,0.953,999.00,47.14,0,0
247.90,-2.701,-0.395,0.953,999.00,47.14,0,0
248.00,-2.701,-0.395,0.953,999.00,47.14,0,0
248.10,-2.701,-0.395,0.953,999.00,47.14,0,0
248.20,-2.701,-0.395,0.953,999.00,47.14,0,0
248.30,-2.701,-0.395,0.953,999.00,47.14,0,0
248.40,-2.701,-0.395,0.953,999.00,47.14,0,0
248.50,-2.701,-0.395,0.953,999.00,47.14,0,0
248.60,-2.701,-0.395,0.953,999.00,47.14,0,0
248.70,-2.701,-0.395,0.953,999.00,47.14,0,0
248.80,-2.701,-0.395,0.953,999.00,47.14,0,0
248.90,-2.701,-0.395,0.953,999.00,47.14,0,0
249.00,-2.701,-0.395,0.953,999.00,47.14,0,0
249.10,-2.701,-0.395,0.953,999.00,47.14,0,0
249.20,-2.701,-0.395,0.953,999.00,47.14,0,0
249.30,-2.701,-0.395,0.953,999.00,47.14,0,0
249.40,-2.701,-0.395,0.953,999.00,47.14,0,0
249.50,-2.701,-0.395,0.953,999.00,47.14,0,0
249.60,-2.701,-0.395,0.953,999.00,47.14,0,0
249.70,-2.701,-0.395,0.953,999.00,47.14,0,0
249.80,-2.701,-0.395,0.953,999.00,47.14,0,0
249.90,-2.701,-0.395,0.953,999.00,47.14,0,0
250.00,-2.701,-0.395,0.953,999.00,47.14,0,0
250.10,-2.701,-0.395,0.953,999.00,47.14,0,0
250.20,-2.701,-0.395,0.953,999.00,47.14,0,0
250.30,-2.701,-0.395,0.953,999.00,47.14,0,0
250.40,-2.701,-0.395,0.953,999.00,47.14,0,0
250.50,-2.701,-0.395,0.953,999.00,47.14,0,0
250.60,-2.701,-0.395,0.953,999.00,47.14,0,0
250.70,-2.701,-0.395,0.953,999.00,47.14,0,0
250.80,-2.701,-0.395,0.953,999.00,47.14,0,0
250.90,-2.701,-0.395,0.953,999.00,47.14,0,0
251.00,-2.701,-0.395,0.953,999.00,47.14,0,0
251.11,-2.701,-0.395,0.953,999.00,47.14,0,0
251.20,-2.701,-0.395,0.953,999.00,47.14,0,0
251.30,-2.701,-0.395,0.953,999.00,47.14,0,0
251.40,-2.701,-0.395,0.953,999.00,47.14,0,0
251.50,-2.701,-0.395,0.953,999.00,47.14,0,0
251.60,-2.701,-0.395,0.953,999.00,47.14,0,0
251.70,-2.701,-0.395,0.953,999.00,47.14,0,0
251.80,-2.701,-0.395,0.953,999.00,47.14,0,0
251.90,-2.701,-0.395,0.953,999.00,47.14,0,0
252.00,-2.701,-0.395,0.953,999.00,47.14,0,0
252.10,-2.701,-0.395,0.953,999.00,47.14,0,0
252.20,-2.701,-0.395,0.953,999.00,47.14,0,0
252.30,-2.701,-0.395,0.953,999.00,47.14,0,0
252.40,-2.701,-0.395,0.953,999.00,47.14,0,0
252.50,-2.701,-0.395,0.953,999.00,47.14,0,0
252.60,-2.701,-0.395,0.953,999.00,47.14,0,0
252.70,-2.701,-0.395,0.953,999.00,47.14,0,0
252.80,-2.701,-0.395,0.953,999.00,47.14,0,0
252.90,-2.701,-0.395,0.953,999.00,47.14,0,0
253.00,-2.701,-0.395,0.953,999.00,47.14,0,0
253.10,-2.701,-0.395,0.953,999.00,47.14,0,0
253.20,-2.701,-0.395,0.953,999.00,47.14,0,0
253.30,-2.701,-0.395,0.953,999.00,47.14,0,0
253.40,-2.701,-0.395,0.953,999.00,47.14,0,0
253.50,-2.701,-0.395,0.953,999.00,47.14,0,0
253.60,-2.701,-0.395,0.953,999.00,47.14,0,0
253.70,-2.701,-0.395,0.953,999.00,47.14,0,0
253.80,-2.701,-0.395,0.953,999.00,47.14,0,0
253.90,-2.701,-0.395,0.953,999.00,47.14,0,0
254.00,-2.701,-0.395,0.953,999.00,47.14,0,0
254.10,-2.701,-0.395,0.953,999.00,47.14,0,0
254.20,-2.701,-0.395,0.953,999.00,47.14,0,0
254.30,-2.701,-0.395,0.953,999.00,47.14,0,0
254.40,-2.701,-0.395,0.953,999.00,47.14,0,0
254.50,-2.701,-0.395,0.953,999.00,47.14,0,0
254.60,-2.701,-0.395,0.953,999.00,47.14,0,0
254.70,-2.701,-0.395,0.953,999.00,47.14,0,0
254.80,-2.701,-0.395,0.953,999.00,47.14,0,0
254.90,-2.701,-0.395,0.953,999.00,47.14,0,0
255.00,-2.701,-0.395,0.953,999.00,47.14,0,0
255.10,-2.701,-0.395,0.953,999.00,47.14,0,0
255.20,-2.701,-0.395,0.953,999.00,47.14,0,0
255.30,-2.701,-0.395,0.953,999.00,47.14,0,0
255.40,-2.701,-0.395,0.953,999.00,47.14,0,0
255.50,-2.701,-0.395,0.953,999.00,47.14,0,0
255.60,-2.701,-0.395,0.953,999.00,47.14,0,0
255.70,-2.701,-0.395,0.953,999.00,47.14,0,0
255.80,-2.701,-0.395,0.953,999.00,47.14,0,0
255.90,-2.701,-0.395,0.953,999.00,47.14,0,0
256.00,-2.701,-0.395,0.953,999.00,47.14,0,0
256.10,-2.701,-0.395,0.953,999.00,47.14,0,0
256.20,-2.701,-0.395,0.953,999.00,47.14,0,0
256.30,-2.701,-0.395,0.953,999.00,47.14,0,0
256.40,-2.701,-0.395,0.953,999.00,47.14,0,0
256.50,-2.701,-0.395,0.953,999.00,47.14,0,0
256.60,-2.701,-0.395,0.953,999.00,47.14,0,0
256.70,-2.701,-0.395,0.953,999.00,47.14,0,0
256.80,-2.701,-0.395,0.953,999.00,47.14,0,0
256.90,-2.701,-0.395,0.953,999.00,47.14,0,0
257.00,-2.701,-0.395,0.953,999.00,47.14,0,0
257.10,-2.701,-0.395,0.953,999.00,47.14,0,0
257.20,-2.701,-0.395,0.953,999.00,47.14,0,0
257.30,-2.701,-0.395,0.953,999.00,47.14,0,0
257.40,-2.701,-0.395,0.953,999.00,47.14,0,0
257.50,-2.701,-0.395,0.953,999.00,47.14,0,0
257.60,-2.701,-0.395,0.953,999.00,47.14,0,0
257.70,-2.701,-0.395,0.953,999.00,47.14,0,0
257.80,-2.701,-0.395,0.953,999.00,47.14,0,0
257.90,-2.701,-0.395,0.953,999.00,47.14,0,0
258.00,-2.701,-0.395,0.953,999.00,47.14,0,0
258.10,-2.701,-0.395,0.953,999.00,47.14,0,0
258.20,-2.701,-0.395,0.953,999.00,47.14,0,0
258.30,-2.701,-0.395,0.953,999.00,47.14,0,0
258.41,-2.701,-0.395,0.953,999.00,47.14,0,0
258.50,-2.701,-0.395,0.953,999.00,47.14,0,0
258.60,-2.701,-0.395,0.953,999.00,47.14,0,0
258.70,-2.701,-0.395,0.953,999.00,47.14,0,0
258.80,-2.701,-0.395,0.953,999.00,47.14,0,0
258.90,-2.701,-0.395,0.953,999.00,47.14,0,0
259.00,-2.701,-0.395,0.953,999.00,47.14,0,0
259.10,-2.701,-0.395,0.953,999.00,47.14,0,0
259.20,-2.701,-0.395,0.953,999.00,47.14,0,0
259.30,-2.701,-0.395,0.953,999.00,47.14,0,0
259.40,-2.701,-0.395,0.953,999.00,47.14,0,0
259.50,-2.701,-0.395,0.953,999.00,47.14,0,0
259.60,-2.701,-0.395,0.953,999.00,47.14,0,0
259.70,-2.701,-0.395,0.953,999.00,47.14,0,0
259.80,-2.701,-0.395,0.953,999.00,47.14,0,0
259.90,-2.701,-0.395,0.953,999.00,47.14,0,0
260.00,-2.701,-0.395,0.953,999.00,47.14,0,0
260.10,-2.701,-0.395,0.953,999.00,47.14,0,0
260.20,-2.701,-0.395,0.953,999.00,47.14,0,0
260.30,-2.701,-0.395,0.953,999.00,47.14,0,0
260.40,-2.701,-0.395,0.953,999.00,47.14,0,0
260.50,-2.701,-0.395,0.953,999.00,47.14,0,0
260.60,-2.701,-0.395,0.953,999.00,47.14,0,0
260.70,-2.701,-0.395,0.953,999.00,47.14,0,0
260.80,-2.701,-0.395,0.953,999.00,47.14,0,0
260.90,-2.701,-0.395,0.953,999.00,47.14,0,0
261.00,-2.701,-0.395,0.953,999.00,47.14,0,0
261.10,-2.701,-0.395,0.953,999.00,47.14,0,0
261.20,-2.701,-0.395,0.953,999.00,47.14,0,0
261.30,-2.701,-0.395,0.953,999.00,47.14,0,0
261.40,-2.701,-0.395,0.953,999.00,47.14,0,0
261.50,-2.701,-0.395,0.953,999.00,47.14,0,0
261.60,-2.701,-0.395,0.953,999.00,47.14,0,0
261.70,-2.701,-0.395,0.953,999.00,47.14,0,0
261.80,-2.701,-0.395,0.953,999.00,47.14,0,0
261.91,-2.701,-0.395,0.953,999.00,47.14,0,0
262.00,-2.701,-0.395,0.953,999.00,47.14,0,0
262.10,-2.701,-0.395,0.953,999.00,47.14,0,0
262.20,-2.701,-0.395,0.953,999.00,47.14,0,0
262.30,-2.701,-0.395,0.953,999.00,47.14,0,0
262.40,-2.701,-0.395,0.953,999.00,47.14,0,0
262.50,-2.701,-0.395,0.953,999.00,47.14,0,0
262.60,-2.701,-0.395,0.953,999.00,47.14,0,0
262.70,-2.701,-0.395,0.953,999.00,47.14,0,0
262.80,-2.701,-0.395,0.953,999.00,47.14,0,0
262.90,-2.701,-0.395,0.953,999.00,47.14,0,0
263.00,-2.701,-0.395,0.953,999.00,47.14,0,0
263.11,-2.701,-0.395,0.953,999.00,47.14,0,0
263.20,-2.701,-0.395,0.953,999.00,47.14,0,0
263.30,-2.701,-0.395,0.953,999.00,47.14,0,0
263.40,-2.701,-0.395,0.953,999.00,47.14,0,0
263.50,-2.701,-0.395,0.953,999.00,47.14,0,0
263.60,-2.701,-0.395,0.953,999.00,47.14,0,0
263.70,-2.701,-0.395,0.953,999.00,47.14,0,0
263.80,-2.701,-0.395,0.953,999.00,47.14,0,0
263.90,-2.701,-0.395,0.953,999.00,47.14,0,0
264.00,-2.701,-0.395,0.953,999.00,47.14,0,0
264.10,-2.701,-0.395,0.953,999.00,47.14,0,0
264.20,-2.701,-0.395,0.953,999.00,47.14,0,0
264.30,-2.701,-0.395,0.953,999.00,47.14,0,0
264.40,-2.701,-0.395,0.953,999.00,47.14,0,0
264.50,-2.701,-0.395,0.953,999.00,47.14,0,0
264.60,-2.701,-0.395,0.953,999.00,47.14,0,0
264.70,-2.701,-0.395,0.953,999.00,47.14,0,0
264.80,-2.701,-0.395,0.953,999.00,47.14,0,0
264.90,-2.701,-0.395,0.953,999.00,47.14,0,0
265.00,-2.701,-0.395,0.953,999.00,47.14,0,0
265.10,-2.701,-0.395,0.953,999.00,47.14,0,0
265.20,-2.701,-0.395,0.953,999.00,47.14,0,0
265.30,-2.701,-0.395,0.953,999.00,47.14,0,0
265.40,-2.701,-0.395,0.953,999.00,47.14,0,0
265.50,-2.701,-0.395,0.953,999.00,47.14,0,0
265.60,-2.701,-0.395,0.953,999.00,47.14,0,0
265.70,-2.701,-0.395,0.953,999.00,47.14,0,0
265.80,-2.701,-0.395,0.953,999.00,47.14,0,0
265.90,-2.701,-0.395,0.953,999.00,47.14,0,0
266.00,-2.701,-0.395,0.953,999.00,47.14,0,0
266.10,-2.701,-0.395,0.953,999.00,47.14,0,0
266.20,-2.701,-0.395,0.953,999.00,47.14,0,0
266.30,-2.701,-0.395,0.953,999.00,47.14,0,0
266.40,-2.701,-0.395,0.953,999.00,47.14,0,0
266.50,-2.701,-0.395,0.953,999.00,47.14,0,0
266.60,-2.701,-0.395,0.953,999.00,47.14,0,0
266.70,-2.701,-0.395,0.953,999.00,47.14,0,0
266.80,-2.701,-0.395,0.953,999.00,47.14,0,0
266.90,-2.701,-0.395,0.953,999.00,47.14,0,0
267.00,-2.701,-0.395,0.953,999.00,47.14,0,0
267.10,-2.701,-0.395,0.953,999.00,47.14,0,0
267.20,-2.701,-0.395,0.953,999.00,47.14,0,0
267.30,-2.701,-0.395,0.953,999.00,47.14,0,0
267.40,-2.701,-0.395,0.953,999.00,47.14,0,0
267.50,-2.701,-0.395,0.953,999.00,47.14,0,0
267.60,-2.701,-0.395,0.953,999.00,47.14,0,0
267.70,-2.701,-0.395,0.953,999.00,47.14,0,0
267.80,-2.701,-0.395,0.953,999.00,47.14,0,0
267.90,-2.701,-0.395,0.953,999.00,47.14,0,0
268.00,-2.701,-0.395,0.953,999.00,47.14,0,0
268.10,-2.701,-0.395,0.953,999.00,47.14,0,0
268.20,-2.701,-0.395,0.953,999.00,47.14,0,0
268.30,-2.701,-0.395,0.953,999.00,47.14,0,0
268.40,-2.701,-0.395,0.953,999.00,47.14,0,0
268.50,-2.701,-0.395,0.953,999.00,47.14,0,0
268.60,-2.701,-0.395,0.953,999.00,47.14,0,0
268.70,-2.701,-0.395,0.953,999.00,47.14,0,0
268.80,-2.701,-0.395,0.953,999.00,47.14,0,0
268.90,-2.701,-0.395,0.953,999.00,47.14,0,0
269.00,-2.701,-0.395,0.953,999.00,47.14,0,0
269.10,-2.701,-0.395,0.953,999.00,47.14,0,0
269.20,-2.701,-0.395,0.953,999.00,47.14,0,0
269.30,-2.701,-0.395,0.953,999.00,47.14,0,0
269.40,-2.701,-0.395,0.953,999.00,47.14,0,0
269.50,-2.701,-0.395,0.953,999.00,47.14,0,0
269.60,-2.701,-0.395,0.953,999.00,47.14,0,0
269.70,-2.701,-0.395,0.953,999.00,47.14,0,0
269.80,-2.701,-0.395,0.953,999.00,47.14,0,0
269.90,-2.701,-0.395,0.953,999.00,47.14,0,0
270.00,-2.701,-0.395,0.953,999.00,47.14,0,0
270.10,-2.701,-0.395,0.953,999.00,47.14,0,0
270.20,-2.701,-0.395,0.953,999.00,47.14,0,0
270.30,-2.701,-0.395,0.953,999.00,47.14,0,0
270.40,-2.701,-0.395,0.953,999.00,47.14,0,0
270.50,-2.701,-0.395,0.953,999.00,47.14,0,0
270.60,-2.701,-0.395,0.953,999.00,47.14,0,0
270.70,-2.701,-0.395,0.953,999.00,47.14,0,0
270.80,-2.701,-0.395,0.953,999.00,47.14,0,0
270.90,-2.701,-0.395,0.953,999.00,47.14,0,0
271.00,-2.701,-0.395,0.953,999.00,47.14,0,0
271.10,-2.701,-0.395,0.953,999.00,47.14,0,0
271.20,-2.701,-0.395,0.953,999.00,47.14,0,0
271.30,-2.701,-0.395,0.953,999.00,47.14,0,0
271.40,-2.701,-0.395,0.953,999.00,47.14,0,0
271.50,-2.701,-0.395,0.953,999.00,47.14,0,0
271.60,-2.701,-0.395,0.953,999.00,47.14,0,0
271.70,-2.701,-0.395,0.953,999.00,47.14,0,0
271.80,-2.701,-0.395,0.953,999.00,47.14,0,0
271.90,-2.701,-0.395,0.953,999.00,47.14,0,0
272.00,-2.701,-0.395,0.953,999.00,47.14,0,0
272.10,-2.701,-0.395,0.953,999.00,47.14,0,0
272.20,-2.701,-0.395,0.953,999.00,47.14,0,0
272.30,-2.701,-0.395,0.953,999.00,47.14,0,0
272.40,-2.701,-0.395,0.953,999.00,47.14,0,0
272.51,-2.701,-0.395,0.953,999.00,47.14,0,0
272.60,-2.701,-0.395,0.953,999.00,47.14,0,0
272.70,-2.701,-0.395,0.953,999.00,47.14,0,0
272.80,-2.701,-0.395,0.953,999.00,47.14,0,0
272.90,-2.701,-0.395,0.953,999.00,47.14,0,0
273.00,-2.701,-0.395,0.953,999.00,47.14,0,0
273.10,-2.701,-0.395,0.953,999.00,47.14,0,0
273.20,-2.701,-0.395,0.953,999.00,47.14,0,0
273.30,-2.701,-0.395,0.953,999.00,47.14,0,0
273.40,-2.701,-0.395,0.953,999.00,47.14,0,0
273.50,-2.701,-0.395,0.953,999.00,47.14,0,0
273.60,-2.701,-0.395,0.953,999.00,47.14,0,0
273.70,-2.701,-0.395,0.953,999.00,47.14,0,0
273.80,-2.701,-0.395,0.953,999.00,47.14,0,0
273.90,-2.701,-0.395,0.953,999.00,47.14,0,0
274.00,-2.701,-0.395,0.953,999.00,47.14,0,0
274.10,-2.701,-0.395,0.953,999.00,47.14,0,0
274.20,-2.701,-0.395,0.953,999.00,47.14,0,0
274.30,-2.701,-0.395,0.953,999.00,47.14,0,0
274.40,-2.701,-0.395,0.953,999.00,47.14,0,0
274.50,-2.701,-0.395,0.953,999.00,47.14,0,0
274.60,-2.701,-0.395,0.953,999.00,47.14,0,0
274.70,-2.701,-0.395,0.953,999.00,47.14,0,0
274.80,-2.701,-0.395,0.953,999.00,47.14,0,0
274.90,-2.701,-0.395,0.953,999.00,47.14,0,0
275.00,-2.701,-0.395,0.953,999.00,47.14,0,0
275.10,-2.701,-0.395,0.953,999.00,47.14,0,0
275.20,-2.701,-0.395,0.953,999.00,47.14,0,0
275.30,-2.701,-0.395,0.953,999.00,47.14,0,0
275.41,-2.701,-0.395,0.953,999.00,47.14,0,0
275.50,-2.701,-0.395,0.953,999.00,47.14,0,0
275.60,-2.701,-0.395,0.953,999.00,47.14,0,0
275.70,-2.701,-0.395,0.953,999.00,47.14,0,0
275.80,-2.701,-0.395,0.953,999.00,47.14,0,0
275.90,-2.701,-0.395,0.953,999.00,47.14,0,0
276.00,-2.701,-0.395,0.953,999.00,47.14,0,0
276.10,-2.701,-0.395,0.953,999.00,47.14,0,0
276.20,-2.701,-0.395,0.953,999.00,47.14,0,0
276.30,-2.701,-0.395,0.953,999.00,47.14,0,0
276.40,-2.701,-0.395,0.953,999.00,47.14,0,0
276.50,-2.701,-0.395,0.953,999.00,47.14,0,0
276.60,-2.701,-0.395,0.953,999.00,47.14,0,0
276.70,-2.701,-0.395,0.953,999.00,47.14,0,0
276.80,-2.701,-0.395,0.953,999.00,47.14,0,0
276.90,-2.701,-0.395,0.953,999.00,47.14,0,0
277.00,-2.701,-0.395,0.953,999.00,47.14,0,0
277.10,-2.701,-0.395,0.953,999.00,47.14,0,0
277.20,-2.701,-0.395,0.953,999.00,47.14,0,0
277.30,-2.701,-0.395,0.953,999.00,47.14,0,0
277.40,-2.701,-0.395,0.953,999.00,47.14,0,0
277.50,-2.701,-0.395,0.953,999.00,47.14,0,0
277.60,-2.701,-0.395,0.953,999.00,47.14,0,0
277.70,-2.701,-0.395,0.953,999.00,47.14,0,0
277.80,-2.701,-0.395,0.953,999.00,47.14,0,0
277.90,-2.701,-0.395,0.953,999.00,47.14,0,0
278.00,-2.701,-0.395,0.953,999.00,47.14,0,0
278.10,-2.701,-0.395,0.953,999.00,47.14,0,0
278.20,-2.701,-0.395,0.953,999.00,47.14,0,0
278.30,-2.701,-0.395,0.953,999.00,47.14,0,0
278.40,-2.701,-0.395,0.953,999.00,47.14,0,0
278.50,-2.701,-0.395,0.953,999.00,47.14,0,0
278.60,-2.701,-0.395,0.953,999.00,47.14,0,0
278.70,-2.701,-0.395,0.953,999.00,47.14,0,0
278.80,-2.701,-0.395,0.953,999.00,47.14,0,0
278.90,-2.701,-0.395,0.953,999.00,47.14,0,0
279.00,-2.701,-0.395,0.953,999.00,47.14,0,0
279.10,-2.701,-0.395,0.953,999.00,47.14,0,0
279.20,-2.701,-0.395,0.953,999.00,47.14,0,0
279.30,-2.701,-0.395,0.953,999.00,47.14,0,0
279.40,-2.701,-0.395,0.953,999.00,47.14,0,0
279.50,-2.701,-0.395,0.953,999.00,47.14,0,0
279.60,-2.701,-0.395,0.953,999.00,47.14,0,0
279.70,-2.701,-0.395,0.953,999.00,47.14,0,0
279.80,-2.701,-0.395,0.953,999.00,47.14,0,0
279.90,-2.701,-0.395,0.953,999.00,47.14,0,0
280.00,-2.701,-0.395,0.953,999.00,47.14,0,0
280.10,-2.701,-0.395,0.953,999.00,47.14,0,0
280.20,-2.701,-0.395,0.953,999.00,47.14,0,0
280.30,-2.701,-0.395,0.953,999.00,47.14,0,0
280.40,-2.701,-0.395,0.953,999.00,47.14,0,0
280.50,-2.701,-0.395,0.953,999.00,47.14,0,0
280.60,-2.701,-0.395,0.953,999.00,47.14,0,0
280.70,-2.701,-0.395,0.953,999.00,47.14,0,0
280.80,-2.701,-0.395,0.953,999.00,47.14,0,0
280.90,-2.701,-0.395,0.953,999.00,47.14,0,0
281.00,-2.701,-0.395,0.953,999.00,47.14,0,0
281.10,-2.701,-0.395,0.953,999.00,47.14,0,0
281.20,-2.701,-0.395,0.953,999.00,47.14,0,0
281.30,-2.701,-0.395,0.953,999.00,47.14,0,0
281.40,-2.701,-0.395,0.953,999.00,47.14,0,0
281.50,-2.701,-0.395,0.953,999.00,47.14,0,0
281.60,-2.701,-0.395,0.953,999.00,47.14,0,0
281.70,-2.701,-0.395,0.953,999.00,47.14,0,0
281.80,-2.701,-0.395,0.953,999.00,47.14,0,0
281.90,-2.701,-0.395,0.953,999.00,47.14,0,0
282.00,-2.701,-0.395,0.953,999.00,47.14,0,0
282.10,-2.701,-0.395,0.953,999.00,47.14,0,0
282.20,-2.701,-0.395,0.953,999.00,47.14,0,0
282.30,-2.701,-0.395,0.953,999.00,47.14,0,0
282.40,-2.701,-0.395,0.953,999.00,47.14,0,0
282.50,-2.701,-0.395,0.953,999.00,47.14,0,0
282.60,-2.701,-0.395,0.953,999.00,47.14,0,0
282.70,-2.701,-0.395,0.953,999.00,47.14,0,0
282.80,-2.701,-0.395,0.953,999.00,47.14,0,0
282.90,-2.701,-0.395,0.953,999.00,47.14,0,0
283.00,-2.701,-0.395,0.953,999.00,47.14,0,0
283.10,-2.701,-0.395,0.953,999.00,47.14,0,0
283.20,-2.701,-0.395,0.953,999.00,47.14,0,0
283.30,-2.701,-0.395,0.953,999.00,47.14,0,0
283.40,-2.701,-0.395,0.953,999.00,47.14,0,0
283.50,-2.701,-0.395,0.953,999.00,47.14,0,0
283.60,-2.701,-0.395,0.953,999.00,47.14,0,0
283.70,-2.701,-0.395,0.953,999.00,47.14,0,0
283.80,-2.701,-0.395,0.953,999.00,47.14,0,0
283.90,-2.701,-0.395,0.953,999.00,47.14,0,0
284.00,-2.701,-0.395,0.953,999.00,47.14,0,0
284.10,-2.701,-0.395,0.953,999.00,47.14,0,0
284.20,-2.701,-0.395,0.953,999.00,47.14,0,0
284.30,-2.701,-0.395,0.953,999.00,47.14,0,0
284.40,-2.701,-0.395,0.953,999.00,47.14,0,0
284.50,-2.701,-0.395,0.953,999.00,47.14,0,0
284.60,-2.701,-0.395,0.953,999.00,47.14,0,0
284.70,-2.701,-0.395,0.953,999.00,47.14,0,0
284.80,-2.701,-0.395,0.953,999.00,47.14,0,0
284.90,-2.701,-0.395,0.953,999.00,47.14,0,0
285.00,-2.701,-0.395,0.953,999.00,47.14,0,0
285.10,-2.701,-0.395,0.953,999.00,47.14,0,0
285.20,-2.701,-0.395,0.953,999.00,47.14,0,0
285.30,-2.701,-0.395,0.953,999.00,47.14,0,0
285.40,-2.701,-0.395,0.953,999.00,47.14,0,0
285.50,-2.701,-0.395,0.953,999.00,47.14,0,0
285.60,-2.701,-0.395,0.953,999.00,47.14,0,0
285.70,-2.701,-0.395,0.953,999.00,47.14,0,0
285.80,-2.701,-0.395,0.953,999.00,47.14,0,0
285.90,-2.701,-0.395,0.953,999.00,47.14,0,0
286.00,-2.701,-0.395,0.953,999.00,47.14,0,0
286.10,-2.701,-0.395,0.953,999.00,47.14,0,0
286.20,-2.701,-0.395,0.953,999.00,47.14,0,0
286.30,-2.701,-0.395,0.953,999.00,47.14,0,0
286.40,-2.701,-0.395,0.953,999.00,47.14,0,0
286.50,-2.701,-0.395,0.953,999.00,47.14,0,0
286.60,-2.701,-0.395,0.953,999.00,47.14,0,0
286.70,-2.701,-0.395,0.953,999.00,47.14,0,0
286.80,-2.701,-0.395,0.953,999.00,47.14,0,0
286.90,-2.701,-0.395,0.953,999.00,47.14,0,0
287.00,-2.701,-0.395,0.953,999.00,47.14,0,0
287.10,-2.701,-0.395,0.953,999.00,47.14,0,0
287.20,-2.701,-0.395,0.953,999.00,47.14,0,0
287.30,-2.701,-0.395,0.953,999.00,47.14,0,0
287.40,-2.701,-0.395,0.953,999.00,47.14,0,0
287.50,-2.701,-0.395,0.953,999.00,47.14,0,0
287.60,-2.701,-0.395,0.953,999.00,47.14,0,0
287.70,-2.701,-0.395,0.953,999.00,47.14,0,0
287.80,-2.701,-0.395,0.953,999.00,47.14,0,0
287.90,-2.701,-0.395,0.953,999.00,47.14,0,0
288.00,-2.701,-0.395,0.953,999.00,47.14,0,0
288.10,-2.701,-0.395,0.953,999.00,47.14,0,0
288.20,-2.701,-0.395,0.953,999.00,47.14,0,0
288.30,-2.701,-0.395,0.953,999.00,47.14,0,0
288.40,-2.701,-0.395,0.953,999.00,47.14,0,0
288.50,-2.701,-0.395,0.953,999.00,47.14,0,0
288.60,-2.701,-0.395,0.953,999.00,47.14,0,0
288.70,-2.701,-0.395,0.953,999.00,47.14,0,0
288.80,-2.701,-0.395,0.953,999.00,47.14,0,0
288.90,-2.701,-0.395,0.953,999.00,47.14,0,0
289.00,-2.701,-0.395,0.953,999.00,47.14,0,0
289.10,-2.701,-0.395,0.953,999.00,47.14,0,0
289.20,-2.701,-0.395,0.953,999.00,47.14,0,0
289.30,-2.701,-0.395,0.953,999.00,47.14,0,0
289.40,-2.701,-0.395,0.953,999.00,47.14,0,0
289.50,-2.701,-0.395,0.953,999.00,47.14,0,0
289.60,-2.701,-0.395,0.953,999.00,47.14,0,0
289.70,-2.701,-0.395,0.953,999.00,47.14,0,0
289.80,-2.701,-0.395,0.953,999.00,47.14,0,0
289.90,-2.701,-0.395,0.953,999.00,47.14,0,0
290.00,-2.701,-0.395,0.953,999.00,47.14,0,0
290.10,-2.701,-0.395,0.953,999.00,47.14,0,0
290.20,-2.701,-0.395,0.953,999.00,47.14,0,0
290.30,-2.701,-0.395,0.953,999.00,47.14,0,0
290.40,-2.701,-0.395,0.953,999.00,47.14,0,0
290.50,-2.701,-0.395,0.953,999.00,47.14,0,0
290.60,-2.701,-0.395,0.953,999.00,47.14,0,0
290.70,-2.701,-0.395,0.953,999.00,47.14,0,0
290.80,-2.701,-0.395,0.953,999.00,47.14,0,0
290.90,-2.701,-0.395,0.953,999.00,47.14,0,0
291.00,-2.701,-0.395,0.953,999.00,47.14,0,0
291.10,-2.701,-0.395,0.953,999.00,47.14,0,0
291.20,-2.701,-0.395,0.953,999.00,47.14,0,0
291.30,-2.701,-0.395,0.953,999.00,47.14,0,0
291.40,-2.701,-0.395,0.953,999.00,47.14,0,0
291.50,-2.701,-0.395,0.953,999.00,47.14,0,0
291.60,-2.701,-0.395,0.953,999.00,47.14,0,0
291.70,-2.701,-0.395,0.953,999.00,47.14,0,0
291.80,-2.701,-0.395,0.953,999.00,47.14,0,0
291.90,-2.701,-0.395,0.953,999.00,47.14,0,0
292.00,-2.701,-0.395,0.953,999.00,47.14,0,0
292.10,-2.701,-0.395,0.953,999.00,47.14,0,0
292.20,-2.701,-0.395,0.953,999.00,47.14,0,0
292.30,-2.701,-0.395,0.953,999.00,47.14,0,0
292.40,-2.701,-0.395,0.953,999.00,47.14,0,0
292.50,-2.701,-0.395,0.953,999.00,47.14,0,0
292.60,-2.701,-0.395,0.953,999.00,47.14,0,0
292.70,-2.701,-0.395,0.953,999.00,47.14,0,0
292.80,-2.701,-0.395,0.953,999.00,47.14,0,0
292.90,-2.701,-0.395,0.953,999.00,47.14,0,0
293.00,-2.701,-0.395,0.953,999.00,47.14,0,0
293.10,-2.701,-0.395,0.953,999.00,47.14,0,0
293.20,-2.701,-0.395,0.953,999.00,47.14,0,0
293.30,-2.701,-0.395,0.953,999.00,47.14,0,0
293.40,-2.701,-0.395,0.953,999.00,47.14,0,0
293.50,-2.701,-0.395,0.953,999.00,47.14,0,0
293.60,-2.701,-0.395,0.953,999.00,47.14,0,0
293.70,-2.701,-0.395,0.953,999.00,47.14,0,0
293.80,-2.701,-0.395,0.953,999.00,47.14,0,0
293.90,-2.701,-0.395,0.953,999.00,47.14,0,0
294.00,-2.701,-0.395,0.953,999.00,47.14,0,0
294.10,-2.701,-0.395,0.953,999.00,47.14,0,0
294.20,-2.701,-0.395,0.953,999.00,47.14,0,0
294.30,-2.701,-0.395,0.953,999.00,47.14,0,0
294.40,-2.701,-0.395,0.953,999.00,47.14,0,0
294.50,-2.701,-0.395,0.953,999.00,47.14,0,0
294.60,-2.701,-0.395,0.953,999.00,47.14,0,0
294.70,-2.701,-0.395,0.953,999.00,47.14,0,0
294.80,-2.701,-0.395,0.953,999.00,47.14,0,0
294.90,-2.701,-0.395,0.953,999.00,47.14,0,0
295.00,-2.701,-0.395,0.953,999.00,47.14,0,0
295.10,-2.701,-0.395,0.953,999.00,47.14,0,0
295.20,-2.701,-0.395,0.953,999.00,47.14,0,0
295.30,-2.701,-0.395,0.953,999.00,47.14,0,0
295.40,-2.701,-0.395,0.953,999.00,47.14,0,0
295.50,-2.701,-0.395,0.953,999.00,47.14,0,0
295.60,-2.701,-0.395,0.953,999.00,47.14,0,0
295.70,-2.701,-0.395,0.953,999.00,47.14,0,0
295.80,-2.701,-0.395,0.953,999.00,47.14,0,0
295.90,-2.701,-0.395,0.953,999.00,47.14,0,0
296.00,-2.701,-0.395,0.953,999.00,47.14,0,0
296.10,-2.701,-0.395,0.953,999.00,47.14,0,0
296.20,-2.701,-0.395,0.953,999.00,47.14,0,0
296.30,-2.701,-0.395,0.953,999.00,47.14,0,0
296.40,-2.701,-0.395,0.953,999.00,47.14,0,0
296.50,-2.701,-0.395,0.953,999.00,47.14,0,0
296.60,-2.701,-0.395,0.953,999.00,47.14,0,0
296.70,-2.701,-0.395,0.953,999.00,47.14,0,0
296.80,-2.701,-0.395,0.953,999.00,47.14,0,0
296.90,-2.701,-0.395,0.953,999.00,47.14,0,0
297.00,-2.701,-0.395,0.953,999.00,47.14,0,0
297.10,-2.701,-0.395,0.953,999.00,47.14,0,0
297.20,-2.701,-0.395,0.953,999.00,47.14,0,0
297.30,-2.701,-0.395,0.953,999.00,47.14,0,0
297.40,-2.701,-0.395,0.953,999.00,47.14,0,0
297.50,-2.701,-0.395,0.953,999.00,47.14,0,0
297.60,-2.701,-0.395,0.953,999.00,47.14,0,0
297.71,-2.701,-0.395,0.953,999.00,47.14,0,0
297.81,-2.701,-0.395,0.953,999.00,47.14,0,0
297.90,-2.701,-0.395,0.953,999.00,47.14,0,0
298.00,-2.701,-0.395,0.953,999.00,47.14,0,0
298.10,-2.701,-0.395,0.953,999.00,47.14,0,0
298.20,-2.701,-0.395,0.953,999.00,47.14,0,0
298.30,-2.701,-0.395,0.953,999.00,47.14,0,0
298.40,-2.701,-0.395,0.953,999.00,47.14,0,0
298.50,-2.701,-0.395,0.953,999.00,47.14,0,0
298.60,-2.701,-0.395,0.953,999.00,47.14,0,0
298.70,-2.701,-0.395,0.953,999.00,47.14,0,0
298.80,-2.701,-0.395,0.953,999.00,47.14,0,0
298.90,-2.701,-0.395,0.953,999.00,47.14,0,0
299.00,-2.701,-0.395,0.953,999.00,47.14,0,0
299.10,-2.701,-0.395,0.953,999.00,47.14,0,0
299.20,-2.701,-0.395,0.953,999.00,47.14,0,0
299.30,-2.701,-0.395,0.953,999.00,47.14,0,0
299.40,-2.701,-0.395,0.953,999.00,47.14,0,0
299.50,-2.701,-0.395,0.953,999.00,47.14,0,0
299.61,-2.701,-0.395,0.953,999.00,47.14,0,0
299.70,-2.701,-0.395,0.953,999.00,47.14,0,0
299.80,-2.701,-0.395,0.953,999.00,47.14,0,0
299.90,-2.701,-0.395,0.953,999.00,47.14,0,0
300.00,-2.701,-0.395,0.953,999.00,47.14,0,0
300.10,-2.701,-0.395,0.953,999.00,47.14,0,0
300.20,-2.701,-0.395,0.953,999.00,47.14,0,0
300.30,-2.701,-0.395,0.953,999.00,47.14,0,0
300.40,-2.701,-0.395,0.953,999.00,47.14,0,0
300.50,-2.701,-0.395,0.953,999.00,47.14,0,0
300.60,-2.701,-0.395,0.953,999.00,47.14,0,0
300.70,-2.701,-0.395,0.953,999.00,47.14,0,0
300.80,-2.701,-0.395,0.953,999.00,47.14,0,0
300.90,-2.701,-0.395,0.953,999.00,47.14,0,0
301.00,-2.701,-0.395,0.953,999.00,47.14,0,0
301.10,-2.701,-0.395,0.953,999.00,47.14,0,0
301.20,-2.701,-0.395,0.953,999.00,47.14,0,0
301.30,-2.701,-0.395,0.953,999.00,47.14,0,0
301.40,-2.701,-0.395,0.953,999.00,47.14,0,0
301.50,-2.701,-0.395,0.953,999.00,47.14,0,0
301.60,-2.701,-0.395,0.953,999.00,47.14,0,0
301.70,-2.701,-0.395,0.953,999.00,47.14,0,0
301.80,-2.701,-0.395,0.953,999.00,47.14,0,0
301.90,-2.701,-0.395,0.953,999.00,47.14,0,0
302.00,-2.701,-0.395,0.953,999.00,47.14,0,0
302.10,-2.701,-0.395,0.953,999.00,47.14,0,0
302.20,-2.701,-0.395,0.953,999.00,47.14,0,0
302.30,-2.701,-0.395,0.953,999.00,47.14,0,0
302.40,-2.701,-0.395,0.953,999.00,47.14,0,0
302.50,-2.701,-0.395,0.953,999.00,47.14,0,0
302.60,-2.701,-0.395,0.953,999.00,47.14,0,0
302.70,-2.701,-0.395,0.953,999.00,47.14,0,0
302.80,-2.701,-0.395,0.953,999.00,47.14,0,0
302.90,-2.701,-0.395,0.953,999.00,47.14,0,0
303.00,-2.701,-0.395,0.953,999.00,47.14,0,0
303.10,-2.701,-0.395,0.953,999.00,47.14,0,0
303.20,-2.701,-0.395,0.953,999.00,47.14,0,0
303.30,-2.701,-0.395,0.953,999.00,47.14,0,0
303.40,-2.701,-0.395,0.953,999.00,47.14,0,0
303.50,-2.701,-0.395,0.953,999.00,47.14,0,0
303.60,-2.701,-0.395,0.953,999.00,47.14,0,0
303.70,-2.701,-0.395,0.953,999.00,47.14,0,0
303.80,-2.701,-0.395,0.953,999.00,47.14,0,0
303.90,-2.701,-0.395,0.953,999.00,47.14,0,0
304.00,-2.701,-0.395,0.953,999.00,47.14,0,0
304.10,-2.701,-0.395,0.953,999.00,47.14,0,0
304.20,-2.701,-0.395,0.953,999.00,47.14,0,0
304.30,-2.701,-0.395,0.953,999.00,47.14,0,0
304.40,-2.701,-0.395,0.953,999.00,47.14,0,0
304.50,-2.701,-0.395,0.953,999.00,47.14,0,0
304.60,-2.701,-0.395,0.953,999.00,47.14,0,0
304.70,-2.701,-0.395,0.953,999.00,47.14,0,0
304.80,-2.701,-0.395,0.953,999.00,47.14,0,0
304.90,-2.701,-0.395,0.953,999.00,47.14,0,0
305.00,-2.701,-0.395,0.953,999.00,47.14,0,0
305.10,-2.701,-0.395,0.953,999.00,47.14,0,0
305.20,-2.701,-0.395,0.953,999.00,47.14,0,0
305.30,-2.701,-0.395,0.953,999.00,47.14,0,0
305.40,-2.701,-0.395,0.953,999.00,47.14,0,0
305.50,-2.701,-0.395,0.953,999.00,47.14,0,0
305.60,-2.701,-0.395,0.953,999.00,47.14,0,0
305.70,-2.701,-0.395,0.953,999.00,47.14,0,0
305.80,-2.701,-0.395,0.953,999.00,47.14,0,0
305.90,-2.701,-0.395,0.953,999.00,47.14,0,0
306.00,-2.701,-0.395,0.953,999.00,47.14,0,0
306.10,-2.701,-0.395,0.953,999.00,47.14,0,0
306.20,-2.701,-0.395,0.953,999.00,47.14,0,0
306.30,-2.701,-0.395,0.953,999.00,47.14,0,0
306.40,-2.701,-0.395,0.953,999.00,47.14,0,0
306.50,-2.701,-0.395,0.953,999.00,47.14,0,0
306.60,-2.701,-0.395,0.953,999.00,47.14,0,0
306.70,-2.701,-0.395,0.953,999.00,47.14,0,0
306.80,-2.701,-0.395,0.953,999.00,47.14,0,0
306.90,-2.701,-0.395,0.953,999.00,47.14,0,0
307.00,-2.701,-0.395,0.953,999.00,47.14,0,0
307.10,-2.701,-0.395,0.953,999.00,47.14,0,0
307.20,-2.701,-0.395,0.953,999.00,47.14,0,0
307.30,-2.701,-0.395,0.953,999.00,47.14,0,0
307.40,-2.701,-0.395,0.953,999.00,47.14,0,0
307.50,-2.701,-0.395,0.953,999.00,47.14,0,0
307.60,-2.701,-0.395,0.953,999.00,47.14,0,0
307.70,-2.701,-0.395,0.953,999.00,47.14,0,0
307.80,-2.701,-0.395,0.953,999.00,47.14,0,0
307.90,-2.701,-0.395,0.953,999.00,47.14,0,0
308.00,-2.701,-0.395,0.953,999.00,47.14,0,0
308.10,-2.701,-0.395,0.953,999.00,47.14,0,0
308.20,-2.701,-0.395,0.953,999.00,47.14,0,0
308.30,-2.701,-0.395,0.953,999.00,47.14,0,0
308.40,-2.701,-0.395,0.953,999.00,47.14,0,0
308.50,-2.701,-0.395,0.953,999.00,47.14,0,0
308.60,-2.701,-0.395,0.953,999.00,47.14,0,0
308.70,-2.701,-0.395,0.953,999.00,47.14,0,0
308.80,-2.701,-0.395,0.953,999.00,47.14,0,0
308.90,-2.701,-0.395,0.953,999.00,47.14,0,0
309.00,-2.701,-0.395,0.953,999.00,47.14,0,0
309.10,-2.701,-0.395,0.953,999.00,47.14,0,0
309.20,-2.701,-0.395,0.953,999.00,47.14,0,0
309.30,-2.701,-0.395,0.953,999.00,47.14,0,0
309.40,-2.701,-0.395,0.953,999.00,47.14,0,0
309.50,-2.701,-0.395,0.953,999.00,47.14,0,0
309.60,-2.701,-0.395,0.953,999.00,47.14,0,0
309.70,-2.701,-0.395,0.953,999.00,47.14,0,0
309.80,-2.701,-0.395,0.953,999.00,47.14,0,0
309.90,-2.701,-0.395,0.953,999.00,47.14,0,0
310.00,-2.701,-0.395,0.953,999.00,47.14,0,0
310.10,-2.701,-0.395,0.953,999.00,47.14,0,0
310.20,-2.701,-0.395,0.953,999.00,47.14,0,0
310.30,-2.701,-0.395,0.953,999.00,47.14,0,0
310.40,-2.701,-0.395,0.953,999.00,47.14,0,0
310.50,-2.701,-0.395,0.953,999.00,47.14,0,0
310.60,-2.701,-0.395,0.953,999.00,47.14,0,0
310.70,-2.701,-0.395,0.953,999.00,47.14,0,0
310.80,-2.701,-0.395,0.953,999.00,47.14,0,0
310.90,-2.701,-0.395,0.953,999.00,47.14,0,0
311.00,-2.701,-0.395,0.953,999.00,47.14,0,0
311.10,-2.701,-0.395,0.953,999.00,47.14,0,0
311.20,-2.701,-0.395,0.953,999.00,47.14,0,0
311.30,-2.701,-0.395,0.953,999.00,47.14,0,0
311.40,-2.701,-0.395,0.953,999.00,47.14,0,0
311.50,-2.701,-0.395,0.953,999.00,47.14,0,0
311.60,-2.701,-0.395,0.953,999.00,47.14,0,0
311.70,-2.701,-0.395,0.953,999.00,47.14,0,0
311.80,-2.701,-0.395,0.953,999.00,47.14,0,0
311.90,-2.701,-0.395,0.953,999.00,47.14,0,0
312.00,-2.701,-0.395,0.953,999.00,47.14,0,0
312.10,-2.701,-0.395,0.953,999.00,47.14,0,0
312.20,-2.701,-0.395,0.953,999.00,47.14,0,0
312.30,-2.701,-0.395,0.953,999.00,47.14,0,0
312.40,-2.701,-0.395,0.953,999.00,47.14,0,0
312.50,-2.701,-0.395,0.953,999.00,47.14,0,0
312.60,-2.701,-0.395,0.953,999.00,47.14,0,0
312.70,-2.701,-0.395,0.953,999.00,47.14,0,0
312.80,-2.701,-0.395,0.953,999.00,47.14,0,0
312.90,-2.701,-0.395,0.953,999.00,47.14,0,0
313.00,-2.701,-0.395,0.953,999.00,47.14,0,0
313.10,-2.701,-0.395,0.953,999.00,47.14,0,0
313.20,-2.701,-0.395,0.953,999.00,47.14,0,0
313.30,-2.701,-0.395,0.953,999.00,47.14,0,0
313.40,-2.701,-0.395,0.953,999.00,47.14,0,0
313.50,-2.701,-0.395,0.953,999.00,47.14,0,0
313.60,-2.701,-0.395,0.953,999.00,47.14,0,0
313.70,-2.701,-0.395,0.953,999.00,47.14,0,0
313.80,-2.701,-0.395,0.953,999.00,47.14,0,0
313.90,-2.701,-0.395,0.953,999.00,47.14,0,0
314.00,-2.701,-0.395,0.953,999.00,47.14,0,0
314.10,-2.701,-0.395,0.953,999.00,47.14,0,0
314.20,-2.701,-0.395,0.953,999.00,47.14,0,0
314.30,-2.701,-0.395,0.953,999.00,47.14,0,0
314.40,-2.701,-0.395,0.953,999.00,47.14,0,0
314.50,-2.701,-0.395,0.953,999.00,47.14,0,0
314.60,-2.701,-0.395,0.953,999.00,47.14,0,0
314.70,-2.701,-0.395,0.953,999.00,47.14,0,0
314.80,-2.701,-0.395,0.953,999.00,47.14,0,0
314.91,-2.701,-0.395,0.953,999.00,47.14,0,0
315.00,-2.701,-0.395,0.953,999.00,47.14,0,0
315.10,-2.701,-0.395,0.953,999.00,47.14,0,0
315.20,-2.701,-0.395,0.953,999.00,47.14,0,0
315.30,-2.701,-0.395,0.953,999.00,47.14,0,0
315.40,-2.701,-0.395,0.953,999.00,47.14,0,0
315.50,-2.701,-0.395,0.953,999.00,47.14,0,0
315.60,-2.701,-0.395,0.953,999.00,47.14,0,0
315.70,-2.701,-0.395,0.953,999.00,47.14,0,0
315.80,-2.701,-0.395,0.953,999.00,47.14,0,0
315.91,-2.701,-0.395,0.953,999.00,47.14,0,0
316.00,-2.701,-0.395,0.953,999.00,47.14,0,0
316.10,-2.701,-0.395,0.953,999.00,47.14,0,0
316.20,-2.701,-0.395,0.953,999.00,47.14,0,0
316.30,-2.701,-0.395,0.953,999.00,47.14,0,0
316.40,-2.701,-0.395,0.953,999.00,47.14,0,0
316.50,-2.701,-0.395,0.953,999.00,47.14,0,0
316.60,-2.701,-0.395,0.953,999.00,47.14,0,0
316.70,-2.701,-0.395,0.953,999.00,47.14,0,0
316.80,-2.701,-0.395,0.953,999.00,47.14,0,0
316.90,-2.701,-0.395,0.953,999.00,47.14,0,0
317.00,-2.701,-0.395,0.953,999.00,47.14,0,0
317.10,-2.701,-0.395,0.953,999.00,47.14,0,0
317.20,-2.701,-0.395,0.953,999.00,47.14,0,0
317.30,-2.701,-0.395,0.953,999.00,47.14,0,0
317.40,-2.701,-0.395,0.953,999.00,47.14,0,0
317.50,-2.701,-0.395,0.953,999.00,47.14,0,0
317.60,-2.701,-0.395,0.953,999.00,47.14,0,0
317.70,-2.701,-0.395,0.953,999.00,47.14,0,0
317.80,-2.701,-0.395,0.953,999.00,47.14,0,0
317.90,-2.701,-0.395,0.953,999.00,47.14,0,0
318.00,-2.701,-0.395,0.953,999.00,47.14,0,0
318.10,-2.701,-0.395,0.953,999.00,47.14,0,0
318.20,-2.701,-0.395,0.953,999.00,47.14,0,0
318.30,-2.701,-0.395,0.953,999.00,47.14,0,0
318.40,-2.701,-0.395,0.953,999.00,47.14,0,0
318.50,-2.701,-0.395,0.953,999.00,47.14,0,0
318.60,-2.701,-0.395,0.953,999.00,47.14,0,0
318.70,-2.701,-0.395,0.953,999.00,47.14,0,0
318.80,-2.701,-0.395,0.953,999.00,47.14,0,0
318.90,-2.701,-0.395,0.953,999.00,47.14,0,0
319.00,-2.701,-0.395,0.953,999.00,47.14,0,0
319.10,-2.701,-0.395,0.953,999.00,47.14,0,0
319.20,-2.701,-0.395,0.953,999.00,47.14,0,0
319.31,-2.701,-0.395,0.953,999.00,47.14,0,0
319.40,-2.701,-0.395,0.953,999.00,47.14,0,0
319.50,-2.701,-0.395,0.953,999.00,47.14,0,0
319.60,-2.701,-0.395,0.953,999.00,47.14,0,0
319.70,-2.701,-0.395,0.953,999.00,47.14,0,0
319.80,-2.701,-0.395,0.953,999.00,47.14,0,0
319.90,-2.701,-0.395,0.953,999.00,47.14,0,0
320.00,-2.701,-0.395,0.953,999.00,47.14,0,0
320.10,-2.701,-0.395,0.953,999.00,47.14,0,0
320.20,-2.701,-0.395,0.953,999.00,47.14,0,0
320.30,-2.701,-0.395,0.953,999.00,47.14,0,0
320.40,-2.701,-0.395,0.953,999.00,47.14,0,0
320.50,-2.701,-0.395,0.953,999.00,47.14,0,0
320.60,-2.701,-0.395,0.953,999.00,47.14,0,0
320.70,-2.701,-0.395,0.953,999.00,47.14,0,0
320.80,-2.701,-0.395,0.953,999.00,47.14,0,0
320.91,-2.701,-0.395,0.953,999.00,47.14,0,0
321.00,-2.701,-0.395,0.953,999.00,47.14,0,0
321.10,-2.701,-0.395,0.953,999.00,47.14,0,0
321.20,-2.701,-0.395,0.953,999.00,47.14,0,0
321.30,-2.701,-0.395,0.953,999.00,47.14,0,0
321.41,-2.701,-0.395,0.953,999.00,47.14,0,0
321.50,-2.701,-0.395,0.953,999.00,47.14,0,0
321.60,-2.701,-0.395,0.953,999.00,47.14,0,0
321.70,-2.701,-0.395,0.953,999.00,47.14,0,0
321.80,-2.701,-0.395,0.953,999.00,47.14,0,0
321.90,-2.701,-0.395,0.953,999.00,47.14,0,0
322.00,-2.701,-0.395,0.953,999.00,47.14,0,0
322.10,-2.701,-0.395,0.953,999.00,47.14,0,0
322.20,-2.701,-0.395,0.953,999.00,47.14,0,0
322.30,-2.701,-0.395,0.953,999.00,47.14,0,0
322.40,-2.701,-0.395,0.953,999.00,47.14,0,0
322.50,-2.701,-0.395,0.953,999.00,47.14,0,0
322.60,-2.701,-0.395,0.953,999.00,47.14,0,0
322.70,-2.701,-0.395,0.953,999.00,47.14,0,0
322.80,-2.701,-0.395,0.953,999.00,47.14,0,0
322.90,-2.701,-0.395,0.953,999.00,47.14,0,0
323.00,-2.701,-0.395,0.953,999.00,47.14,0,0
323.10,-2.701,-0.395,0.953,999.00,47.14,0,0
323.20,-2.701,-0.395,0.953,999.00,47.14,0,0
323.30,-2.701,-0.395,0.953,999.00,47.14,0,0
323.40,-2.701,-0.395,0.953,999.00,47.14,0,0
323.50,-2.701,-0.395,0.953,999.00,47.14,0,0
323.60,-2.701,-0.395,0.953,999.00,47.14,0,0
323.70,-2.701,-0.395,0.953,999.00,47.14,0,0
323.80,-2.701,-0.395,0.953,999.00,47.14,0,0
323.90,-2.701,-0.395,0.953,999.00,47.14,0,0
324.00,-2.701,-0.395,0.953,999.00,47.14,0,0
324.10,-2.701,-0.395,0.953,999.00,47.14,0,0
324.20,-2.701,-0.395,0.953,999.00,47.14,0,0
324.30,-2.701,-0.395,0.953,999.00,47.14,0,0
324.40,-2.701,-0.395,0.953,999.00,47.14,0,0
324.50,-2.701,-0.395,0.953,999.00,47.14,0,0
324.60,-2.701,-0.395,0.953,999.00,47.14,0,0
324.70,-2.701,-0.395,0.953,999.00,47.14,0,0
324.80,-2.701,-0.395,0.953,999.00,47.14,0,0
324.90,-2.701,-0.395,0.953,999.00,47.14,0,0
325.00,-2.701,-0.395,0.953,999.00,47.14,0,0
325.10,-2.701,-0.395,0.953,999.00,47.14,0,0
325.20,-2.701,-0.395,0.953,999.00,47.14,0,0
325.30,-2.701,-0.395,0.953,999.00,47.14,0,0
325.40,-2.701,-0.395,0.953,999.00,47.14,0,0
325.50,-2.701,-0.395,0.953,999.00,47.14,0,0
325.60,-2.701,-0.395,0.953,999.00,47.14,0,0
325.70,-2.701,-0.395,0.953,999.00,47.14,0,0
325.80,-2.701,-0.395,0.953,999.00,47.14,0,0
325.90,-2.701,-0.395,0.953,999.00,47.14,0,0
326.00,-2.701,-0.395,0.953,999.00,47.14,0,0
326.10,-2.701,-0.395,0.953,999.00,47.14,0,0
326.20,-2.701,-0.395,0.953,999.00,47.14,0,0
326.30,-2.701,-0.395,0.953,999.00,47.14,0,0
326.40,-2.701,-0.395,0.953,999.00,47.14,0,0
326.50,-2.701,-0.395,0.953,999.00,47.14,0,0
326.60,-2.701,-0.395,0.953,999.00,47.14,0,0
326.70,-2.701,-0.395,0.953,999.00,47.14,0,0
326.80,-2.701,-0.395,0.953,999.00,47.14,0,0
326.90,-2.701,-0.395,0.953,999.00,47.14,0,0
327.00,-2.701,-0.395,0.953,999.00,47.14,0,0
327.10,-2.701,-0.395,0.953,999.00,47.14,0,0
327.20,-2.701,-0.395,0.953,999.00,47.14,0,0
327.30,-2.701,-0.395,0.953,999.00,47.14,0,0
327.40,-2.701,-0.395,0.953,999.00,47.14,0,0
327.50,-2.701,-0.395,0.953,999.00,47.14,0,0
327.60,-2.701,-0.395,0.953,999.00,47.14,0,0
327.70,-2.701,-0.395,0.953,999.00,47.14,0,0
327.80,-2.701,-0.395,0.953,999.00,47.14,0,0
327.90,-2.701,-0.395,0.953,999.00,47.14,0,0
328.00,-2.701,-0.395,0.953,999.00,47.14,0,0
328.10,-2.701,-0.395,0.953,999.00,47.14,0,0
328.20,-2.701,-0.395,0.953,999.00,47.14,0,0
328.30,-2.701,-0.395,0.953,999.00,47.14,0,0
328.40,-2.701,-0.395,0.953,999.00,47.14,0,0
328.50,-2.701,-0.395,0.953,999.00,47.14,0,0
328.60,-2.701,-0.395,0.953,999.00,47.14,0,0
328.70,-2.701,-0.395,0.953,999.00,47.14,0,0
328.80,-2.701,-0.395,0.953,999.00,47.14,0,0
328.90,-2.701,-0.395,0.953,999.00,47.14,0,0
329.00,-2.701,-0.395,0.953,999.00,47.14,0,0
329.10,-2.701,-0.395,0.953,999.00,47.14,0,0
329.20,-2.701,-0.395,0.953,999.00,47.14,0,0
329.30,-2.701,-0.395,0.953,999.00,47.14,0,0
329.40,-2.701,-0.395,0.953,999.00,47.14,0,0
329.50,-2.701,-0.395,0.953,999.00,47.14,0,0
329.60,-2.701,-0.395,0.953,999.00,47.14,0,0
329.70,-2.701,-0.395,0.953,999.00,47.14,0,0
329.80,-2.701,-0.395,0.953,999.00,47.14,0,0
329.90,-2.701,-0.395,0.953,999.00,47.14,0,0
330.00,-2.701,-0.395,0.953,999.00,47.14,0,0
330.10,-2.701,-0.395,0.953,999.00,47.14,0,0
330.21,-2.701,-0.395,0.953,999.00,47.14,0,0
330.30,-2.701,-0.395,0.953,999.00,47.14,0,0
330.40,-2.701,-0.395,0.953,999.00,47.14,0,0
330.50,-2.701,-0.395,0.953,999.00,47.14,0,0
330.60,-2.701,-0.395,0.953,999.00,47.14,0,0
330.70,-2.701,-0.395,0.953,999.00,47.14,0,0
330.80,-2.701,-0.395,0.953,999.00,47.14,0,0
330.90,-2.701,-0.395,0.953,999.00,47.14,0,0
331.00,-2.701,-0.395,0.953,999.00,47.14,0,0
331.10,-2.701,-0.395,0.953,999.00,47.14,0,0
331.20,-2.701,-0.395,0.953,999.00,47.14,0,0
331.30,-2.701,-0.395,0.953,999.00,47.14,0,0
331.40,-2.701,-0.395,0.953,999.00,47.14,0,0
331.50,-2.701,-0.395,0.953,999.00,47.14,0,0
331.60,-2.701,-0.395,0.953,999.00,47.14,0,0
331.70,-2.701,-0.395,0.953,999.00,47.14,0,0
331.80,-2.701,-0.395,0.953,999.00,47.14,0,0
331.90,-2.701,-0.395,0.953,999.00,47.14,0,0
332.00,-2.701,-0.395,0.953,999.00,47.14,0,0
332.10,-2.701,-0.395,0.953,999.00,47.14,0,0
332.20,-2.701,-0.395,0.953,999.00,47.14,0,0
332.30,-2.701,-0.395,0.953,999.00,47.14,0,0
332.40,-2.701,-0.395,0.953,999.00,47.14,0,0
332.50,-2.701,-0.395,0.953,999.00,47.14,0,0
332.60,-2.701,-0.395,0.953,999.00,47.14,0,0
332.70,-2.701,-0.395,0.953,999.00,47.14,0,0
332.80,-2.701,-0.395,0.953,999.00,47.14,0,0
332.90,-2.701,-0.395,0.953,999.00,47.14,0,0
333.00,-2.701,-0.395,0.953,999.00,47.14,0,0
333.11,-2.701,-0.395,0.953,999.00,47.14,0,0
333.20,-2.701,-0.395,0.953,999.00,47.14,0,0
333.30,-2.701,-0.395,0.953,999.00,47.14,0,0
333.40,-2.701,-0.395,0.953,999.00,47.14,0,0
333.50,-2.701,-0.395,0.953,999.00,47.14,0,0
333.60,-2.701,-0.395,0.953,999.00,47.14,0,0
333.70,-2.701,-0.395,0.953,999.00,47.14,0,0
333.80,-2.701,-0.395,0.953,999.00,47.14,0,0
333.90,-2.701,-0.395,0.953,999.00,47.14,0,0
334.00,-2.701,-0.395,0.953,999.00,47.14,0,0
334.10,-2.701,-0.395,0.953,999.00,47.14,0,0
334.20,-2.701,-0.395,0.953,999.00,47.14,0,0
334.30,-2.701,-0.395,0.953,999.00,47.14,0,0
334.40,-2.701,-0.395,0.953,999.00,47.14,0,0
334.50,-2.701,-0.395,0.953,999.00,47.14,0,0
334.60,-2.701,-0.395,0.953,999.00,47.14,0,0
334.70,-2.701,-0.395,0.953,999.00,47.14,0,0
334.80,-2.701,-0.395,0.953,999.00,47.14,0,0
334.90,-2.701,-0.395,0.953,999.00,47.14,0,0
335.00,-2.701,-0.395,0.953,999.00,47.14,0,0
335.10,-2.701,-0.395,0.953,999.00,47.14,0,0
335.20,-2.701,-0.395,0.953,999.00,47.14,0,0
335.30,-2.701,-0.395,0.953,999.00,47.14,0,0
335.40,-2.701,-0.395,0.953,999.00,47.14,0,0
335.50,-2.701,-0.395,0.953,999.00,47.14,0,0
335.60,-2.701,-0.395,0.953,999.00,47.14,0,0
335.70,-2.701,-0.395,0.953,999.00,47.14,0,0
335.80,-2.701,-0.395,0.953,999.00,47.14,0,0
335.90,-2.701,-0.395,0.953,999.00,47.14,0,0
336.00,-2.701,-0.395,0.953,999.00,47.14,0,0
336.11,-2.701,-0.395,0.953,999.00,47.14,0,0
336.20,-2.701,-0.395,0.953,999.00,47.14,0,0
336.30,-2.701,-0.395,0.953,999.00,47.14,0,0
336.40,-2.701,-0.395,0.953,999.00,47.14,0,0
336.50,-2.701,-0.395,0.953,999.00,47.14,0,0
336.60,-2.701,-0.395,0.953,999.00,47.14,0,0
336.70,-2.701,-0.395,0.953,999.00,47.14,0,0
336.81,-2.701,-0.395,0.953,999.00,47.14,0,0
336.90,-2.701,-0.395,0.953,999.00,47.14,0,0
337.00,-2.701,-0.395,0.953,999.00,47.14,0,0
337.10,-2.701,-0.395,0.953,999.00,47.14,0,0
337.20,-2.701,-0.395,0.953,999.00,47.14,0,0
337.30,-2.701,-0.395,0.953,999.00,47.14,0,0
337.40,-2.701,-0.395,0.953,999.00,47.14,0,0
337.50,-2.701,-0.395,0.953,999.00,47.14,0,0
337.60,-2.701,-0.395,0.953,999.00,47.14,0,0
337.70,-2.701,-0.395,0.953,999.00,47.14,0,0
337.80,-2.701,-0.395,0.953,999.00,47.14,0,0
337.90,-2.701,-0.395,0.953,999.00,47.14,0,0
338.00,-2.701,-0.395,0.953,999.00,47.14,0,0
338.10,-2.701,-0.395,0.953,999.00,47.14,0,0
338.20,-2.701,-0.395,0.953,999.00,47.14,0,0
338.30,-2.701,-0.395,0.953,999.00,47.14,0,0
338.40,-2.701,-0.395,0.953,999.00,47.14,0,0
338.50,-2.701,-0.395,0.953,999.00,47.14,0,0
338.60,-2.701,-0.395,0.953,999.00,47.14,0,0
338.70,-2.701,-0.395,0.953,999.00,47.14,0,0
338.80,-2.701,-0.395,0.953,999.00,47.14,0,0
338.90,-2.701,-0.395,0.953,999.00,47.14,0,0
339.00,-2.701,-0.395,0.953,999.00,47.14,0,0
339.10,-2.701,-0.395,0.953,999.00,47.14,0,0
339.20,-2.701,-0.395,0.953,999.00,47.14,0,0
339.30,-2.701,-0.395,0.953,999.00,47.14,0,0
339.40,-2.701,-0.395,0.953,999.00,47.14,0,0
339.50,-2.701,-0.395,0.953,999.00,47.14,0,0
339.60,-2.701,-0.395,0.953,999.00,47.14,0,0
339.70,-2.701,-0.395,0.953,999.00,47.14,0,0
339.80,-2.701,-0.395,0.953,999.00,47.14,0,0
339.90,-2.701,-0.395,0.953,999.00,47.14,0,0
340.00,-2.701,-0.395,0.953,999.00,47.14,0,0
340.10,-2.701,-0.395,0.953,999.00,47.14,0,0
340.20,-2.701,-0.395,0.953,999.00,47.14,0,0
340.30,-2.701,-0.395,0.953,999.00,47.14,0,0
340.40,-2.701,-0.395,0.953,999.00,47.14,0,0
340.50,-2.701,-0.395,0.953,999.00,47.14,0,0
340.60,-2.701,-0.395,0.953,999.00,47.14,0,0
340.70,-2.701,-0.395,0.953,999.00,47.14,0,0
340.80,-2.701,-0.395,0.953,999.00,47.14,0,0
340.90,-2.701,-0.395,0.953,999.00,47.14,0,0
341.00,-2.701,-0.395,0.953,999.00,47.14,0,0
341.10,-2.701,-0.395,0.953,999.00,47.14,0,0
341.20,-2.701,-0.395,0.953,999.00,47.14,0,0
341.30,-2.701,-0.395,0.953,999.00,47.14,0,0
341.40,-2.701,-0.395,0.953,999.00,47.14,0,0
341.50,-2.701,-0.395,0.953,999.00,47.14,0,0
341.60,-2.701,-0.395,0.953,999.00,47.14,0,0
341.70,-2.701,-0.395,0.953,999.00,47.14,0,0
341.80,-2.701,-0.395,0.953,999.00,47.14,0,0
341.90,-2.701,-0.395,0.953,999.00,47.14,0,0
342.00,-2.701,-0.395,0.953,999.00,47.14,0,0
342.10,-2.701,-0.395,0.953,999.00,47.14,0,0
342.20,-2.701,-0.395,0.953,999.00,47.14,0,0
342.30,-2.701,-0.395,0.953,999.00,47.14,0,0
342.40,-2.701,-0.395,0.953,999.00,47.14,0,0
342.50,-2.701,-0.395,0.953,999.00,47.14,0,0
342.60,-2.701,-0.395,0.953,999.00,47.14,0,0
342.70,-2.701,-0.395,0.953,999.00,47.14,0,0
342.80,-2.701,-0.395,0.953,999.00,47.14,0,0
342.90,-2.701,-0.395,0.953,999.00,47.14,0,0
343.00,-2.701,-0.395,0.953,999.00,47.14,0,0
343.10,-2.701,-0.395,0.953,999.00,47.14,0,0
343.20,-2.701,-0.395,0.953,999.00,47.14,0,0
343.30,-2.701,-0.395,0.953,999.00,47.14,0,0
343.40,-2.701,-0.395,0.953,999.00,47.14,0,0
343.50,-2.701,-0.395,0.953,999.00,47.14,0,0
343.60,-2.701,-0.395,0.953,999.00,47.14,0,0
343.70,-2.701,-0.395,0.953,999.00,47.14,0,0
343.80,-2.701,-0.395,0.953,999.00,47.14,0,0
343.90,-2.701,-0.395,0.953,999.00,47.14,0,0
344.00,-2.701,-0.395,0.953,999.00,47.14,0,0
344.10,-2.701,-0.395,0.953,999.00,47.14,0,0
344.20,-2.701,-0.395,0.953,999.00,47.14,0,0
344.30,-2.701,-0.395,0.953,999.00,47.14,0,0
344.40,-2.701,-0.395,0.953,999.00,47.14,0,0
344.50,-2.701,-0.395,0.953,999.00,47.14,0,0
344.60,-2.701,-0.395,0.953,999.00,47.14,0,0
344.70,-2.701,-0.395,0.953,999.00,47.14,0,0
344.80,-2.701,-0.395,0.953,999.00,47.14,0,0
344.90,-2.701,-0.395,0.953,999.00,47.14,0,0
345.00,-2.701,-0.395,0.953,999.00,47.14,0,0
345.10,-2.701,-0.395,0.953,999.00,47.14,0,0
345.21,-2.701,-0.395,0.953,999.00,47.14,0,0
345.30,-2.701,-0.395,0.953,999.00,47.14,0,0
345.40,-2.701,-0.395,0.953,999.00,47.14,0,0
345.50,-2.701,-0.395,0.953,999.00,47.14,0,0
345.60,-2.701,-0.395,0.953,999.00,47.14,0,0
345.70,-2.701,-0.395,0.953,999.00,47.14,0,0
345.80,-2.701,-0.395,0.953,999.00,47.14,0,0
345.90,-2.701,-0.395,0.953,999.00,47.14,0,0
346.00,-2.701,-0.395,0.953,999.00,47.14,0,0
346.10,-2.701,-0.395,0.953,999.00,47.14,0,0
346.20,-2.701,-0.395,0.953,999.00,47.14,0,0
346.30,-2.701,-0.395,0.953,999.00,47.14,0,0
346.40,-2.701,-0.395,0.953,999.00,47.14,0,0
346.50,-2.701,-0.395,0.953,999.00,47.14,0,0
346.60,-2.701,-0.395,0.953,999.00,47.14,0,0
346.70,-2.701,-0.395,0.953,999.00,47.14,0,0
346.80,-2.701,-0.395,0.953,999.00,47.14,0,0
346.90,-2.701,-0.395,0.953,999.00,47.14,0,0
347.00,-2.701,-0.395,0.953,999.00,47.14,0,0
347.10,-2.701,-0.395,0.953,999.00,47.14,0,0
347.20,-2.701,-0.395,0.953,999.00,47.14,0,0
347.30,-2.701,-0.395,0.953,999.00,47.14,0,0
347.40,-2.701,-0.395,0.953,999.00,47.14,0,0
347.50,-2.701,-0.395,0.953,999.00,47.14,0,0
347.60,-2.701,-0.395,0.953,999.00,47.14,0,0
347.70,-2.701,-0.395,0.953,999.00,47.14,0,0
347.80,-2.701,-0.395,0.953,999.00,47.14,0,0
347.90,-2.701,-0.395,0.953,999.00,47.14,0,0
348.00,-2.701,-0.395,0.953,999.00,47.14,0,0
348.10,-2.701,-0.395,0.953,999.00,47.14,0,0
348.20,-2.701,-0.395,0.953,999.00,47.14,0,0
348.30,-2.701,-0.395,0.953,999.00,47.14,0,0
348.40,-2.701,-0.395,0.953,999.00,47.14,0,0
348.50,-2.701,-0.395,0.953,999.00,47.14,0,0
348.60,-2.701,-0.395,0.953,999.00,47.14,0,0
348.70,-2.701,-0.395,0.953,999.00,47.14,0,0
348.80,-2.701,-0.395,0.953,999.00,47.14,0,0
348.90,-2.701,-0.395,0.953,999.00,47.14,0,0
349.00,-2.701,-0.395,0.953,999.00,47.14,0,0
349.10,-2.701,-0.395,0.953,999.00,47.14,0,0
349.20,-2.701,-0.395,0.953,999.00,47.14,0,0
349.30,-2.701,-0.395,0.953,999.00,47.14,0,0
349.40,-2.701,-0.395,0.953,999.00,47.14,0,0
349.50,-2.701,-0.395,0.953,999.00,47.14,0,0
349.60,-2.701,-0.395,0.953,999.00,47.14,0,0
349.70,-2.701,-0.395,0.953,999.00,47.14,0,0
349.80,-2.701,-0.395,0.953,999.00,47.14,0,0
349.90,-2.701,-0.395,0.953,999.00,47.14,0,0
350.00,-2.701,-0.395,0.953,999.00,47.14,0,0
350.10,-2.701,-0.395,0.953,999.00,47.14,0,0
350.20,-2.701,-0.395,0.953,999.00,47.14,0,0
350.30,-2.701,-0.395,0.953,999.00,47.14,0,0
350.40,-2.701,-0.395,0.953,999.00,47.14,0,0
350.50,-2.701,-0.395,0.953,999.00,47.14,0,0
350.60,-2.701,-0.395,0.953,999.00,47.14,0,0
350.70,-2.701,-0.395,0.953,999.00,47.14,0,0
350.81,-2.701,-0.395,0.953,999.00,47.14,0,0
350.90,-2.701,-0.395,0.953,999.00,47.14,0,0
351.00,-2.701,-0.395,0.953,999.00,47.14,0,0
351.10,-2.701,-0.395,0.953,999.00,47.14,0,0
351.20,-2.701,-0.395,0.953,999.00,47.14,0,0
351.30,-2.701,-0.395,0.953,999.00,47.14,0,0
351.40,-2.701,-0.395,0.953,999.00,47.14,0,0
351.50,-2.701,-0.395,0.953,999.00,47.14,0,0
351.60,-2.701,-0.395,0.953,999.00,47.14,0,0
351.70,-2.701,-0.395,0.953,999.00,47.14,0,0
351.80,-2.701,-0.395,0.953,999.00,47.14,0,0
351.90,-2.701,-0.395,0.953,999.00,47.14,0,0
352.00,-2.701,-0.395,0.953,999.00,47.14,0,0
352.10,-2.701,-0.395,0.953,999.00,47.14,0,0
352.20,-2.701,-0.395,0.953,999.00,47.14,0,0
352.30,-2.701,-0.395,0.953,999.00,47.14,0,0
352.40,-2.701,-0.395,0.953,999.00,47.14,0,0
352.50,-2.701,-0.395,0.953,999.00,47.14,0,0
352.60,-2.701,-0.395,0.953,999.00,47.14,0,0
352.70,-2.701,-0.395,0.953,999.00,47.14,0,0
352.80,-2.701,-0.395,0.953,999.00,47.14,0,0
352.90,-2.701,-0.395,0.953,999.00,47.14,0,0
353.00,-2.701,-0.395,0.953,999.00,47.14,0,0
353.10,-2.701,-0.395,0.953,999.00,47.14,0,0
353.20,-2.701,-0.395,0.953,999.00,47.14,0,0
353.30,-2.701,-0.395,0.953,999.00,47.14,0,0
353.40,-2.701,-0.395,0.953,999.00,47.14,0,0
353.50,-2.701,-0.395,0.953,999.00,47.14,0,0
353.60,-2.701,-0.395,0.953,999.00,47.14,0,0
353.70,-2.701,-0.395,0.953,999.00,47.14,0,0
353.80,-2.701,-0.395,0.953,999.00,47.14,0,0
353.90,-2.701,-0.395,0.953,999.00,47.14,0,0
354.00,-2.701,-0.395,0.953,999.00,47.14,0,0
354.10,-2.701,-0.395,0.953,999.00,47.14,0,0
354.20,-2.701,-0.395,0.953,999.00,47.14,0,0
354.30,-2.701,-0.395,0.953,999.00,47.14,0,0
354.40,-2.701,-0.395,0.953,999.00,47.14,0,0
354.50,-2.701,-0.395,0.953,999.00,47.14,0,0
354.60,-2.701,-0.395,0.953,999.00,47.14,0,0
354.70,-2.701,-0.395,0.953,999.00,47.14,0,0
354.80,-2.701,-0.395,0.953,999.00,47.14,0,0
354.90,-2.701,-0.395,0.953,999.00,47.14,0,0
355.00,-2.701,-0.395,0.953,999.00,47.14,0,0
355.10,-2.701,-0.395,0.953,999.00,47.14,0,0
355.20,-2.701,-0.395,0.953,999.00,47.14,0,0
355.31,-2.701,-0.395,0.953,999.00,47.14,0,0
355.40,-2.701,-0.395,0.953,999.00,47.14,0,0
355.50,-2.701,-0.395,0.953,999.00,47.14,0,0
355.60,-2.701,-0.395,0.953,999.00,47.14,0,0
355.70,-2.701,-0.395,0.953,999.00,47.14,0,0
355.80,-2.701,-0.395,0.953,999.00,47.14,0,0
355.90,-2.701,-0.395,0.953,999.00,47.14,0,0
356.00,-2.701,-0.395,0.953,999.00,47.14,0,0
356.10,-2.701,-0.395,0.953,999.00,47.14,0,0
356.20,-2.701,-0.395,0.953,999.00,47.14,0,0
356.30,-2.701,-0.395,0.953,999.00,47.14,0,0
356.40,-2.701,-0.395,0.953,999.00,47.14,0,0
356.50,-2.701,-0.395,0.953,999.00,47.14,0,0
356.60,-2.701,-0.395,0.953,999.00,47.14,0,0
356.70,-2.701,-0.395,0.953,999.00,47.14,0,0
356.80,-2.701,-0.395,0.953,999.00,47.14,0,0
356.90,-2.701,-0.395,0.953,999.00,47.14,0,0
357.00,-2.701,-0.395,0.953,999.00,47.14,0,0
357.10,-2.701,-0.395,0.953,999.00,47.14,0,0
357.20,-2.701,-0.395,0.953,999.00,47.14,0,0
357.30,-2.701,-0.395,0.953,999.00,47.14,0,0
357.40,-2.701,-0.395,0.953,999.00,47.14,0,0
357.50,-2.701,-0.395,0.953,999.00,47.14,0,0
357.60,-2.701,-0.395,0.953,999.00,47.14,0,0
357.70,-2.701,-0.395,0.953,999.00,47.14,0,0
357.80,-2.701,-0.395,0.953,999.00,47.14,0,0
357.90,-2.701,-0.395,0.953,999.00,47.14,0,0
358.00,-2.701,-0.395,0.953,999.00,47.14,0,0
358.10,-2.701,-0.395,0.953,999.00,47.14,0,0
358.20,-2.701,-0.395,0.953,999.00,47.14,0,0
358.30,-2.701,-0.395,0.953,999.00,47.14,0,0
358.40,-2.701,-0.395,0.953,999.00,47.14,0,0
358.50,-2.701,-0.395,0.953,999.00,47.14,0,0
358.60,-2.701,-0.395,0.953,999.00,47.14,0,0
358.70,-2.701,-0.395,0.953,999.00,47.14,0,0
358.80,-2.701,-0.395,0.953,999.00,47.14,0,0
358.90,-2.701,-0.395,0.953,999.00,47.14,0,0
359.00,-2.701,-0.395,0.953,999.00,47.14,0,0
359.10,-2.701,-0.395,0.953,999.00,47.14,0,0
359.20,-2.701,-0.395,0.953,999.00,47.14,0,0
359.30,-2.701,-0.395,0.953,999.00,47.14,0,0
359.40,-2.701,-0.395,0.953,999.00,47.14,0,0
359.50,-2.701,-0.395,0.953,999.00,47.14,0,0
359.60,-2.701,-0.395,0.953,999.00,47.14,0,0
359.70,-2.701,-0.395,0.953,999.00,47.14,0,0
359.80,-2.701,-0.395,0.953,999.00,47.14,0,0
359.90,-2.701,-0.395,0.953,999.00,47.14,0,0
360.00,-2.701,-0.395,0.953,999.00,47.14,0,0
360.10,-2.701,-0.395,0.953,999.00,47.14,0,0
360.20,-2.701,-0.395,0.953,999.00,47.14,0,0
360.30,-2.701,-0.395,0.953,999.00,47.14,0,0
360.40,-2.701,-0.395,0.953,999.00,47.14,0,0
360.50,-2.701,-0.395,0.953,999.00,47.14,0,0
360.60,-2.701,-0.395,0.953,999.00,47.14,0,0
360.70,-2.701,-0.395,0.953,999.00,47.14,0,0
360.80,-2.701,-0.395,0.953,999.00,47.14,0,0
360.90,-2.701,-0.395,0.953,999.00,47.14,0,0
361.00,-2.701,-0.395,0.953,999.00,47.14,0,0
361.10,-2.701,-0.395,0.953,999.00,47.14,0,0
361.20,-2.701,-0.395,0.953,999.00,47.14,0,0
361.30,-2.701,-0.395,0.953,999.00,47.14,0,0
361.40,-2.701,-0.395,0.953,999.00,47.14,0,0
361.50,-2.701,-0.395,0.953,999.00,47.14,0,0
361.60,-2.701,-0.395,0.953,999.00,47.14,0,0
361.70,-2.701,-0.395,0.953,999.00,47.14,0,0
361.80,-2.701,-0.395,0.953,999.00,47.14,0,0
361.90,-2.701,-0.395,0.953,999.00,47.14,0,0
362.00,-2.701,-0.395,0.953,999.00,47.14,0,0
362.10,-2.701,-0.395,0.953,999.00,47.14,0,0
362.20,-2.701,-0.395,0.953,999.00,47.14,0,0
362.30,-2.701,-0.395,0.953,999.00,47.14,0,0
362.40,-2.701,-0.395,0.953,999.00,47.14,0,0
362.50,-2.701,-0.395,0.953,999.00,47.14,0,0
362.60,-2.701,-0.395,0.953,999.00,47.14,0,0
362.70,-2.701,-0.395,0.953,999.00,47.14,0,0
362.80,-2.701,-0.395,0.953,999.00,47.14,0,0
362.90,-2.701,-0.395,0.953,999.00,47.14,0,0
363.00,-2.701,-0.395,0.953,999.00,47.14,0,0
363.10,-2.701,-0.395,0.953,999.00,47.14,0,0
363.20,-2.701,-0.395,0.953,999.00,47.14,0,0
363.30,-2.701,-0.395,0.953,999.00,47.14,0,0
363.40,-2.701,-0.395,0.953,999.00,47.14,0,0
363.50,-2.701,-0.395,0.953,999.00,47.14,0,0
363.60,-2.701,-0.395,0.953,999.00,47.14,0,0
363.70,-2.701,-0.395,0.953,999.00,47.14,0,0
363.80,-2.701,-0.395,0.953,999.00,47.14,0,0
363.90,-2.701,-0.395,0.953,999.00,47.14,0,0
364.00,-2.701,-0.395,0.953,999.00,47.14,0,0
364.11,-2.701,-0.395,0.953,999.00,47.14,0,0
364.20,-2.701,-0.395,0.953,999.00,47.14,0,0
364.30,-2.701,-0.395,0.953,999.00,47.14,0,0
364.40,-2.701,-0.395,0.953,999.00,47.14,0,0
364.51,-2.701,-0.395,0.953,999.00,47.14,0,0
364.60,-2.701,-0.395,0.953,999.00,47.14,0,0
364.70,-2.701,-0.395,0.953,999.00,47.14,0,0
364.80,-2.701,-0.395,0.953,999.00,47.14,0,0
364.90,-2.701,-0.395,0.953,999.00,47.14,0,0
365.00,-2.701,-0.395,0.953,999.00,47.14,0,0
365.10,-2.701,-0.395,0.953,999.00,47.14,0,0
365.20,-2.701,-0.395,0.953,999.00,47.14,0,0
365.30,-2.701,-0.395,0.953,999.00,47.14,0,0
365.40,-2.701,-0.395,0.953,999.00,47.14,0,0
365.50,-2.701,-0.395,0.953,999.00,47.14,0,0
365.60,-2.701,-0.395,0.953,999.00,47.14,0,0
365.70,-2.701,-0.395,0.953,999.00,47.14,0,0
365.80,-2.701,-0.395,0.953,999.00,47.14,0,0
365.90,-2.701,-0.395,0.953,999.00,47.14,0,0
366.00,-2.701,-0.395,0.953,999.00,47.14,0,0
366.10,-2.701,-0.395,0.953,999.00,47.14,0,0
366.20,-2.701,-0.395,0.953,999.00,47.14,0,0
366.30,-2.701,-0.395,0.953,999.00,47.14,0,0
366.40,-2.701,-0.395,0.953,999.00,47.14,0,0
366.50,-2.701,-0.395,0.953,999.00,47.14,0,0
366.60,-2.701,-0.395,0.953,999.00,47.14,0,0
366.70,-2.701,-0.395,0.953,999.00,47.14,0,0
366.80,-2.701,-0.395,0.953,999.00,47.14,0,0
366.90,-2.701,-0.395,0.953,999.00,47.14,0,0
367.00,-2.701,-0.395,0.953,999.00,47.14,0,0
367.10,-2.701,-0.395,0.953,999.00,47.14,0,0
367.20,-2.701,-0.395,0.953,999.00,47.14,0,0
367.30,-2.701,-0.395,0.953,999.00,47.14,0,0
367.40,-2.701,-0.395,0.953,999.00,47.14,0,0
367.50,-2.701,-0.395,0.953,999.00,47.14,0,0
367.60,-2.701,-0.395,0.953,999.00,47.14,0,0
367.70,-2.701,-0.395,0.953,999.00,47.14,0,0
367.80,-2.701,-0.395,0.953,999.00,47.14,0,0
367.90,-2.701,-0.395,0.953,999.00,47.14,0,0
368.00,-2.701,-0.395,0.953,999.00,47.14,0,0
368.10,-2.701,-0.395,0.953,999.00,47.14,0,0
368.20,-2.701,-0.395,0.953,999.00,47.14,0,0
368.30,-2.701,-0.395,0.953,999.00,47.14,0,0
368.40,-2.701,-0.395,0.953,999.00,47.14,0,0
368.50,-2.701,-0.395,0.953,999.00,47.14,0,0
368.60,-2.701,-0.395,0.953,999.00,47.14,0,0
368.70,-2.701,-0.395,0.953,999.00,47.14,0,0
368.80,-2.701,-0.395,0.953,999.00,47.14,0,0
368.90,-2.701,-0.395,0.953,999.00,47.14,0,0
369.00,-2.701,-0.395,0.953,999.00,47.14,0,0
369.10,-2.701,-0.395,0.953,999.00,47.14,0,0
369.20,-2.701,-0.395,0.953,999.00,47.14,0,0
369.30,-2.701,-0.395,0.953,999.00,47.14,0,0
369.40,-2.701,-0.395,0.953,999.00,47.14,0,0
369.50,-2.701,-0.395,0.953,999.00,47.14,0,0
369.60,-2.701,-0.395,0.953,999.00,47.14,0,0
369.70,-2.701,-0.395,0.953,999.00,47.14,0,0
369.80,-2.701,-0.395,0.953,999.00,47.14,0,0
369.90,-2.701,-0.395,0.953,999.00,47.14,0,0
370.00,-2.701,-0.395,0.953,999.00,47.14,0,0
370.10,-2.701,-0.395,0.953,999.00,47.14,0,0
370.20,-2.701,-0.395,0.953,999.00,47.14,0,0
370.30,-2.701,-0.395,0.953,999.00,47.14,0,0
370.40,-2.701,-0.395,0.953,999.00,47.14,0,0
370.50,-2.701,-0.395,0.953,999.00,47.14,0,0
370.60,-2.701,-0.395,0.953,999.00,47.14,0,0
370.70,-2.701,-0.395,0.953,999.00,47.14,0,0
370.80,-2.701,-0.395,0.953,999.00,47.14,0,0
370.90,-2.701,-0.395,0.953,999.00,47.14,0,0
371.00,-2.701,-0.395,0.953,999.00,47.14,0,0
371.10,-2.701,-0.395,0.953,999.00,47.14,0,0
371.20,-2.701,-0.395,0.953,999.00,47.14,0,0
371.30,-2.701,-0.395,0.953,999.00,47.14,0,0
371.40,-2.701,-0.395,0.953,999.00,47.14,0,0
371.50,-2.701,-0.395,0.953,999.00,47.14,0,0
371.60,-2.701,-0.395,0.953,999.00,47.14,0,0
371.70,-2.701,-0.395,0.953,999.00,47.14,0,0
371.80,-2.701,-0.395,0.953,999.00,47.14,0,0
371.90,-2.701,-0.395,0.953,999.00,47.14,0,0
372.00,-2.701,-0.395,0.953,999.00,47.14,0,0
372.10,-2.701,-0.395,0.953,999.00,47.14,0,0
372.20,-2.701,-0.395,0.953,999.00,47.14,0,0
372.30,-2.701,-0.395,0.953,999.00,47.14,0,0
372.40,-2.701,-0.395,0.953,999.00,47.14,0,0
372.50,-2.701,-0.395,0.953,999.00,47.14,0,0
372.60,-2.701,-0.395,0.953,999.00,47.14,0,0
372.70,-2.701,-0.395,0.953,999.00,47.14,0,0
372.80,-2.701,-0.395,0.953,999.00,47.14,0,0
372.90,-2.701,-0.395,0.953,999.00,47.14,0,0
373.00,-2.701,-0.395,0.953,999.00,47.14,0,0
373.10,-2.701,-0.395,0.953,999.00,47.14,0,0
373.20,-2.701,-0.395,0.953,999.00,47.14,0,0
373.30,-2.701,-0.395,0.953,999.00,47.14,0,0
373.40,-2.701,-0.395,0.953,999.00,47.14,0,0
373.50,-2.701,-0.395,0.953,999.00,47.14,0,0
373.60,-2.701,-0.395,0.953,999.00,47.14,0,0
373.70,-2.701,-0.395,0.953,999.00,47.14,0,0
373.80,-2.701,-0.395,0.953,999.00,47.14,0,0
373.90,-2.701,-0.395,0.953,999.00,47.14,0,0
374.00,-2.701,-0.395,0.953,999.00,47.14,0,0
374.10,-2.701,-0.395,0.953,999.00,47.14,0,0
374.20,-2.701,-0.395,0.953,999.00,47.14,0,0
374.30,-2.701,-0.395,0.953,999.00,47.14,0,0
374.40,-2.701,-0.395,0.953,999.00,47.14,0,0
374.50,-2.701,-0.395,0.953,999.00,47.14,0,0
374.60,-2.701,-0.395,0.953,999.00,47.14,0,0
374.70,-2.701,-0.395,0.953,999.00,47.14,0,0
374.80,-2.701,-0.395,0.953,999.00,47.14,0,0
374.90,-2.701,-0.395,0.953,999.00,47.14,0,0
375.00,-2.701,-0.395,0.953,999.00,47.14,0,0
375.10,-2.701,-0.395,0.953,999.00,47.14,0,0
375.20,-2.701,-0.395,0.953,999.00,47.14,0,0
375.30,-2.701,-0.395,0.953,999.00,47.14,0,0
375.40,-2.701,-0.395,0.953,999.00,47.14,0,0
375.50,-2.701,-0.395,0.953,999.00,47.14,0,0
375.60,-2.701,-0.395,0.953,999.00,47.14,0,0
375.70,-2.701,-0.395,0.953,999.00,47.14,0,0
375.80,-2.701,-0.395,0.953,999.00,47.14,0,0
375.90,-2.701,-0.395,0.953,999.00,47.14,0,0
376.00,-2.701,-0.395,0.953,999.00,47.14,0,0
376.10,-2.701,-0.395,0.953,999.00,47.14,0,0
376.20,-2.701,-0.395,0.953,999.00,47.14,0,0
376.30,-2.701,-0.395,0.953,999.00,47.14,0,0
376.40,-2.701,-0.395,0.953,999.00,47.14,0,0
376.50,-2.701,-0.395,0.953,999.00,47.14,0,0
376.60,-2.701,-0.395,0.953,999.00,47.14,0,0
376.70,-2.701,-0.395,0.953,999.00,47.14,0,0
376.80,-2.701,-0.395,0.953,999.00,47.14,0,0
376.90,-2.701,-0.395,0.953,999.00,47.14,0,0
377.00,-2.701,-0.395,0.953,999.00,47.14,0,0
377.10,-2.701,-0.395,0.953,999.00,47.14,0,0
377.20,-2.701,-0.395,0.953,999.00,47.14,0,0
377.30,-2.701,-0.395,0.953,999.00,47.14,0,0
377.40,-2.701,-0.395,0.953,999.00,47.14,0,0
377.50,-2.701,-0.395,0.953,999.00,47.14,0,0
377.60,-2.701,-0.395,0.953,999.00,47.14,0,0
377.70,-2.701,-0.395,0.953,999.00,47.14,0,0
377.80,-2.701,-0.395,0.953,999.00,47.14,0,0
377.90,-2.701,-0.395,0.953,999.00,47.14,0,0
378.00,-2.701,-0.395,0.953,999.00,47.14,0,0
378.10,-2.701,-0.395,0.953,999.00,47.14,0,0
378.20,-2.701,-0.395,0.953,999.00,47.14,0,0
378.30,-2.701,-0.395,0.953,999.00,47.14,0,0
378.40,-2.701,-0.395,0.953,999.00,47.14,0,0
378.50,-2.701,-0.395,0.953,999.00,47.14,0,0
378.60,-2.701,-0.395,0.953,999.00,47.14,0,0
378.70,-2.701,-0.395,0.953,999.00,47.14,0,0
378.80,-2.701,-0.395,0.953,999.00,47.14,0,0
378.90,-2.701,-0.395,0.953,999.00,47.14,0,0
379.00,-2.701,-0.395,0.953,999.00,47.14,0,0
379.10,-2.701,-0.395,0.953,999.00,47.14,0,0
379.20,-2.701,-0.395,0.953,999.00,47.14,0,0
379.30,-2.701,-0.395,0.953,999.00,47.14,0,0
379.40,-2.701,-0.395,0.953,999.00,47.14,0,0
379.50,-2.701,-0.395,0.953,999.00,47.14,0,0
379.60,-2.701,-0.395,0.953,999.00,47.14,0,0
379.70,-2.701,-0.395,0.953,999.00,47.14,0,0
379.80,-2.701,-0.395,0.953,999.00,47.14,0,0
379.90,-2.701,-0.395,0.953,999.00,47.14,0,0
380.00,-2.701,-0.395,0.953,999.00,47.14,0,0
380.10,-2.701,-0.395,0.953,999.00,47.14,0,0
380.20,-2.701,-0.395,0.953,999.00,47.14,0,0
380.30,-2.701,-0.395,0.953,999.00,47.14,0,0
380.40,-2.701,-0.395,0.953,999.00,47.14,0,0
380.50,-2.701,-0.395,0.953,999.00,47.14,0,0
380.61,-2.701,-0.395,0.953,999.00,47.14,0,0
380.71,-2.701,-0.395,0.953,999.00,47.14,0,0
380.80,-2.701,-0.395,0.953,999.00,47.14,0,0
380.90,-2.701,-0.395,0.953,999.00,47.14,0,0
381.00,-2.701,-0.395,0.953,999.00,47.14,0,0
381.10,-2.701,-0.395,0.953,999.00,47.14,0,0
381.20,-2.701,-0.395,0.953,999.00,47.14,0,0
381.30,-2.701,-0.395,0.953,999.00,47.14,0,0
381.40,-2.701,-0.395,0.953,999.00,47.14,0,0
381.50,-2.701,-0.395,0.953,999.00,47.14,0,0
381.60,-2.701,-0.395,0.953,999.00,47.14,0,0
381.70,-2.701,-0.395,0.953,999.00,47.14,0,0
381.80,-2.701,-0.395,0.953,999.00,47.14,0,0
381.90,-2.701,-0.395,0.953,999.00,47.14,0,0
382.00,-2.701,-0.395,0.953,999.00,47.14,0,0
382.10,-2.701,-0.395,0.953,999.00,47.14,0,0
382.20,-2.701,-0.395,0.953,999.00,47.14,0,0
382.30,-2.701,-0.395,0.953,999.00,47.14,0,0
382.40,-2.701,-0.395,0.953,999.00,47.14,0,0
382.50,-2.701,-0.395,0.953,999.00,47.14,0,0
382.60,-2.701,-0.395,0.953,999.00,47.14,0,0
382.70,-2.701,-0.395,0.953,999.00,47.14,0,0
382.80,-2.701,-0.395,0.953,999.00,47.14,0,0
382.90,-2.701,-0.395,0.953,999.00,47.14,0,0
383.00,-2.701,-0.395,0.953,999.00,47.14,0,0
383.10,-2.701,-0.395,0.953,999.00,47.14,0,0
383.20,-2.701,-0.395,0.953,999.00,47.14,0,0
383.30,-2.701,-0.395,0.953,999.00,47.14,0,0
383.40,-2.701,-0.395,0.953,999.00,47.14,0,0
383.50,-2.701,-0.395,0.953,999.00,47.14,0,0
383.60,-2.701,-0.395,0.953,999.00,47.14,0,0
383.70,-2.701,-0.395,0.953,999.00,47.14,0,0
383.80,-2.701,-0.395,0.953,999.00,47.14,0,0
383.90,-2.701,-0.395,0.953,999.00,47.14,0,0
384.00,-2.701,-0.395,0.953,999.00,47.14,0,0
384.10,-2.701,-0.395,0.953,999.00,47.14,0,0
384.20,-2.701,-0.395,0.953,999.00,47.14,0,0
384.30,-2.701,-0.395,0.953,999.00,47.14,0,0
384.40,-2.701,-0.395,0.953,999.00,47.14,0,0
384.50,-2.701,-0.395,0.953,999.00,47.14,0,0
384.60,-2.701,-0.395,0.953,999.00,47.14,0,0
384.70,-2.701,-0.395,0.953,999.00,47.14,0,0
384.80,-2.701,-0.395,0.953,999.00,47.14,0,0
384.90,-2.701,-0.395,0.953,999.00,47.14,0,0
385.00,-2.701,-0.395,0.953,999.00,47.14,0,0
385.10,-2.701,-0.395,0.953,999.00,47.14,0,0
385.20,-2.701,-0.395,0.953,999.00,47.14,0,0
385.30,-2.701,-0.395,0.953,999.00,47.14,0,0
385.40,-2.701,-0.395,0.953,999.00,47.14,0,0
385.50,-2.701,-0.395,0.953,999.00,47.14,0,0
385.60,-2.701,-0.395,0.953,999.00,47.14,0,0
385.70,-2.701,-0.395,0.953,999.00,47.14,0,0
385.80,-2.701,-0.395,0.953,999.00,47.14,0,0
385.90,-2.701,-0.395,0.953,999.00,47.14,0,0
386.00,-2.701,-0.395,0.953,999.00,47.14,0,0
386.10,-2.701,-0.395,0.953,999.00,47.14,0,0
386.20,-2.701,-0.395,0.953,999.00,47.14,0,0
386.30,-2.701,-0.395,0.953,999.00,47.14,0,0
386.40,-2.701,-0.395,0.953,999.00,47.14,0,0
386.50,-2.701,-0.395,0.953,999.00,47.14,0,0
386.60,-2.701,-0.395,0.953,999.00,47.14,0,0
386.70,-2.701,-0.395,0.953,999.00,47.14,0,0
386.80,-2.701,-0.395,0.953,999.00,47.14,0,0
386.90,-2.701,-0.395,0.953,999.00,47.14,0,0
387.00,-2.701,-0.395,0.953,999.00,47.14,0,0
387.10,-2.701,-0.395,0.953,999.00,47.14,0,0
387.20,-2.701,-0.395,0.953,999.00,47.14,0,0
387.30,-2.701,-0.395,0.953,999.00,47.14,0,0
387.40,-2.701,-0.395,0.953,999.00,47.14,0,0
387.50,-2.701,-0.395,0.953,999.00,47.14,0,0
387.60,-2.701,-0.395,0.953,999.00,47.14,0,0
387.70,-2.701,-0.395,0.953,999.00,47.14,0,0
387.80,-2.701,-0.395,0.953,999.00,47.14,0,0
387.90,-2.701,-0.395,0.953,999.00,47.14,0,0
388.00,-2.701,-0.395,0.953,999.00,47.14,0,0
388.10,-2.701,-0.395,0.953,999.00,47.14,0,0
388.20,-2.701,-0.395,0.953,999.00,47.14,0,0
388.30,-2.701,-0.395,0.953,999.00,47.14,0,0
388.40,-2.701,-0.395,0.953,999.00,47.14,0,0
388.50,-2.701,-0.395,0.953,999.00,47.14,0,0
388.60,-2.701,-0.395,0.953,999.00,47.14,0,0
388.70,-2.701,-0.395,0.953,999.00,47.14,0,0
388.80,-2.701,-0.395,0.953,999.00,47.14,0,0
388.90,-2.701,-0.395,0.953,999.00,47.14,0,0
389.00,-2.701,-0.395,0.953,999.00,47.14,0,0
389.10,-2.701,-0.395,0.953,999.00,47.14,0,0
389.20,-2.701,-0.395,0.953,999.00,47.14,0,0
389.30,-2.701,-0.395,0.953,999.00,47.14,0,0
389.40,-2.701,-0.395,0.953,999.00,47.14,0,0
389.50,-2.701,-0.395,0.953,999.00,47.14,0,0
389.60,-2.701,-0.395,0.953,999.00,47.14,0,0
389.70,-2.701,-0.395,0.953,999.00,47.14,0,0
389.80,-2.701,-0.395,0.953,999.00,47.14,0,0
389.90,-2.701,-0.395,0.953,999.00,47.14,0,0
390.00,-2.701,-0.395,0.953,999.00,47.14,0,0
390.10,-2.701,-0.395,0.953,999.00,47.14,0,0
390.20,-2.701,-0.395,0.953,999.00,47.14,0,0
390.30,-2.701,-0.395,0.953,999.00,47.14,0,0
390.40,-2.701,-0.395,0.953,999.00,47.14,0,0
390.50,-2.701,-0.395,0.953,999.00,47.14,0,0
390.60,-2.701,-0.395,0.953,999.00,47.14,0,0
390.70,-2.701,-0.395,0.953,999.00,47.14,0,0
390.80,-2.701,-0.395,0.953,999.00,47.14,0,0
390.90,-2.701,-0.395,0.953,999.00,47.14,0,0
391.00,-2.701,-0.395,0.953,999.00,47.14,0,0
391.10,-2.701,-0.395,0.953,999.00,47.14,0,0
391.20,-2.701,-0.395,0.953,999.00,47.14,0,0
391.30,-2.701,-0.395,0.953,999.00,47.14,0,0
391.40,-2.701,-0.395,0.953,999.00,47.14,0,0
391.50,-2.701,-0.395,0.953,999.00,47.14,0,0
391.60,-2.701,-0.395,0.953,999.00,47.14,0,0
391.70,-2.701,-0.395,0.953,999.00,47.14,0,0
391.80,-2.701,-0.395,0.953,999.00,47.14,0,0
391.90,-2.701,-0.395,0.953,999.00,47.14,0,0
392.00,-2.701,-0.395,0.953,999.00,47.14,0,0
392.10,-2.701,-0.395,0.953,999.00,47.14,0,0
392.20,-2.701,-0.395,0.953,999.00,47.14,0,0
392.30,-2.701,-0.395,0.953,999.00,47.14,0,0
392.40,-2.701,-0.395,0.953,999.00,47.14,0,0
392.50,-2.701,-0.395,0.953,999.00,47.14,0,0
392.60,-2.701,-0.395,0.953,999.00,47.14,0,0
392.70,-2.701,-0.395,0.953,999.00,47.14,0,0
392.80,-2.701,-0.395,0.953,999.00,47.14,0,0
392.90,-2.701,-0.395,0.953,999.00,47.14,0,0
393.00,-2.701,-0.395,0.953,999.00,47.14,0,0
393.10,-2.701,-0.395,0.953,999.00,47.14,0,0
393.20,-2.701,-0.395,0.953,999.00,47.14,0,0
393.30,-2.701,-0.395,0.953,999.00,47.14,0,0
393.40,-2.701,-0.395,0.953,999.00,47.14,0,0
393.50,-2.701,-0.395,0.953,999.00,47.14,0,0
393.60,-2.701,-0.395,0.953,999.00,47.14,0,0
393.70,-2.701,-0.395,0.953,999.00,47.14,0,0
393.80,-2.701,-0.395,0.953,999.00,47.14,0,0
393.90,-2.701,-0.395,0.953,999.00,47.14,0,0
394.00,-2.701,-0.395,0.953,999.00,47.14,0,0
394.10,-2.701,-0.395,0.953,999.00,47.14,0,0
394.21,-2.701,-0.395,0.953,999.00,47.14,0,0
394.30,-2.701,-0.395,0.953,999.00,47.14,0,0
394.40,-2.701,-0.395,0.953,999.00,47.14,0,0
394.50,-2.701,-0.395,0.953,999.00,47.14,0,0
394.60,-2.701,-0.395,0.953,999.00,47.14,0,0
394.70,-2.701,-0.395,0.953,999.00,47.14,0,0
394.80,-2.701,-0.395,0.953,999.00,47.14,0,0
394.90,-2.701,-0.395,0.953,999.00,47.14,0,0
395.00,-2.701,-0.395,0.953,999.00,47.14,0,0
395.10,-2.701,-0.395,0.953,999.00,47.14,0,0
395.20,-2.701,-0.395,0.953,999.00,47.14,0,0
395.30,-2.701,-0.395,0.953,999.00,47.14,0,0
395.40,-2.701,-0.395,0.953,999.00,47.14,0,0
395.50,-2.701,-0.395,0.953,999.00,47.14,0,0
395.60,-2.701,-0.395,0.953,999.00,47.14,0,0
395.70,-2.701,-0.395,0.953,999.00,47.14,0,0
395.80,-2.701,-0.395,0.953,999.00,47.14,0,0
395.90,-2.701,-0.395,0.953,999.00,47.14,0,0
396.00,-2.701,-0.395,0.953,999.00,47.14,0,0
396.10,-2.701,-0.395,0.953,999.00,47.14,0,0
396.20,-2.701,-0.395,0.953,999.00,47.14,0,0
396.30,-2.701,-0.395,0.953,999.00,47.14,0,0
396.40,-2.701,-0.395,0.953,999.00,47.14,0,0
396.50,-2.701,-0.395,0.953,999.00,47.14,0,0
396.60,-2.701,-0.395,0.953,999.00,47.14,0,0
396.70,-2.701,-0.395,0.953,999.00,47.14,0,0
396.80,-2.701,-0.395,0.953,999.00,47.14,0,0
396.90,-2.701,-0.395,0.953,999.00,47.14,0,0
397.00,-2.701,-0.395,0.953,999.00,47.14,0,0
397.10,-2.701,-0.395,0.953,999.00,47.14,0,0
397.20,-2.701,-0.395,0.953,999.00,47.14,0,0
397.30,-2.701,-0.395,0.953,999.00,47.14,0,0
397.40,-2.701,-0.395,0.953,999.00,47.14,0,0
397.50,-2.701,-0.395,0.953,999.00,47.14,0,0
397.60,-2.701,-0.395,0.953,999.00,47.14,0,0
397.70,-2.701,-0.395,0.953,999.00,47.14,0,0
397.80,-2.701,-0.395,0.953,999.00,47.14,0,0
397.90,-2.701,-0.395,0.953,999.00,47.14,0,0
398.00,-2.701,-0.395,0.953,999.00,47.14,0,0
398.10,-2.701,-0.395,0.953,999.00,47.14,0,0
398.20,-2.701,-0.395,0.953,999.00,47.14,0,0
398.30,-2.701,-0.395,0.953,999.00,47.14,0,0
398.40,-2.701,-0.395,0.953,999.00,47.14,0,0
398.50,-2.701,-0.395,0.953,999.00,47.14,0,0
398.60,-2.701,-0.395,0.953,999.00,47.14,0,0
398.70,-2.701,-0.395,0.953,999.00,47.14,0,0
398.80,-2.701,-0.395,0.953,999.00,47.14,0,0
398.90,-2.701,-0.395,0.953,999.00,47.14,0,0
399.00,-2.701,-0.395,0.953,999.00,47.14,0,0
399.10,-2.701,-0.395,0.953,999.00,47.14,0,0
399.20,-2.701,-0.395,0.953,999.00,47.14,0,0
399.30,-2.701,-0.395,0.953,999.00,47.14,0,0
399.40,-2.701,-0.395,0.953,999.00,47.14,0,0
399.50,-2.701,-0.395,0.953,999.00,47.14,0,0
399.60,-2.701,-0.395,0.953,999.00,47.14,0,0
399.70,-2.701,-0.395,0.953,999.00,47.14,0,0
399.80,-2.701,-0.395,0.953,999.00,47.14,0,0
399.90,-2.701,-0.395,0.953,999.00,47.14,0,0
400.00,-2.701,-0.395,0.953,999.00,47.14,0,0
400.10,-2.701,-0.395,0.953,999.00,47.14,0,0
400.20,-2.701,-0.395,0.953,999.00,47.14,0,0
400.30,-2.701,-0.395,0.953,999.00,47.14,0,0
400.40,-2.701,-0.395,0.953,999.00,47.14,0,0
400.50,-2.701,-0.395,0.953,999.00,47.14,0,0
400.60,-2.701,-0.395,0.953,999.00,47.14,0,0
400.70,-2.701,-0.395,0.953,999.00,47.14,0,0
400.80,-2.701,-0.395,0.953,999.00,47.14,0,0
400.90,-2.701,-0.395,0.953,999.00,47.14,0,0
401.00,-2.701,-0.395,0.953,999.00,47.14,0,0
401.10,-2.701,-0.395,0.953,999.00,47.14,0,0
401.20,-2.701,-0.395,0.953,999.00,47.14,0,0
401.30,-2.701,-0.395,0.953,999.00,47.14,0,0
401.40,-2.701,-0.395,0.953,999.00,47.14,0,0
401.50,-2.701,-0.395,0.953,999.00,47.14,0,0
401.60,-2.701,-0.395,0.953,999.00,47.14,0,0
401.70,-2.701,-0.395,0.953,999.00,47.14,0,0
401.80,-2.701,-0.395,0.953,999.00,47.14,0,0
401.90,-2.701,-0.395,0.953,999.00,47.14,0,0
402.00,-2.701,-0.395,0.953,999.00,47.14,0,0
402.10,-2.701,-0.395,0.953,999.00,47.14,0,0
402.20,-2.701,-0.395,0.953,999.00,47.14,0,0
402.30,-2.701,-0.395,0.953,999.00,47.14,0,0
402.40,-2.701,-0.395,0.953,999.00,47.14,0,0
402.50,-2.701,-0.395,0.953,999.00,47.14,0,0
402.60,-2.701,-0.395,0.953,999.00,47.14,0,0
402.70,-2.701,-0.395,0.953,999.00,47.14,0,0
402.80,-2.701,-0.395,0.953,999.00,47.14,0,0
402.90,-2.701,-0.395,0.953,999.00,47.14,0,0
403.00,-2.701,-0.395,0.953,999.00,47.14,0,0
403.10,-2.701,-0.395,0.953,999.00,47.14,0,0
403.20,-2.701,-0.395,0.953,999.00,47.14,0,0
403.30,-2.701,-0.395,0.953,999.00,47.14,0,0
403.40,-2.701,-0.395,0.953,999.00,47.14,0,0
403.50,-2.701,-0.395,0.953,999.00,47.14,0,0
403.60,-2.701,-0.395,0.953,999.00,47.14,0,0
403.70,-2.701,-0.395,0.953,999.00,47.14,0,0
403.80,-2.701,-0.395,0.953,999.00,47.14,0,0
403.90,-2.701,-0.395,0.953,999.00,47.14,0,0
404.00,-2.701,-0.395,0.953,999.00,47.14,0,0
404.10,-2.701,-0.395,0.953,999.00,47.14,0,0
404.20,-2.701,-0.395,0.953,999.00,47.14,0,0
404.30,-2.701,-0.395,0.953,999.00,47.14,0,0
404.40,-2.701,-0.395,0.953,999.00,47.14,0,0
404.50,-2.701,-0.395,0.953,999.00,47.14,0,0
404.60,-2.701,-0.395,0.953,999.00,47.14,0,0
404.70,-2.701,-0.395,0.953,999.00,47.14,0,0
404.80,-2.701,-0.395,0.953,999.00,47.14,0,0
404.90,-2.701,-0.395,0.953,999.00,47.14,0,0
405.00,-2.701,-0.395,0.953,999.00,47.14,0,0
405.10,-2.701,-0.395,0.953,999.00,47.14,0,0
405.20,-2.701,-0.395,0.953,999.00,47.14,0,0
405.30,-2.701,-0.395,0.953,999.00,47.14,0,0
405.40,-2.701,-0.395,0.953,999.00,47.14,0,0
405.50,-2.701,-0.395,0.953,999.00,47.14,0,0
405.60,-2.701,-0.395,0.953,999.00,47.14,0,0
405.70,-2.701,-0.395,0.953,999.00,47.14,0,0
405.80,-2.701,-0.395,0.953,999.00,47.14,0,0
405.90,-2.701,-0.395,0.953,999.00,47.14,0,0
406.00,-2.701,-0.395,0.953,999.00,47.14,0,0
406.10,-2.701,-0.395,0.953,999.00,47.14,0,0
406.20,-2.701,-0.395,0.953,999.00,47.14,0,0
406.30,-2.701,-0.395,0.953,999.00,47.14,0,0
406.41,-2.701,-0.395,0.953,999.00,47.14,0,0
406.50,-2.701,-0.395,0.953,999.00,47.14,0,0
406.60,-2.701,-0.395,0.953,999.00,47.14,0,0
406.70,-2.701,-0.395,0.953,999.00,47.14,0,0
406.80,-2.701,-0.395,0.953,999.00,47.14,0,0
406.90,-2.701,-0.395,0.953,999.00,47.14,0,0
407.00,-2.701,-0.395,0.953,999.00,47.14,0,0
407.10,-2.701,-0.395,0.953,999.00,47.14,0,0
407.20,-2.701,-0.395,0.953,999.00,47.14,0,0
407.30,-2.701,-0.395,0.953,999.00,47.14,0,0
407.40,-2.701,-0.395,0.953,999.00,47.14,0,0
407.50,-2.701,-0.395,0.953,999.00,47.14,0,0
407.60,-2.701,-0.395,0.953,999.00,47.14,0,0
407.70,-2.701,-0.395,0.953,999.00,47.14,0,0
407.80,-2.701,-0.395,0.953,999.00,47.14,0,0
407.90,-2.701,-0.395,0.953,999.00,47.14,0,0
408.00,-2.701,-0.395,0.953,999.00,47.14,0,0
408.10,-2.701,-0.395,0.953,999.00,47.14,0,0
408.20,-2.701,-0.395,0.953,999.00,47.14,0,0
408.30,-2.701,-0.395,0.953,999.00,47.14,0,0
408.40,-2.701,-0.395,0.953,999.00,47.14,0,0
408.50,-2.701,-0.395,0.953,999.00,47.14,0,0
408.60,-2.701,-0.395,0.953,999.00,47.14,0,0
408.70,-2.701,-0.395,0.953,999.00,47.14,0,0
408.80,-2.701,-0.395,0.953,999.00,47.14,0,0
408.90,-2.701,-0.395,0.953,999.00,47.14,0,0
409.00,-2.701,-0.395,0.953,999.00,47.14,0,0
409.10,-2.701,-0.395,0.953,999.00,47.14,0,0
409.20,-2.701,-0.395,0.953,999.00,47.14,0,0
409.30,-2.701,-0.395,0.953,999.00,47.14,0,0
409.40,-2.701,-0.395,0.953,999.00,47.14,0,0
409.50,-2.701,-0.395,0.953,999.00,47.14,0,0
409.60,-2.701,-0.395,0.953,999.00,47.14,0,0
409.70,-2.701,-0.395,0.953,999.00,47.14,0,0
409.80,-2.701,-0.395,0.953,999.00,47.14,0,0
409.90,-2.701,-0.395,0.953,999.00,47.14,0,0
410.00,-2.701,-0.395,0.953,999.00,47.14,0,0
410.10,-2.701,-0.395,0.953,999.00,47.14,0,0
410.20,-2.701,-0.395,0.953,999.00,47.14,0,0
410.30,-2.701,-0.395,0.953,999.00,47.14,0,0
410.40,-2.701,-0.395,0.953,999.00,47.14,0,0
410.50,-2.701,-0.395,0.953,999.00,47.14,0,0
410.60,-2.701,-0.395,0.953,999.00,47.14,0,0
410.70,-2.701,-0.395,0.953,999.00,47.14,0,0
410.80,-2.701,-0.395,0.953,999.00,47.14,0,0
410.90,-2.701,-0.395,0.953,999.00,47.14,0,0
411.00,-2.701,-0.395,0.953,999.00,47.14,0,0
411.10,-2.701,-0.395,0.953,999.00,47.14,0,0
411.20,-2.701,-0.395,0.953,999.00,47.14,0,0
411.30,-2.701,-0.395,0.953,999.00,47.14,0,0
411.40,-2.701,-0.395,0.953,999.00,47.14,0,0
411.50,-2.701,-0.395,0.953,999.00,47.14,0,0
411.60,-2.701,-0.395,0.953,999.00,47.14,0,0
411.70,-2.701,-0.395,0.953,999.00,47.14,0,0
411.80,-2.701,-0.395,0.953,999.00,47.14,0,0
411.90,-2.701,-0.395,0.953,999.00,47.14,0,0
412.00,-2.701,-0.395,0.953,999.00,47.14,0,0
412.10,-2.701,-0.395,0.953,999.00,47.14,0,0
412.20,-2.701,-0.395,0.953,999.00,47.14,0,0
412.30,-2.701,-0.395,0.953,999.00,47.14,0,0
412.40,-2.701,-0.395,0.953,999.00,47.14,0,0
412.50,-2.701,-0.395,0.953,999.00,47.14,0,0
412.60,-2.701,-0.395,0.953,999.00,47.14,0,0
412.70,-2.701,-0.395,0.953,999.00,47.14,0,0
412.80,-2.701,-0.395,0.953,999.00,47.14,0,0
412.90,-2.701,-0.395,0.953,999.00,47.14,0,0
413.00,-2.701,-0.395,0.953,999.00,47.14,0,0
413.10,-2.701,-0.395,0.953,999.00,47.14,0,0
413.20,-2.701,-0.395,0.953,999.00,47.14,0,0
413.30,-2.701,-0.395,0.953,999.00,47.14,0,0
413.40,-2.701,-0.395,0.953,999.00,47.14,0,0
413.50,-2.701,-0.395,0.953,999.00,47.14,0,0
413.60,-2.701,-0.395,0.953,999.00,47.14,0,0
413.70,-2.701,-0.395,0.953,999.00,47.14,0,0
413.80,-2.701,-0.395,0.953,999.00,47.14,0,0
413.90,-2.701,-0.395,0.953,999.00,47.14,0,0
414.00,-2.701,-0.395,0.953,999.00,47.14,0,0
414.10,-2.701,-0.395,0.953,999.00,47.14,0,0
414.20,-2.701,-0.395,0.953,999.00,47.14,0,0
414.30,-2.701,-0.395,0.953,999.00,47.14,0,0
414.40,-2.701,-0.395,0.953,999.00,47.14,0,0
414.50,-2.701,-0.395,0.953,999.00,47.14,0,0
414.60,-2.701,-0.395,0.953,999.00,47.14,0,0
414.70,-2.701,-0.395,0.953,999.00,47.14,0,0
414.80,-2.701,-0.395,0.953,999.00,47.14,0,0
414.90,-2.701,-0.395,0.953,999.00,47.14,0,0
415.00,-2.701,-0.395,0.953,999.00,47.14,0,0
415.10,-2.701,-0.395,0.953,999.00,47.14,0,0
415.20,-2.701,-0.395,0.953,999.00,47.14,0,0
415.30,-2.701,-0.395,0.953,999.00,47.14,0,0
415.40,-2.701,-0.395,0.953,999.00,47.14,0,0
415.50,-2.701,-0.395,0.953,999.00,47.14,0,0
415.60,-2.701,-0.395,0.953,999.00,47.14,0,0
415.70,-2.701,-0.395,0.953,999.00,47.14,0,0
415.80,-2.701,-0.395,0.953,999.00,47.14,0,0
415.90,-2.701,-0.395,0.953,999.00,47.14,0,0
416.00,-2.701,-0.395,0.953,999.00,47.14,0,0
416.10,-2.701,-0.395,0.953,999.00,47.14,0,0
416.20,-2.701,-0.395,0.953,999.00,47.14,0,0
416.30,-2.701,-0.395,0.953,999.00,47.14,0,0
416.40,-2.701,-0.395,0.953,999.00,47.14,0,0
416.50,-2.701,-0.395,0.953,999.00,47.14,0,0
416.60,-2.701,-0.395,0.953,999.00,47.14,0,0
416.70,-2.701,-0.395,0.953,999.00,47.14,0,0
416.80,-2.701,-0.395,0.953,999.00,47.14,0,0
416.90,-2.701,-0.395,0.953,999.00,47.14,0,0
417.00,-2.701,-0.395,0.953,999.00,47.14,0,0
417.10,-2.701,-0.395,0.953,999.00,47.14,0,0
417.20,-2.701,-0.395,0.953,999.00,47.14,0,0
417.30,-2.701,-0.395,0.953,999.00,47.14,0,0
417.40,-2.701,-0.395,0.953,999.00,47.14,0,0
417.50,-2.701,-0.395,0.953,999.00,47.14,0,0
417.60,-2.701,-0.395,0.953,999.00,47.14,0,0
417.70,-2.701,-0.395,0.953,999.00,47.14,0,0
417.80,-2.701,-0.395,0.953,999.00,47.14,0,0
417.90,-2.701,-0.395,0.953,999.00,47.14,0,0
418.00,-2.701,-0.395,0.953,999.00,47.14,0,0
418.10,-2.701,-0.395,0.953,999.00,47.14,0,0
418.20,-2.701,-0.395,0.953,999.00,47.14,0,0
418.30,-2.701,-0.395,0.953,999.00,47.14,0,0
418.40,-2.701,-0.395,0.953,999.00,47.14,0,0
418.50,-2.701,-0.395,0.953,999.00,47.14,0,0
418.60,-2.701,-0.395,0.953,999.00,47.14,0,0
418.70,-2.701,-0.395,0.953,999.00,47.14,0,0
418.80,-2.701,-0.395,0.953,999.00,47.14,0,0
418.90,-2.701,-0.395,0.953,999.00,47.14,0,0
419.00,-2.701,-0.395,0.953,999.00,47.14,0,0
419.10,-2.701,-0.395,0.953,999.00,47.14,0,0
419.20,-2.701,-0.395,0.953,999.00,47.14,0,0
419.30,-2.701,-0.395,0.953,999.00,47.14,0,0
419.40,-2.701,-0.395,0.953,999.00,47.14,0,0
419.50,-2.701,-0.395,0.953,999.00,47.14,0,0
419.60,-2.701,-0.395,0.953,999.00,47.14,0,0
419.70,-2.701,-0.395,0.953,999.00,47.14,0,0
419.80,-2.701,-0.395,0.953,999.00,47.14,0,0
419.90,-2.701,-0.395,0.953,999.00,47.14,0,0
420.01,-2.701,-0.395,0.953,999.00,47.14,0,0
420.10,-2.701,-0.395,0.953,999.00,47.14,0,0
420.20,-2.701,-0.395,0.953,999.00,47.14,0,0
420.30,-2.701,-0.395,0.953,999.00,47.14,0,0
420.40,-2.701,-0.395,0.953,999.00,47.14,0,0
420.50,-2.701,-0.395,0.953,999.00,47.14,0,0
420.60,-2.701,-0.395,0.953,999.00,47.14,0,0
420.70,-2.701,-0.395,0.953,999.00,47.14,0,0
420.80,-2.701,-0.395,0.953,999.00,47.14,0,0
420.90,-2.701,-0.395,0.953,999.00,47.14,0,0
421.00,-2.701,-0.395,0.953,999.00,47.14,0,0
421.10,-2.701,-0.395,0.953,999.00,47.14,0,0
421.20,-2.701,-0.395,0.953,999.00,47.14,0,0
421.30,-2.701,-0.395,0.953,999.00,47.14,0,0
421.40,-2.701,-0.395,0.953,999.00,47.14,0,0
421.50,-2.701,-0.395,0.953,999.00,47.14,0,0
421.60,-2.701,-0.395,0.953,999.00,47.14,0,0
421.70,-2.701,-0.395,0.953,999.00,47.14,0,0
421.80,-2.701,-0.395,0.953,999.00,47.14,0,0
421.90,-2.701,-0.395,0.953,999.00,47.14,0,0
422.00,-2.701,-0.395,0.953,999.00,47.14,0,0
422.10,-2.701,-0.395,0.953,999.00,47.14,0,0
422.20,-2.701,-0.395,0.953,999.00,47.14,0,0
422.30,-2.701,-0.395,0.953,999.00,47.14,0,0
422.40,-2.701,-0.395,0.953,999.00,47.14,0,0
422.50,-2.701,-0.395,0.953,999.00,47.14,0,0
422.60,-2.701,-0.395,0.953,999.00,47.14,0,0
422.70,-2.701,-0.395,0.953,999.00,47.14,0,0
422.80,-2.701,-0.395,0.953,999.00,47.14,0,0
422.90,-2.701,-0.395,0.953,999.00,47.14,0,0
423.00,-2.701,-0.395,0.953,999.00,47.14,0,0
423.10,-2.701,-0.395,0.953,999.00,47.14,0,0
423.20,-2.701,-0.395,0.953,999.00,47.14,0,0
423.30,-2.701,-0.395,0.953,999.00,47.14,0,0
423.40,-2.701,-0.395,0.953,999.00,47.14,0,0
423.50,-2.701,-0.395,0.953,999.00,47.14,0,0
423.60,-2.701,-0.395,0.953,999.00,47.14,0,0
423.70,-2.701,-0.395,0.953,999.00,47.14,0,0
423.80,-2.701,-0.395,0.953,999.00,47.14,0,0
423.90,-2.701,-0.395,0.953,999.00,47.14,0,0
424.00,-2.701,-0.395,0.953,999.00,47.14,0,0
424.10,-2.701,-0.395,0.953,999.00,47.14,0,0
424.20,-2.701,-0.395,0.953,999.00,47.14,0,0
424.30,-2.701,-0.395,0.953,999.00,47.14,0,0
424.40,-2.701,-0.395,0.953,999.00,47.14,0,0
424.50,-2.701,-0.395,0.953,999.00,47.14,0,0
424.60,-2.701,-0.395,0.953,999.00,47.14,0,0
424.70,-2.701,-0.395,0.953,999.00,47.14,0,0
424.80,-2.701,-0.395,0.953,999.00,47.14,0,0
424.90,-2.701,-0.395,0.953,999.00,47.14,0,0
425.00,-2.701,-0.395,0.953,999.00,47.14,0,0
425.10,-2.701,-0.395,0.953,999.00,47.14,0,0
425.20,-2.701,-0.395,0.953,999.00,47.14,0,0
425.30,-2.701,-0.395,0.953,999.00,47.14,0,0
425.40,-2.701,-0.395,0.953,999.00,47.14,0,0
425.50,-2.701,-0.395,0.953,999.00,47.14,0,0
425.60,-2.701,-0.395,0.953,999.00,47.14,0,0
425.70,-2.701,-0.395,0.953,999.00,47.14,0,0
425.80,-2.701,-0.395,0.953,999.00,47.14,0,0
425.90,-2.701,-0.395,0.953,999.00,47.14,0,0
426.00,-2.701,-0.395,0.953,999.00,47.14,0,0
426.10,-2.701,-0.395,0.953,999.00,47.14,0,0
426.20,-2.701,-0.395,0.953,999.00,47.14,0,0
426.30,-2.701,-0.395,0.953,999.00,47.14,0,0
426.40,-2.701,-0.395,0.953,999.00,47.14,0,0
426.50,-2.701,-0.395,0.953,999.00,47.14,0,0
426.60,-2.701,-0.395,0.953,999.00,47.14,0,0
426.71,-2.701,-0.395,0.953,999.00,47.14,0,0
426.80,-2.701,-0.395,0.953,999.00,47.14,0,0
426.90,-2.701,-0.395,0.953,999.00,47.14,0,0
427.00,-2.701,-0.395,0.953,999.00,47.14,0,0
427.10,-2.701,-0.395,0.953,999.00,47.14,0,0
427.20,-2.701,-0.395,0.953,999.00,47.14,0,0
427.30,-2.701,-0.395,0.953,999.00,47.14,0,0
427.40,-2.701,-0.395,0.953,999.00,47.14,0,0
427.50,-2.701,-0.395,0.953,999.00,47.14,0,0
427.60,-2.701,-0.395,0.953,999.00,47.14,0,0
427.70,-2.701,-0.395,0.953,999.00,47.14,0,0
427.80,-2.701,-0.395,0.953,999.00,47.14,0,0
427.90,-2.701,-0.395,0.953,999.00,47.14,0,0
428.00,-2.701,-0.395,0.953,999.00,47.14,0,0
428.10,-2.701,-0.395,0.953,999.00,47.14,0,0
428.20,-2.701,-0.395,0.953,999.00,47.14,0,0
428.30,-2.701,-0.395,0.953,999.00,47.14,0,0
428.40,-2.701,-0.395,0.953,999.00,47.14,0,0
428.50,-2.701,-0.395,0.953,999.00,47.14,0,0
428.60,-2.701,-0.395,0.953,999.00,47.14,0,0
428.70,-2.701,-0.395,0.953,999.00,47.14,0,0
428.80,-2.701,-0.395,0.953,999.00,47.14,0,0
428.90,-2.701,-0.395,0.953,999.00,47.14,0,0
429.00,-2.701,-0.395,0.953,999.00,47.14,0,0
429.10,-2.701,-0.395,0.953,999.00,47.14,0,0
429.20,-2.701,-0.395,0.953,999.00,47.14,0,0
429.30,-2.701,-0.395,0.953,999.00,47.14,0,0
429.40,-2.701,-0.395,0.953,999.00,47.14,0,0
429.50,-2.701,-0.395,0.953,999.00,47.14,0,0
429.60,-2.701,-0.395,0.953,999.00,47.14,0,0
429.70,-2.701,-0.395,0.953,999.00,47.14,0,0
429.80,-2.701,-0.395,0.953,999.00,47.14,0,0
429.90,-2.701,-0.395,0.953,999.00,47.14,0,0
430.00,-2.701,-0.395,0.953,999.00,47.14,0,0
430.10,-2.701,-0.395,0.953,999.00,47.14,0,0
430.20,-2.701,-0.395,0.953,999.00,47.14,0,0
430.31,-2.701,-0.395,0.953,999.00,47.14,0,0
430.40,-2.701,-0.395,0.953,999.00,47.14,0,0
430.50,-2.701,-0.395,0.953,999.00,47.14,0,0
430.60,-2.701,-0.395,0.953,999.00,47.14,0,0
430.70,-2.701,-0.395,0.953,999.00,47.14,0,0
430.80,-2.701,-0.395,0.953,999.00,47.14,0,0
430.90,-2.701,-0.395,0.953,999.00,47.14,0,0
431.00,-2.701,-0.395,0.953,999.00,47.14,0,0
431.10,-2.701,-0.395,0.953,999.00,47.14,0,0
431.20,-2.701,-0.395,0.953,999.00,47.14,0,0
431.30,-2.701,-0.395,0.953,999.00,47.14,0,0
431.40,-2.701,-0.395,0.953,999.00,47.14,0,0
431.50,-2.701,-0.395,0.953,999.00,47.14,0,0
431.60,-2.701,-0.395,0.953,999.00,47.14,0,0
431.70,-2.701,-0.395,0.953,999.00,47.14,0,0
431.80,-2.701,-0.395,0.953,999.00,47.14,0,0
431.90,-2.701,-0.395,0.953,999.00,47.14,0,0
432.00,-2.701,-0.395,0.953,999.00,47.14,0,0
432.10,-2.701,-0.395,0.953,999.00,47.14,0,0
432.20,-2.701,-0.395,0.953,999.00,47.14,0,0
432.30,-2.701,-0.395,0.953,999.00,47.14,0,0
432.40,-2.701,-0.395,0.953,999.00,47.14,0,0
432.50,-2.701,-0.395,0.953,999.00,47.14,0,0
432.60,-2.701,-0.395,0.953,999.00,47.14,0,0
432.70,-2.701,-0.395,0.953,999.00,47.14,0,0
432.80,-2.701,-0.395,0.953,999.00,47.14,0,0
432.91,-2.701,-0.395,0.953,999.00,47.14,0,0
433.00,-2.701,-0.395,0.953,999.00,47.14,0,0
433.10,-2.701,-0.395,0.953,999.00,47.14,0,0
433.20,-2.701,-0.395,0.953,999.00,47.14,0,0
433.30,-2.701,-0.395,0.953,999.00,47.14,0,0
433.40,-2.701,-0.395,0.953,999.00,47.14,0,0
433.50,-2.701,-0.395,0.953,999.00,47.14,0,0
433.60,-2.701,-0.395,0.953,999.00,47.14,0,0
433.70,-2.701,-0.395,0.953,999.00,47.14,0,0
433.80,-2.701,-0.395,0.953,999.00,47.14,0,0
433.90,-2.701,-0.395,0.953,999.00,47.14,0,0
434.01,-2.701,-0.395,0.953,999.00,47.14,0,0
434.10,-2.701,-0.395,0.953,999.00,47.14,0,0
434.20,-2.701,-0.395,0.953,999.00,47.14,0,0
434.30,-2.701,-0.395,0.953,999.00,47.14,0,0
434.40,-2.701,-0.395,0.953,999.00,47.14,0,0
434.50,-2.701,-0.395,0.953,999.00,47.14,0,0
434.60,-2.701,-0.395,0.953,999.00,47.14,0,0
434.70,-2.701,-0.395,0.953,999.00,47.14,0,0
434.80,-2.701,-0.395,0.953,999.00,47.14,0,0
434.90,-2.701,-0.395,0.953,999.00,47.14,0,0
435.00,-2.701,-0.395,0.953,999.00,47.14,0,0
435.10,-2.701,-0.395,0.953,999.00,47.14,0,0
435.20,-2.701,-0.395,0.953,999.00,47.14,0,0
435.30,-2.701,-0.395,0.953,999.00,47.14,0,0
435.40,-2.701,-0.395,0.953,999.00,47.14,0,0
435.50,-2.701,-0.395,0.953,999.00,47.14,0,0
435.60,-2.701,-0.395,0.953,999.00,47.14,0,0
435.70,-2.701,-0.395,0.953,999.00,47.14,0,0
435.80,-2.701,-0.395,0.953,999.00,47.14,0,0
435.90,-2.701,-0.395,0.953,999.00,47.14,0,0
436.00,-2.701,-0.395,0.953,999.00,47.14,0,0
436.10,-2.701,-0.395,0.953,999.00,47.14,0,0
436.20,-2.701,-0.395,0.953,999.00,47.14,0,0
436.30,-2.701,-0.395,0.953,999.00,47.14,0,0
436.40,-2.701,-0.395,0.953,999.00,47.14,0,0
436.50,-2.701,-0.395,0.953,999.00,47.14,0,0
436.60,-2.701,-0.395,0.953,999.00,47.14,0,0
436.70,-2.701,-0.395,0.953,999.00,47.14,0,0
436.80,-2.701,-0.395,0.953,999.00,47.14,0,0
436.90,-2.701,-0.395,0.953,999.00,47.14,0,0
437.00,-2.701,-0.395,0.953,999.00,47.14,0,0
437.10,-2.701,-0.395,0.953,999.00,47.14,0,0
437.20,-2.701,-0.395,0.953,999.00,47.14,0,0
437.31,-2.701,-0.395,0.953,999.00,47.14,0,0
437.40,-2.701,-0.395,0.953,999.00,47.14,0,0
437.50,-2.701,-0.395,0.953,999.00,47.14,0,0
437.60,-2.701,-0.395,0.953,999.00,47.14,0,0
437.70,-2.701,-0.395,0.953,999.00,47.14,0,0
437.80,-2.701,-0.395,0.953,999.00,47.14,0,0
437.90,-2.701,-0.395,0.953,999.00,47.14,0,0
438.00,-2.701,-0.395,0.953,999.00,47.14,0,0
438.10,-2.701,-0.395,0.953,999.00,47.14,0,0
438.20,-2.701,-0.395,0.953,999.00,47.14,0,0
438.30,-2.701,-0.395,0.953,999.00,47.14,0,0
438.41,-2.701,-0.395,0.953,999.00,47.14,0,0
438.50,-2.701,-0.395,0.953,999.00,47.14,0,0
438.60,-2.701,-0.395,0.953,999.00,47.14,0,0
438.70,-2.701,-0.395,0.953,999.00,47.14,0,0
438.80,-2.701,-0.395,0.953,999.00,47.14,0,0
438.90,-2.701,-0.395,0.953,999.00,47.14,0,0
439.00,-2.701,-0.395,0.953,999.00,47.14,0,0
439.10,-2.701,-0.395,0.953,999.00,47.14,0,0
439.20,-2.701,-0.395,0.953,999.00,47.14,0,0
439.30,-2.701,-0.395,0.953,999.00,47.14,0,0
439.40,-2.701,-0.395,0.953,999.00,47.14,0,0
439.50,-2.701,-0.395,0.953,999.00,47.14,0,0
439.60,-2.701,-0.395,0.953,999.00,47.14,0,0
439.70,-2.701,-0.395,0.953,999.00,47.14,0,0
439.80,-2.701,-0.395,0.953,999.00,47.14,0,0
439.90,-2.701,-0.395,0.953,999.00,47.14,0,0
440.00,-2.701,-0.395,0.953,999.00,47.14,0,0
440.11,-2.701,-0.395,0.953,999.00,47.14,0,0
440.20,-2.701,-0.395,0.953,999.00,47.14,0,0
440.30,-2.701,-0.395,0.953,999.00,47.14,0,0
440.40,-2.701,-0.395,0.953,999.00,47.14,0,0
440.50,-2.701,-0.395,0.953,999.00,47.14,0,0
440.60,-2.701,-0.395,0.953,999.00,47.14,0,0
440.70,-2.701,-0.395,0.953,999.00,47.14,0,0
440.80,-2.701,-0.395,0.953,999.00,47.14,0,0
440.90,-2.701,-0.395,0.953,999.00,47.14,0,0
441.00,-2.701,-0.395,0.953,999.00,47.14,0,0
441.10,-2.701,-0.395,0.953,999.00,47.14,0,0
441.20,-2.701,-0.395,0.953,999.00,47.14,0,0
441.30,-2.701,-0.395,0.953,999.00,47.14,0,0
441.40,-2.701,-0.395,0.953,999.00,47.14,0,0
441.50,-2.701,-0.395,0.953,999.00,47.14,0,0
441.60,-2.701,-0.395,0.953,999.00,47.14,0,0
441.70,-2.701,-0.395,0.953,999.00,47.14,0,0
441.80,-2.701,-0.395,0.953,999.00,47.14,0,0
441.90,-2.701,-0.395,0.953,999.00,47.14,0,0
442.00,-2.701,-0.395,0.953,999.00,47.14,0,0
442.10,-2.701,-0.395,0.953,999.00,47.14,0,0
442.20,-2.701,-0.395,0.953,999.00,47.14,0,0
442.30,-2.701,-0.395,0.953,999.00,47.14,0,0
442.40,-2.701,-0.395,0.953,999.00,47.14,0,0
442.50,-2.701,-0.395,0.953,999.00,47.14,0,0
442.60,-2.701,-0.395,0.953,999.00,47.14,0,0
442.70,-2.701,-0.395,0.953,999.00,47.14,0,0
442.80,-2.701,-0.395,0.953,999.00,47.14,0,0
442.90,-2.701,-0.395,0.953,999.00,47.14,0,0
443.00,-2.701,-0.395,0.953,999.00,47.14,0,0
443.10,-2.701,-0.395,0.953,999.00,47.14,0,0
443.20,-2.701,-0.395,0.953,999.00,47.14,0,0
443.30,-2.701,-0.395,0.953,999.00,47.14,0,0
443.40,-2.701,-0.395,0.953,999.00,47.14,0,0
443.50,-2.701,-0.395,0.953,999.00,47.14,0,0
443.60,-2.701,-0.395,0.953,999.00,47.14,0,0
443.70,-2.701,-0.395,0.953,999.00,47.14,0,0
443.80,-2.701,-0.395,0.953,999.00,47.14,0,0
443.91,-2.701,-0.395,0.953,999.00,47.14,0,0
444.00,-2.701,-0.395,0.953,999.00,47.14,0,0
444.10,-2.701,-0.395,0.953,999.00,47.14,0,0
444.20,-2.701,-0.395,0.953,999.00,47.14,0,0
444.30,-2.701,-0.395,0.953,999.00,47.14,0,0
444.40,-2.701,-0.395,0.953,999.00,47.14,0,0
444.50,-2.701,-0.395,0.953,999.00,47.14,0,0
444.60,-2.701,-0.395,0.953,999.00,47.14,0,0
444.70,-2.701,-0.395,0.953,999.00,47.14,0,0
444.80,-2.701,-0.395,0.953,999.00,47.14,0,0
444.90,-2.701,-0.395,0.953,999.00,47.14,0,0
445.00,-2.701,-0.395,0.953,999.00,47.14,0,0
445.10,-2.701,-0.395,0.953,999.00,47.14,0,0
445.20,-2.701,-0.395,0.953,999.00,47.14,0,0
445.30,-2.701,-0.395,0.953,999.00,47.14,0,0
445.40,-2.701,-0.395,0.953,999.00,47.14,0,0
445.50,-2.701,-0.395,0.953,999.00,47.14,0,0
445.60,-2.701,-0.395,0.953,999.00,47.14,0,0
445.70,-2.701,-0.395,0.953,999.00,47.14,0,0
445.81,-2.701,-0.395,0.953,999.00,47.14,0,0
445.90,-2.701,-0.395,0.953,999.00,47.14,0,0
446.00,-2.701,-0.395,0.953,999.00,47.14,0,0
446.10,-2.701,-0.395,0.953,999.00,47.14,0,0
446.20,-2.701,-0.395,0.953,999.00,47.14,0,0
446.30,-2.701,-0.395,0.953,999.00,47.14,0,0
446.40,-2.701,-0.395,0.953,999.00,47.14,0,0
446.50,-2.701,-0.395,0.953,999.00,47.14,0,0
446.60,-2.701,-0.395,0.953,999.00,47.14,0,0
446.70,-2.701,-0.395,0.953,999.00,47.14,0,0
446.80,-2.701,-0.395,0.953,999.00,47.14,0,0
446.90,-2.701,-0.395,0.953,999.00,47.14,0,0
447.00,-2.701,-0.395,0.953,999.00,47.14,0,0
447.11,-2.701,-0.395,0.953,999.00,47.14,0,0
447.21,-2.701,-0.395,0.953,999.00,47.14,0,0
447.30,-2.701,-0.395,0.953,999.00,47.14,0,0
447.40,-2.701,-0.395,0.953,999.00,47.14,0,0
447.50,-2.701,-0.395,0.953,999.00,47.14,0,0
447.60,-2.701,-0.395,0.953,999.00,47.14,0,0
447.70,-2.701,-0.395,0.953,999.00,47.14,0,0
447.80,-2.701,-0.395,0.953,999.00,47.14,0,0
447.90,-2.701,-0.395,0.953,999.00,47.14,0,0
448.00,-2.701,-0.395,0.953,999.00,47.14,0,0
448.10,-2.701,-0.395,0.953,999.00,47.14,0,0
448.20,-2.701,-0.395,0.953,999.00,47.14,0,0
448.30,-2.701,-0.395,0.953,999.00,47.14,0,0
448.40,-2.701,-0.395,0.953,999.00,47.14,0,0
448.50,-2.701,-0.395,0.953,999.00,47.14,0,0
448.60,-2.701,-0.395,0.953,999.00,47.14,0,0
448.70,-2.701,-0.395,0.953,999.00,47.14,0,0
448.80,-2.701,-0.395,0.953,999.00,47.14,0,0
448.90,-2.701,-0.395,0.953,999.00,47.14,0,0
449.00,-2.701,-0.395,0.953,999.00,47.14,0,0
449.10,-2.701,-0.395,0.953,999.00,47.14,0,0
449.20,-2.701,-0.395,0.953,999.00,47.14,0,0
449.30,-2.701,-0.395,0.953,999.00,47.14,0,0
449.40,-2.701,-0.395,0.953,999.00,47.14,0,0
449.50,-2.701,-0.395,0.953,999.00,47.14,0,0
449.60,-2.701,-0.395,0.953,999.00,47.14,0,0
449.70,-2.701,-0.395,0.953,999.00,47.14,0,0
449.80,-2.701,-0.395,0.953,999.00,47.14,0,0
449.90,-2.701,-0.395,0.953,999.00,47.14,0,0
450.00,-2.701,-0.395,0.953,999.00,47.14,0,0
450.10,-2.701,-0.395,0.953,999.00,47.14,0,0
450.20,-2.701,-0.395,0.953,999.00,47.14,0,0
450.30,-2.701,-0.395,0.953,999.00,47.14,0,0
450.40,-2.701,-0.395,0.953,999.00,47.14,0,0
450.50,-2.701,-0.395,0.953,999.00,47.14,0,0
450.60,-2.701,-0.395,0.953,999.00,47.14,0,0
450.70,-2.701,-0.395,0.953,999.00,47.14,0,0
450.80,-2.701,-0.395,0.953,999.00,47.14,0,0
450.90,-2.701,-0.395,0.953,999.00,47.14,0,0
451.00,-2.701,-0.395,0.953,999.00,47.14,0,0
451.10,-2.701,-0.395,0.953,999.00,47.14,0,0
451.20,-2.701,-0.395,0.953,999.00,47.14,0,0
451.30,-2.701,-0.395,0.953,999.00,47.14,0,0
451.40,-2.701,-0.395,0.953,999.00,47.14,0,0
451.50,-2.701,-0.395,0.953,999.00,47.14,0,0
451.60,-2.701,-0.395,0.953,999.00,47.14,0,0
451.70,-2.701,-0.395,0.953,999.00,47.14,0,0
451.80,-2.701,-0.395,0.953,999.00,47.14,0,0
451.90,-2.701,-0.395,0.953,999.00,47.14,0,0
452.00,-2.701,-0.395,0.953,999.00,47.14,0,0
452.10,-2.701,-0.395,0.953,999.00,47.14,0,0
452.20,-2.701,-0.395,0.953,999.00,47.14,0,0
452.30,-2.701,-0.395,0.953,999.00,47.14,0,0
452.40,-2.701,-0.395,0.953,999.00,47.14,0,0
452.50,-2.701,-0.395,0.953,999.00,47.14,0,0
452.60,-2.701,-0.395,0.953,999.00,47.14,0,0
452.70,-2.701,-0.395,0.953,999.00,47.14,0,0
452.80,-2.701,-0.395,0.953,999.00,47.14,0,0
452.90,-2.701,-0.395,0.953,999.00,47.14,0,0
453.00,-2.701,-0.395,0.953,999.00,47.14,0,0
453.10,-2.701,-0.395,0.953,999.00,47.14,0,0
453.20,-2.701,-0.395,0.953,999.00,47.14,0,0
453.31,-2.701,-0.395,0.953,999.00,47.14,0,0
453.41,-2.701,-0.395,0.953,999.00,47.14,0,0
453.50,-2.701,-0.395,0.953,999.00,47.14,0,0
453.60,-2.701,-0.395,0.953,999.00,47.14,0,0
453.70,-2.701,-0.395,0.953,999.00,47.14,0,0
453.80,-2.701,-0.395,0.953,999.00,47.14,0,0
453.90,-2.701,-0.395,0.953,999.00,47.14,0,0
454.00,-2.701,-0.395,0.953,999.00,47.14,0,0
454.10,-2.701,-0.395,0.953,999.00,47.14,0,0
454.20,-2.701,-0.395,0.953,999.00,47.14,0,0
454.30,-2.701,-0.395,0.953,999.00,47.14,0,0
454.40,-2.701,-0.395,0.953,999.00,47.14,0,0
454.50,-2.701,-0.395,0.953,999.00,47.14,0,0
454.60,-2.701,-0.395,0.953,999.00,47.14,0,0
454.70,-2.701,-0.395,0.953,999.00,47.14,0,0
454.80,-2.701,-0.395,0.953,999.00,47.14,0,0
454.90,-2.701,-0.395,0.953,999.00,47.14,0,0
455.00,-2.701,-0.395,0.953,999.00,47.14,0,0
455.10,-2.701,-0.395,0.953,999.00,47.14,0,0
455.20,-2.701,-0.395,0.953,999.00,47.14,0,0
455.30,-2.701,-0.395,0.953,999.00,47.14,0,0
455.40,-2.701,-0.395,0.953,999.00,47.14,0,0
455.50,-2.701,-0.395,0.953,999.00,47.14,0,0
455.60,-2.701,-0.395,0.953,999.00,47.14,0,0
455.70,-2.701,-0.395,0.953,999.00,47.14,0,0
455.80,-2.701,-0.395,0.953,999.00,47.14,0,0
455.90,-2.701,-0.395,0.953,999.00,47.14,0,0
456.00,-2.701,-0.395,0.953,999.00,47.14,0,0
456.10,-2.701,-0.395,0.953,999.00,47.14,0,0
456.20,-2.701,-0.395,0.953,999.00,47.14,0,0
456.30,-2.701,-0.395,0.953,999.00,47.14,0,0
456.40,-2.701,-0.395,0.953,999.00,47.14,0,0
456.50,-2.701,-0.395,0.953,999.00,47.14,0,0
456.60,-2.701,-0.395,0.953,999.00,47.14,0,0
456.70,-2.701,-0.395,0.953,999.00,47.14,0,0
456.80,-2.701,-0.395,0.953,999.00,47.14,0,0
456.90,-2.701,-0.395,0.953,999.00,47.14,0,0
457.00,-2.701,-0.395,0.953,999.00,47.14,0,0
457.10,-2.701,-0.395,0.953,999.00,47.14,0,0
457.20,-2.701,-0.395,0.953,999.00,47.14,0,0
457.30,-2.701,-0.395,0.953,999.00,47.14,0,0
457.40,-2.701,-0.395,0.953,999.00,47.14,0,0
457.50,-2.701,-0.395,0.953,999.00,47.14,0,0
457.60,-2.701,-0.395,0.953,999.00,47.14,0,0
457.70,-2.701,-0.395,0.953,999.00,47.14,0,0
457.80,-2.701,-0.395,0.953,999.00,47.14,0,0
457.90,-2.701,-0.395,0.953,999.00,47.14,0,0
458.00,-2.701,-0.395,0.953,999.00,47.14,0,0
458.10,-2.701,-0.395,0.953,999.00,47.14,0,0
458.20,-2.701,-0.395,0.953,999.00,47.14,0,0
458.30,-2.701,-0.395,0.953,999.00,47.14,0,0
458.40,-2.701,-0.395,0.953,999.00,47.14,0,0
458.50,-2.701,-0.395,0.953,999.00,47.14,0,0
458.60,-2.701,-0.395,0.953,999.00,47.14,0,0
458.70,-2.701,-0.395,0.953,999.00,47.14,0,0
458.80,-2.701,-0.395,0.953,999.00,47.14,0,0
458.90,-2.701,-0.395,0.953,999.00,47.14,0,0
459.00,-2.701,-0.395,0.953,999.00,47.14,0,0
459.10,-2.701,-0.395,0.953,999.00,47.14,0,0
459.20,-2.701,-0.395,0.953,999.00,47.14,0,0
459.30,-2.701,-0.395,0.953,999.00,47.14,0,0
459.40,-2.701,-0.395,0.953,999.00,47.14,0,0
459.50,-2.701,-0.395,0.953,999.00,47.14,0,0
459.60,-2.701,-0.395,0.953,999.00,47.14,0,0
459.70,-2.701,-0.395,0.953,999.00,47.14,0,0
459.80,-2.701,-0.395,0.953,999.00,47.14,0,0
459.90,-2.701,-0.395,0.953,999.00,47.14,0,0
460.00,-2.701,-0.395,0.953,999.00,47.14,0,0
460.10,-2.701,-0.395,0.953,999.00,47.14,0,0
460.20,-2.701,-0.395,0.953,999.00,47.14,0,0
460.30,-2.701,-0.395,0.953,999.00,47.14,0,0
460.40,-2.701,-0.395,0.953,999.00,47.14,0,0
460.50,-2.701,-0.395,0.953,999.00,47.14,0,0
460.60,-2.701,-0.395,0.953,999.00,47.14,0,0
460.70,-2.701,-0.395,0.953,999.00,47.14,0,0
460.80,-2.701,-0.395,0.953,999.00,47.14,0,0
460.90,-2.701,-0.395,0.953,999.00,47.14,0,0
461.00,-2.701,-0.395,0.953,999.00,47.14,0,0
461.10,-2.701,-0.395,0.953,999.00,47.14,0,0
461.20,-2.701,-0.395,0.953,999.00,47.14,0,0
461.30,-2.701,-0.395,0.953,999.00,47.14,0,0
461.40,-2.701,-0.395,0.953,999.00,47.14,0,0
461.50,-2.701,-0.395,0.953,999.00,47.14,0,0
461.60,-2.701,-0.395,0.953,999.00,47.14,0,0
461.70,-2.701,-0.395,0.953,999.00,47.14,0,0
461.80,-2.701,-0.395,0.953,999.00,47.14,0,0
461.90,-2.701,-0.395,0.953,999.00,47.14,0,0
462.00,-2.701,-0.395,0.953,999.00,47.14,0,0
462.10,-2.701,-0.395,0.953,999.00,47.14,0,0
462.20,-2.701,-0.395,0.953,999.00,47.14,0,0
462.30,-2.701,-0.395,0.953,999.00,47.14,0,0
462.40,-2.701,-0.395,0.953,999.00,47.14,0,0
462.50,-2.701,-0.395,0.953,999.00,47.14,0,0
462.60,-2.701,-0.395,0.953,999.00,47.14,0,0
462.70,-2.701,-0.395,0.953,999.00,47.14,0,0
462.80,-2.701,-0.395,0.953,999.00,47.14,0,0
462.90,-2.701,-0.395,0.953,999.00,47.14,0,0
463.00,-2.701,-0.395,0.953,999.00,47.14,0,0
463.10,-2.701,-0.395,0.953,999.00,47.14,0,0
463.20,-2.701,-0.395,0.953,999.00,47.14,0,0
463.30,-2.701,-0.395,0.953,999.00,47.14,0,0
463.40,-2.701,-0.395,0.953,999.00,47.14,0,0
463.50,-2.701,-0.395,0.953,999.00,47.14,0,0
463.60,-2.701,-0.395,0.953,999.00,47.14,0,0
463.70,-2.701,-0.395,0.953,999.00,47.14,0,0
463.80,-2.701,-0.395,0.953,999.00,47.14,0,0
463.90,-2.701,-0.395,0.953,999.00,47.14,0,0
464.00,-2.701,-0.395,0.953,999.00,47.14,0,0
464.10,-2.701,-0.395,0.953,999.00,47.14,0,0
464.20,-2.701,-0.395,0.953,999.00,47.14,0,0
464.30,-2.701,-0.395,0.953,999.00,47.14,0,0
464.40,-2.701,-0.395,0.953,999.00,47.14,0,0
464.50,-2.701,-0.395,0.953,999.00,47.14,0,0
464.60,-2.701,-0.395,0.953,999.00,47.14,0,0
464.70,-2.701,-0.395,0.953,999.00,47.14,0,0
464.80,-2.701,-0.395,0.953,999.00,47.14,0,0
464.90,-2.701,-0.395,0.953,999.00,47.14,0,0
465.00,-2.701,-0.395,0.953,999.00,47.14,0,0
465.10,-2.701,-0.395,0.953,999.00,47.14,0,0
465.20,-2.701,-0.395,0.953,999.00,47.14,0,0
465.30,-2.701,-0.395,0.953,999.00,47.14,0,0
465.40,-2.701,-0.395,0.953,999.00,47.14,0,0
465.50,-2.701,-0.395,0.953,999.00,47.14,0,0
465.60,-2.701,-0.395,0.953,999.00,47.14,0,0
465.70,-2.701,-0.395,0.953,999.00,47.14,0,0
465.80,-2.701,-0.395,0.953,999.00,47.14,0,0
465.90,-2.701,-0.395,0.953,999.00,47.14,0,0
466.00,-2.701,-0.395,0.953,999.00,47.14,0,0
466.10,-2.701,-0.395,0.953,999.00,47.14,0,0
466.20,-2.701,-0.395,0.953,999.00,47.14,0,0
466.30,-2.701,-0.395,0.953,999.00,47.14,0,0
466.40,-2.701,-0.395,0.953,999.00,47.14,0,0
466.50,-2.701,-0.395,0.953,999.00,47.14,0,0
466.60,-2.701,-0.395,0.953,999.00,47.14,0,0
466.70,-2.701,-0.395,0.953,999.00,47.14,0,0
466.80,-2.701,-0.395,0.953,999.00,47.14,0,0
466.90,-2.701,-0.395,0.953,999.00,47.14,0,0
467.00,-2.701,-0.395,0.953,999.00,47.14,0,0
467.10,-2.701,-0.395,0.953,999.00,47.14,0,0
467.20,-2.701,-0.395,0.953,999.00,47.14,0,0
467.30,-2.701,-0.395,0.953,999.00,47.14,0,0
467.40,-2.701,-0.395,0.953,999.00,47.14,0,0
467.50,-2.701,-0.395,0.953,999.00,47.14,0,0
467.60,-2.701,-0.395,0.953,999.00,47.14,0,0
467.70,-2.701,-0.395,0.953,999.00,47.14,0,0
467.80,-2.701,-0.395,0.953,999.00,47.14,0,0
467.91,-2.701,-0.395,0.953,999.00,47.14,0,0
468.00,-2.701,-0.395,0.953,999.00,47.14,0,0
468.10,-2.701,-0.395,0.953,999.00,47.14,0,0
468.20,-2.701,-0.395,0.953,999.00,47.14,0,0
468.30,-2.701,-0.395,0.953,999.00,47.14,0,0
468.40,-2.701,-0.395,0.953,999.00,47.14,0,0
468.50,-2.701,-0.395,0.953,999.00,47.14,0,0
468.60,-2.701,-0.395,0.953,999.00,47.14,0,0
468.70,-2.701,-0.395,0.953,999.00,47.14,0,0
468.80,-2.701,-0.395,0.953,999.00,47.14,0,0
468.90,-2.701,-0.395,0.953,999.00,47.14,0,0
469.00,-2.701,-0.395,0.953,999.00,47.14,0,0
469.10,-2.701,-0.395,0.953,999.00,47.14,0,0
469.20,-2.701,-0.395,0.953,999.00,47.14,0,0
469.30,-2.701,-0.395,0.953,999.00,47.14,0,0
469.40,-2.701,-0.395,0.953,999.00,47.14,0,0
469.50,-2.701,-0.395,0.953,999.00,47.14,0,0
469.60,-2.701,-0.395,0.953,999.00,47.14,0,0
469.70,-2.701,-0.395,0.953,999.00,47.14,0,0
469.80,-2.701,-0.395,0.953,999.00,47.14,0,0
469.90,-2.701,-0.395,0.953,999.00,47.14,0,0
470.00,-2.701,-0.395,0.953,999.00,47.14,0,0
470.10,-2.701,-0.395,0.953,999.00,47.14,0,0
470.20,-2.701,-0.395,0.953,999.00,47.14,0,0
470.30,-2.701,-0.395,0.953,999.00,47.14,0,0
470.40,-2.701,-0.395,0.953,999.00,47.14,0,0
470.50,-2.701,-0.395,0.953,999.00,47.14,0,0
470.60,-2.701,-0.395,0.953,999.00,47.14,0,0
470.70,-2.701,-0.395,0.953,999.00,47.14,0,0
470.80,-2.701,-0.395,0.953,999.00,47.14,0,0
470.90,-2.701,-0.395,0.953,999.00,47.14,0,0
471.00,-2.701,-0.395,0.953,999.00,47.14,0,0
471.10,-2.701,-0.395,0.953,999.00,47.14,0,0
471.20,-2.701,-0.395,0.953,999.00,47.14,0,0
471.30,-2.701,-0.395,0.953,999.00,47.14,0,0
471.40,-2.701,-0.395,0.953,999.00,47.14,0,0
471.50,-2.701,-0.395,0.953,999.00,47.14,0,0
471.60,-2.701,-0.395,0.953,999.00,47.14,0,0
471.70,-2.701,-0.395,0.953,999.00,47.14,0,0
471.80,-2.701,-0.395,0.953,999.00,47.14,0,0
471.90,-2.701,-0.395,0.953,999.00,47.14,0,0
472.00,-2.701,-0.395,0.953,999.00,47.14,0,0
472.10,-2.701,-0.395,0.953,999.00,47.14,0,0
472.20,-2.701,-0.395,0.953,999.00,47.14,0,0
472.30,-2.701,-0.395,0.953,999.00,47.14,0,0
472.40,-2.701,-0.395,0.953,999.00,47.14,0,0
472.50,-2.701,-0.395,0.953,999.00,47.14,0,0
472.60,-2.701,-0.395,0.953,999.00,47.14,0,0
472.70,-2.701,-0.395,0.953,999.00,47.14,0,0
472.80,-2.701,-0.395,0.953,999.00,47.14,0,0
472.90,-2.701,-0.395,0.953,999.00,47.14,0,0
473.00,-2.701,-0.395,0.953,999.00,47.14,0,0
473.10,-2.701,-0.395,0.953,999.00,47.14,0,0
473.20,-2.701,-0.395,0.953,999.00,47.14,0,0
473.30,-2.701,-0.395,0.953,999.00,47.14,0,0
473.40,-2.701,-0.395,0.953,999.00,47.14,0,0
473.50,-2.701,-0.395,0.953,999.00,47.14,0,0
473.60,-2.701,-0.395,0.953,999.00,47.14,0,0
473.70,-2.701,-0.395,0.953,999.00,47.14,0,0
473.80,-2.701,-0.395,0.953,999.00,47.14,0,0
473.90,-2.701,-0.395,0.953,999.00,47.14,0,0
474.00,-2.701,-0.395,0.953,999.00,47.14,0,0
474.10,-2.701,-0.395,0.953,999.00,47.14,0,0
474.20,-2.701,-0.395,0.953,999.00,47.14,0,0
474.30,-2.701,-0.395,0.953,999.00,47.14,0,0
474.40,-2.701,-0.395,0.953,999.00,47.14,0,0
474.50,-2.701,-0.395,0.953,999.00,47.14,0,0
474.60,-2.701,-0.395,0.953,999.00,47.14,0,0
474.70,-2.701,-0.395,0.953,999.00,47.14,0,0
474.80,-2.701,-0.395,0.953,999.00,47.14,0,0
474.90,-2.701,-0.395,0.953,999.00,47.14,0,0
475.00,-2.701,-0.395,0.953,999.00,47.14,0,0
475.10,-2.701,-0.395,0.953,999.00,47.14,0,0
475.20,-2.701,-0.395,0.953,999.00,47.14,0,0
475.30,-2.701,-0.395,0.953,999.00,47.14,0,0
475.40,-2.701,-0.395,0.953,999.00,47.14,0,0
475.50,-2.701,-0.395,0.953,999.00,47.14,0,0
475.60,-2.701,-0.395,0.953,999.00,47.14,0,0
475.70,-2.701,-0.395,0.953,999.00,47.14,0,0
475.80,-2.701,-0.395,0.953,999.00,47.14,0,0
475.90,-2.701,-0.395,0.953,999.00,47.14,0,0
476.00,-2.701,-0.395,0.953,999.00,47.14,0,0
476.10,-2.701,-0.395,0.953,999.00,47.14,0,0
476.20,-2.701,-0.395,0.953,999.00,47.14,0,0
476.30,-2.701,-0.395,0.953,999.00,47.14,0,0
476.40,-2.701,-0.395,0.953,999.00,47.14,0,0
476.50,-2.701,-0.395,0.953,999.00,47.14,0,0
476.60,-2.701,-0.395,0.953,999.00,47.14,0,0
476.70,-2.701,-0.395,0.953,999.00,47.14,0,0
476.80,-2.701,-0.395,0.953,999.00,47.14,0,0
476.90,-2.701,-0.395,0.953,999.00,47.14,0,0
477.00,-2.701,-0.395,0.953,999.00,47.14,0,0
477.10,-2.701,-0.395,0.953,999.00,47.14,0,0
477.20,-2.701,-0.395,0.953,999.00,47.14,0,0
477.30,-2.701,-0.395,0.953,999.00,47.14,0,0
477.40,-2.701,-0.395,0.953,999.00,47.14,0,0
477.50,-2.701,-0.395,0.953,999.00,47.14,0,0
477.60,-2.701,-0.395,0.953,999.00,47.14,0,0
477.70,-2.701,-0.395,0.953,999.00,47.14,0,0
477.80,-2.701,-0.395,0.953,999.00,47.14,0,0
477.90,-2.701,-0.395,0.953,999.00,47.14,0,0
478.00,-2.701,-0.395,0.953,999.00,47.14,0,0
478.10,-2.701,-0.395,0.953,999.00,47.14,0,0
478.20,-2.701,-0.395,0.953,999.00,47.14,0,0
478.30,-2.701,-0.395,0.953,999.00,47.14,0,0
478.40,-2.701,-0.395,0.953,999.00,47.14,0,0
478.50,-2.701,-0.395,0.953,999.00,47.14,0,0
478.60,-2.701,-0.395,0.953,999.00,47.14,0,0
478.70,-2.701,-0.395,0.953,999.00,47.14,0,0
478.80,-2.701,-0.395,0.953,999.00,47.14,0,0
478.90,-2.701,-0.395,0.953,999.00,47.14,0,0
479.00,-2.701,-0.395,0.953,999.00,47.14,0,0
479.10,-2.701,-0.395,0.953,999.00,47.14,0,0
479.20,-2.701,-0.395,0.953,999.00,47.14,0,0
479.30,-2.701,-0.395,0.953,999.00,47.14,0,0
479.40,-2.701,-0.395,0.953,999.00,47.14,0,0
479.50,-2.701,-0.395,0.953,999.00,47.14,0,0
479.60,-2.701,-0.395,0.953,999.00,47.14,0,0
479.70,-2.701,-0.395,0.953,999.00,47.14,0,0
479.80,-2.701,-0.395,0.953,999.00,47.14,0,0
479.90,-2.701,-0.395,0.953,999.00,47.14,0,0
480.00,-2.701,-0.395,0.953,999.00,47.14,0,0
480.10,-2.701,-0.395,0.953,999.00,47.14,0,0
480.20,-2.701,-0.395,0.953,999.00,47.14,0,0
480.30,-2.701,-0.395,0.953,999.00,47.14,0,0
480.40,-2.701,-0.395,0.953,999.00,47.14,0,0
480.50,-2.701,-0.395,0.953,999.00,47.14,0,0
480.60,-2.701,-0.395,0.953,999.00,47.14,0,0
480.70,-2.701,-0.395,0.953,999.00,47.14,0,0
480.80,-2.701,-0.395,0.953,999.00,47.14,0,0
480.90,-2.701,-0.395,0.953,999.00,47.14,0,0
481.00,-2.701,-0.395,0.953,999.00,47.14,0,0
481.10,-2.701,-0.395,0.953,999.00,47.14,0,0
481.20,-2.701,-0.395,0.953,999.00,47.14,0,0
481.30,-2.701,-0.395,0.953,999.00,47.14,0,0
481.40,-2.701,-0.395,0.953,999.00,47.14,0,0
481.50,-2.701,-0.395,0.953,999.00,47.14,0,0
481.60,-2.701,-0.395,0.953,999.00,47.14,0,0
481.70,-2.701,-0.395,0.953,999.00,47.14,0,0
481.80,-2.701,-0.395,0.953,999.00,47.14,0,0
481.90,-2.701,-0.395,0.953,999.00,47.14,0,0
482.00,-2.701,-0.395,0.953,999.00,47.14,0,0
482.10,-2.701,-0.395,0.953,999.00,47.14,0,0
482.20,-2.701,-0.395,0.953,999.00,47.14,0,0
482.30,-2.701,-0.395,0.953,999.00,47.14,0,0
482.40,-2.701,-0.395,0.953,999.00,47.14,0,0
482.50,-2.701,-0.395,0.953,999.00,47.14,0,0
482.60,-2.701,-0.395,0.953,999.00,47.14,0,0
482.70,-2.701,-0.395,0.953,999.00,47.14,0,0
482.80,-2.701,-0.395,0.953,999.00,47.14,0,0
482.90,-2.701,-0.395,0.953,999.00,47.14,0,0
483.00,-2.701,-0.395,0.953,999.00,47.14,0,0
483.10,-2.701,-0.395,0.953,999.00,47.14,0,0
483.20,-2.701,-0.395,0.953,999.00,47.14,0,0
483.30,-2.701,-0.395,0.953,999.00,47.14,0,0
483.40,-2.701,-0.395,0.953,999.00,47.14,0,0
483.50,-2.701,-0.395,0.953,999.00,47.14,0,0
483.60,-2.701,-0.395,0.953,999.00,47.14,0,0
483.70,-2.701,-0.395,0.953,999.00,47.14,0,0
483.80,-2.701,-0.395,0.953,999.00,47.14,0,0
483.90,-2.701,-0.395,0.953,999.00,47.14,0,0
484.00,-2.701,-0.395,0.953,999.00,47.14,0,0
484.10,-2.701,-0.395,0.953,999.00,47.14,0,0
484.20,-2.701,-0.395,0.953,999.00,47.14,0,0
484.30,-2.701,-0.395,0.953,999.00,47.14,0,0
484.40,-2.701,-0.395,0.953,999.00,47.14,0,0
484.50,-2.701,-0.395,0.953,999.00,47.14,0,0
484.60,-2.701,-0.395,0.953,999.00,47.14,0,0
484.70,-2.701,-0.395,0.953,999.00,47.14,0,0
484.80,-2.701,-0.395,0.953,999.00,47.14,0,0
484.90,-2.701,-0.395,0.953,999.00,47.14,0,0
485.00,-2.701,-0.395,0.953,999.00,47.14,0,0
485.10,-2.701,-0.395,0.953,999.00,47.14,0,0
485.20,-2.701,-0.395,0.953,999.00,47.14,0,0
485.30,-2.701,-0.395,0.953,999.00,47.14,0,0
485.40,-2.701,-0.395,0.953,999.00,47.14,0,0
485.50,-2.701,-0.395,0.953,999.00,47.14,0,0
485.60,-2.701,-0.395,0.953,999.00,47.14,0,0
485.70,-2.701,-0.395,0.953,999.00,47.14,0,0
485.80,-2.701,-0.395,0.953,999.00,47.14,0,0
485.90,-2.701,-0.395,0.953,999.00,47.14,0,0
486.00,-2.701,-0.395,0.953,999.00,47.14,0,0
486.10,-2.701,-0.395,0.953,999.00,47.14,0,0
486.20,-2.701,-0.395,0.953,999.00,47.14,0,0
486.30,-2.701,-0.395,0.953,999.00,47.14,0,0
486.40,-2.701,-0.395,0.953,999.00,47.14,0,0
486.50,-2.701,-0.395,0.953,999.00,47.14,0,0
486.60,-2.701,-0.395,0.953,999.00,47.14,0,0
486.70,-2.701,-0.395,0.953,999.00,47.14,0,0
486.80,-2.701,-0.395,0.953,999.00,47.14,0,0
486.90,-2.701,-0.395,0.953,999.00,47.14,0,0
487.00,-2.701,-0.395,0.953,999.00,47.14,0,0
487.10,-2.701,-0.395,0.953,999.00,47.14,0,0
487.20,-2.701,-0.395,0.953,999.00,47.14,0,0
487.30,-2.701,-0.395,0.953,999.00,47.14,0,0
487.40,-2.701,-0.395,0.953,999.00,47.14,0,0
487.50,-2.701,-0.395,0.953,999.00,47.14,0,0
487.60,-2.701,-0.395,0.953,999.00,47.14,0,0
487.70,-2.701,-0.395,0.953,999.00,47.14,0,0
487.80,-2.701,-0.395,0.953,999.00,47.14,0,0
487.90,-2.701,-0.395,0.953,999.00,47.14,0,0
488.00,-2.701,-0.395,0.953,999.00,47.14,0,0
488.10,-2.701,-0.395,0.953,999.00,47.14,0,0
488.20,-2.701,-0.395,0.953,999.00,47.14,0,0
488.30,-2.701,-0.395,0.953,999.00,47.14,0,0
488.40,-2.701,-0.395,0.953,999.00,47.14,0,0
488.50,-2.701,-0.395,0.953,999.00,47.14,0,0
488.60,-2.701,-0.395,0.953,999.00,47.14,0,0
488.70,-2.701,-0.395,0.953,999.00,47.14,0,0
488.80,-2.701,-0.395,0.953,999.00,47.14,0,0
488.90,-2.701,-0.395,0.953,999.00,47.14,0,0
489.00,-2.701,-0.395,0.953,999.00,47.14,0,0
489.10,-2.701,-0.395,0.953,999.00,47.14,0,0
489.20,-2.701,-0.395,0.953,999.00,47.14,0,0
489.30,-2.701,-0.395,0.953,999.00,47.14,0,0
489.40,-2.701,-0.395,0.953,999.00,47.14,0,0
489.50,-2.701,-0.395,0.953,999.00,47.14,0,0
489.60,-2.701,-0.395,0.953,999.00,47.14,0,0
489.70,-2.701,-0.395,0.953,999.00,47.14,0,0
489.80,-2.701,-0.395,0.953,999.00,47.14,0,0
489.90,-2.701,-0.395,0.953,999.00,47.14,0,0
490.00,-2.701,-0.395,0.953,999.00,47.14,0,0
490.10,-2.701,-0.395,0.953,999.00,47.14,0,0
490.20,-2.701,-0.395,0.953,999.00,47.14,0,0
490.30,-2.701,-0.395,0.953,999.00,47.14,0,0
490.40,-2.701,-0.395,0.953,999.00,47.14,0,0
490.50,-2.701,-0.395,0.953,999.00,47.14,0,0
490.60,-2.701,-0.395,0.953,999.00,47.14,0,0
490.70,-2.701,-0.395,0.953,999.00,47.14,0,0
490.80,-2.701,-0.395,0.953,999.00,47.14,0,0
490.90,-2.701,-0.395,0.953,999.00,47.14,0,0
491.00,-2.701,-0.395,0.953,999.00,47.14,0,0
491.10,-2.701,-0.395,0.953,999.00,47.14,0,0
491.20,-2.701,-0.395,0.953,999.00,47.14,0,0
491.30,-2.701,-0.395,0.953,999.00,47.14,0,0
491.40,-2.701,-0.395,0.953,999.00,47.14,0,0
491.50,-2.701,-0.395,0.953,999.00,47.14,0,0
491.60,-2.701,-0.395,0.953,999.00,47.14,0,0
491.70,-2.701,-0.395,0.953,999.00,47.14,0,0
491.80,-2.701,-0.395,0.953,999.00,47.14,0,0
491.90,-2.701,-0.395,0.953,999.00,47.14,0,0
492.00,-2.701,-0.395,0.953,999.00,47.14,0,0
492.10,-2.701,-0.395,0.953,999.00,47.14,0,0
492.20,-2.701,-0.395,0.953,999.00,47.14,0,0
492.30,-2.701,-0.395,0.953,999.00,47.14,0,0
492.40,-2.701,-0.395,0.953,999.00,47.14,0,0
492.50,-2.701,-0.395,0.953,999.00,47.14,0,0
492.60,-2.701,-0.395,0.953,999.00,47.14,0,0
492.70,-2.701,-0.395,0.953,999.00,47.14,0,0
492.80,-2.701,-0.395,0.953,999.00,47.14,0,0
492.90,-2.701,-0.395,0.953,999.00,47.14,0,0
493.00,-2.701,-0.395,0.953,999.00,47.14,0,0
493.10,-2.701,-0.395,0.953,999.00,47.14,0,0
493.20,-2.701,-0.395,0.953,999.00,47.14,0,0
493.30,-2.701,-0.395,0.953,999.00,47.14,0,0
493.40,-2.701,-0.395,0.953,999.00,47.14,0,0
493.50,-2.701,-0.395,0.953,999.00,47.14,0,0
493.60,-2.701,-0.395,0.953,999.00,47.14,0,0
493.70,-2.701,-0.395,0.953,999.00,47.14,0,0
493.80,-2.701,-0.395,0.953,999.00,47.14,0,0
493.90,-2.701,-0.395,0.953,999.00,47.14,0,0
494.00,-2.701,-0.395,0.953,999.00,47.14,0,0
494.10,-2.701,-0.395,0.953,999.00,47.14,0,0
494.20,-2.701,-0.395,0.953,999.00,47.14,0,0
494.30,-2.701,-0.395,0.953,999.00,47.14,0,0
494.40,-2.701,-0.395,0.953,999.00,47.14,0,0
494.50,-2.701,-0.395,0.953,999.00,47.14,0,0
494.60,-2.701,-0.395,0.953,999.00,47.14,0,0
494.70,-2.701,-0.395,0.953,999.00,47.14,0,0
494.80,-2.701,-0.395,0.953,999.00,47.14,0,0
494.90,-2.701,-0.395,0.953,999.00,47.14,0,0
495.00,-2.701,-0.395,0.953,999.00,47.14,0,0
495.10,-2.701,-0.395,0.953,999.00,47.14,0,0
495.20,-2.701,-0.395,0.953,999.00,47.14,0,0
495.30,-2.701,-0.395,0.953,999.00,47.14,0,0
495.40,-2.701,-0.395,0.953,999.00,47.14,0,0
495.50,-2.701,-0.395,0.953,999.00,47.14,0,0
495.60,-2.701,-0.395,0.953,999.00,47.14,0,0
495.70,-2.701,-0.395,0.953,999.00,47.14,0,0
495.80,-2.701,-0.395,0.953,999.00,47.14,0,0
495.90,-2.701,-0.395,0.953,999.00,47.14,0,0
496.00,-2.701,-0.395,0.953,999.00,47.14,0,0
496.10,-2.701,-0.395,0.953,999.00,47.14,0,0
496.20,-2.701,-0.395,0.953,999.00,47.14,0,0
496.30,-2.701,-0.395,0.953,999.00,47.14,0,0
496.40,-2.701,-0.395,0.953,999.00,47.14,0,0
496.50,-2.701,-0.395,0.953,999.00,47.14,0,0
496.60,-2.701,-0.395,0.953,999.00,47.14,0,0
496.70,-2.701,-0.395,0.953,999.00,47.14,0,0
496.80,-2.701,-0.395,0.953,999.00,47.14,0,0
496.90,-2.701,-0.395,0.953,999.00,47.14,0,0
497.00,-2.701,-0.395,0.953,999.00,47.14,0,0
497.10,-2.701,-0.395,0.953,999.00,47.14,0,0
497.20,-2.701,-0.395,0.953,999.00,47.14,0,0
497.30,-2.701,-0.395,0.953,999.00,47.14,0,0
497.40,-2.701,-0.395,0.953,999.00,47.14,0,0
497.50,-2.701,-0.395,0.953,999.00,47.14,0,0
497.60,-2.701,-0.395,0.953,999.00,47.14,0,0
497.70,-2.701,-0.395,0.953,999.00,47.14,0,0
497.80,-2.701,-0.395,0.953,999.00,47.14,0,0
497.90,-2.701,-0.395,0.953,999.00,47.14,0,0
498.00,-2.701,-0.395,0.953,999.00,47.14,0,0
498.10,-2.701,-0.395,0.953,999.00,47.14,0,0
498.20,-2.701,-0.395,0.953,999.00,47.14,0,0
498.30,-2.701,-0.395,0.953,999.00,47.14,0,0
498.40,-2.701,-0.395,0.953,999.00,47.14,0,0
498.50,-2.701,-0.395,0.953,999.00,47.14,0,0
498.60,-2.701,-0.395,0.953,999.00,47.14,0,0
498.70,-2.701,-0.395,0.953,999.00,47.14,0,0
498.80,-2.701,-0.395,0.953,999.00,47.14,0,0
498.90,-2.701,-0.395,0.953,999.00,47.14,0,0
499.00,-2.701,-0.395,0.953,999.00,47.14,0,0
499.10,-2.701,-0.395,0.953,999.00,47.14,0,0
499.20,-2.701,-0.395,0.953,999.00,47.14,0,0
499.30,-2.701,-0.395,0.953,999.00,47.14,0,0
499.40,-2.701,-0.395,0.953,999.00,47.14,0,0
499.50,-2.701,-0.395,0.953,999.00,47.14,0,0
499.60,-2.701,-0.395,0.953,999.00,47.14,0,0
499.70,-2.701,-0.395,0.953,999.00,47.14,0,0
499.80,-2.701,-0.395,0.953,999.00,47.14,0,0
499.90,-2.701,-0.395,0.953,999.00,47.14,0,0
500.00,-2.701,-0.395,0.953,999.00,47.14,0,0
500.11,-2.701,-0.395,0.953,999.00,47.14,0,0
500.20,-2.701,-0.395,0.953,999.00,47.14,0,0
500.30,-2.701,-0.395,0.953,999.00,47.14,0,0
500.40,-2.701,-0.395,0.953,999.00,47.14,0,0
500.50,-2.701,-0.395,0.953,999.00,47.14,0,0
500.60,-2.701,-0.395,0.953,999.00,47.14,0,0
500.70,-2.701,-0.395,0.953,999.00,47.14,0,0
500.80,-2.701,-0.395,0.953,999.00,47.14,0,0
500.90,-2.701,-0.395,0.953,999.00,47.14,0,0
501.00,-2.701,-0.395,0.953,999.00,47.14,0,0
501.10,-2.701,-0.395,0.953,999.00,47.14,0,0
501.20,-2.701,-0.395,0.953,999.00,47.14,0,0
501.30,-2.701,-0.395,0.953,999.00,47.14,0,0
501.40,-2.701,-0.395,0.953,999.00,47.14,0,0
501.50,-2.701,-0.395,0.953,999.00,47.14,0,0
501.60,-2.701,-0.395,0.953,999.00,47.14,0,0
501.70,-2.701,-0.395,0.953,999.00,47.14,0,0
501.80,-2.701,-0.395,0.953,999.00,47.14,0,0
501.90,-2.701,-0.395,0.953,999.00,47.14,0,0
502.00,-2.701,-0.395,0.953,999.00,47.14,0,0
502.10,-2.701,-0.395,0.953,999.00,47.14,0,0
502.20,-2.701,-0.395,0.953,999.00,47.14,0,0
502.30,-2.701,-0.395,0.953,999.00,47.14,0,0
502.40,-2.701,-0.395,0.953,999.00,47.14,0,0
502.50,-2.701,-0.395,0.953,999.00,47.14,0,0
502.60,-2.701,-0.395,0.953,999.00,47.14,0,0
502.70,-2.701,-0.395,0.953,999.00,47.14,0,0
502.81,-2.701,-0.395,0.953,999.00,47.14,0,0
502.90,-2.701,-0.395,0.953,999.00,47.14,0,0
503.00,-2.701,-0.395,0.953,999.00,47.14,0,0
503.10,-2.701,-0.395,0.953,999.00,47.14,0,0
503.20,-2.701,-0.395,0.953,999.00,47.14,0,0
503.30,-2.701,-0.395,0.953,999.00,47.14,0,0
503.40,-2.701,-0.395,0.953,999.00,47.14,0,0
503.50,-2.701,-0.395,0.953,999.00,47.14,0,0
503.60,-2.701,-0.395,0.953,999.00,47.14,0,0
503.70,-2.701,-0.395,0.953,999.00,47.14,0,0
503.80,-2.701,-0.395,0.953,999.00,47.14,0,0
503.90,-2.701,-0.395,0.953,999.00,47.14,0,0
504.00,-2.701,-0.395,0.953,999.00,47.14,0,0
504.10,-2.701,-0.395,0.953,999.00,47.14,0,0
504.20,-2.701,-0.395,0.953,999.00,47.14,0,0
504.30,-2.701,-0.395,0.953,999.00,47.14,0,0
504.40,-2.701,-0.395,0.953,999.00,47.14,0,0
504.50,-2.701,-0.395,0.953,999.00,47.14,0,0
504.60,-2.701,-0.395,0.953,999.00,47.14,0,0
504.70,-2.701,-0.395,0.953,999.00,47.14,0,0
504.80,-2.701,-0.395,0.953,999.00,47.14,0,0
504.90,-2.701,-0.395,0.953,999.00,47.14,0,0
505.00,-2.701,-0.395,0.953,999.00,47.14,0,0
505.10,-2.701,-0.395,0.953,999.00,47.14,0,0
505.20,-2.701,-0.395,0.953,999.00,47.14,0,0
505.30,-2.701,-0.395,0.953,999.00,47.14,0,0
505.40,-2.701,-0.395,0.953,999.00,47.14,0,0
505.50,-2.701,-0.395,0.953,999.00,47.14,0,0
505.60,-2.701,-0.395,0.953,999.00,47.14,0,0
505.70,-2.701,-0.395,0.953,999.00,47.14,0,0
505.80,-2.701,-0.395,0.953,999.00,47.14,0,0
505.90,-2.701,-0.395,0.953,999.00,47.14,0,0
506.00,-2.701,-0.395,0.953,999.00,47.14,0,0
506.10,-2.701,-0.395,0.953,999.00,47.14,0,0
506.20,-2.701,-0.395,0.953,999.00,47.14,0,0
506.30,-2.701,-0.395,0.953,999.00,47.14,0,0
506.40,-2.701,-0.395,0.953,999.00,47.14,0,0
506.50,-2.701,-0.395,0.953,999.00,47.14,0,0
506.60,-2.701,-0.395,0.953,999.00,47.14,0,0
506.70,-2.701,-0.395,0.953,999.00,47.14,0,0
506.80,-2.701,-0.395,0.953,999.00,47.14,0,0
506.90,-2.701,-0.395,0.953,999.00,47.14,0,0
507.00,-2.701,-0.395,0.953,999.00,47.14,0,0
507.10,-2.701,-0.395,0.953,999.00,47.14,0,0
507.20,-2.701,-0.395,0.953,999.00,47.14,0,0
507.30,-2.701,-0.395,0.953,999.00,47.14,0,0
507.40,-2.701,-0.395,0.953,999.00,47.14,0,0
507.50,-2.701,-0.395,0.953,999.00,47.14,0,0
507.60,-2.701,-0.395,0.953,999.00,47.14,0,0
507.70,-2.701,-0.395,0.953,999.00,47.14,0,0
507.80,-2.701,-0.395,0.953,999.00,47.14,0,0
507.90,-2.701,-0.395,0.953,999.00,47.14,0,0
508.00,-2.701,-0.395,0.953,999.00,47.14,0,0
508.10,-2.701,-0.395,0.953,999.00,47.14,0,0
508.20,-2.701,-0.395,0.953,999.00,47.14,0,0
508.30,-2.701,-0.395,0.953,999.00,47.14,0,0
508.40,-2.701,-0.395,0.953,999.00,47.14,0,0
508.50,-2.701,-0.395,0.953,999.00,47.14,0,0
508.60,-2.701,-0.395,0.953,999.00,47.14,0,0
508.70,-2.701,-0.395,0.953,999.00,47.14,0,0
508.80,-2.701,-0.395,0.953,999.00,47.14,0,0
508.90,-2.701,-0.395,0.953,999.00,47.14,0,0
509.00,-2.701,-0.395,0.953,999.00,47.14,0,0
509.10,-2.701,-0.395,0.953,999.00,47.14,0,0
509.20,-2.701,-0.395,0.953,999.00,47.14,0,0
509.30,-2.701,-0.395,0.953,999.00,47.14,0,0
509.40,-2.701,-0.395,0.953,999.00,47.14,0,0
509.50,-2.701,-0.395,0.953,999.00,47.14,0,0
509.60,-2.701,-0.395,0.953,999.00,47.14,0,0
509.71,-2.701,-0.395,0.953,999.00,47.14,0,0
509.80,-2.701,-0.395,0.953,999.00,47.14,0,0
509.90,-2.701,-0.395,0.953,999.00,47.14,0,0
510.00,-2.701,-0.395,0.953,999.00,47.14,0,0
510.10,-2.701,-0.395,0.953,999.00,47.14,0,0
510.20,-2.701,-0.395,0.953,999.00,47.14,0,0
510.30,-2.701,-0.395,0.953,999.00,47.14,0,0
510.40,-2.701,-0.395,0.953,999.00,47.14,0,0
510.50,-2.701,-0.395,0.953,999.00,47.14,0,0
510.60,-2.701,-0.395,0.953,999.00,47.14,0,0
510.70,-2.701,-0.395,0.953,999.00,47.14,0,0
510.80,-2.701,-0.395,0.953,999.00,47.14,0,0
510.90,-2.701,-0.395,0.953,999.00,47.14,0,0
511.00,-2.701,-0.395,0.953,999.00,47.14,0,0
511.10,-2.701,-0.395,0.953,999.00,47.14,0,0
511.20,-2.701,-0.395,0.953,999.00,47.14,0,0
511.30,-2.701,-0.395,0.953,999.00,47.14,0,0
511.40,-2.701,-0.395,0.953,999.00,47.14,0,0
511.50,-2.701,-0.395,0.953,999.00,47.14,0,0
511.60,-2.701,-0.395,0.953,999.00,47.14,0,0
511.70,-2.701,-0.395,0.953,999.00,47.14,0,0
511.80,-2.701,-0.395,0.953,999.00,47.14,0,0
511.90,-2.701,-0.395,0.953,999.00,47.14,0,0
512.00,-2.701,-0.395,0.953,999.00,47.14,0,0
512.10,-2.701,-0.395,0.953,999.00,47.14,0,0
512.20,-2.701,-0.395,0.953,999.00,47.14,0,0
512.30,-2.701,-0.395,0.953,999.00,47.14,0,0
512.40,-2.701,-0.395,0.953,999.00,47.14,0,0
512.50,-2.701,-0.395,0.953,999.00,47.14,0,0
512.60,-2.701,-0.395,0.953,999.00,47.14,0,0
512.70,-2.701,-0.395,0.953,999.00,47.14,0,0
512.80,-2.701,-0.395,0.953,999.00,47.14,0,0
512.90,-2.701,-0.395,0.953,999.00,47.14,0,0
513.00,-2.701,-0.395,0.953,999.00,47.14,0,0
513.10,-2.701,-0.395,0.953,999.00,47.14,0,0
513.20,-2.701,-0.395,0.953,999.00,47.14,0,0
513.30,-2.701,-0.395,0.953,999.00,47.14,0,0
513.40,-2.701,-0.395,0.953,999.00,47.14,0,0
513.50,-2.701,-0.395,0.953,999.00,47.14,0,0
513.60,-2.701,-0.395,0.953,999.00,47.14,0,0
513.70,-2.701,-0.395,0.953,999.00,47.14,0,0
513.80,-2.701,-0.395,0.953,999.00,47.14,0,0
513.90,-2.701,-0.395,0.953,999.00,47.14,0,0
514.00,-2.701,-0.395,0.953,999.00,47.14,0,0
514.10,-2.701,-0.395,0.953,999.00,47.14,0,0
514.20,-2.701,-0.395,0.953,999.00,47.14,0,0
514.30,-2.701,-0.395,0.953,999.00,47.14,0,0
514.40,-2.701,-0.395,0.953,999.00,47.14,0,0
514.50,-2.701,-0.395,0.953,999.00,47.14,0,0
514.60,-2.701,-0.395,0.953,999.00,47.14,0,0
514.70,-2.701,-0.395,0.953,999.00,47.14,0,0
514.80,-2.701,-0.395,0.953,999.00,47.14,0,0
514.90,-2.701,-0.395,0.953,999.00,47.14,0,0
515.00,-2.701,-0.395,0.953,999.00,47.14,0,0
515.10,-2.701,-0.395,0.953,999.00,47.14,0,0
515.20,-2.701,-0.395,0.953,999.00,47.14,0,0
515.30,-2.701,-0.395,0.953,999.00,47.14,0,0
515.40,-2.701,-0.395,0.953,999.00,47.14,0,0
515.50,-2.701,-0.395,0.953,999.00,47.14,0,0
515.60,-2.701,-0.395,0.953,999.00,47.14,0,0
515.70,-2.701,-0.395,0.953,999.00,47.14,0,0
515.80,-2.701,-0.395,0.953,999.00,47.14,0,0
515.90,-2.701,-0.395,0.953,999.00,47.14,0,0
516.00,-2.701,-0.395,0.953,999.00,47.14,0,0
516.10,-2.701,-0.395,0.953,999.00,47.14,0,0
516.20,-2.701,-0.395,0.953,999.00,47.14,0,0
516.30,-2.701,-0.395,0.953,999.00,47.14,0,0
516.40,-2.701,-0.395,0.953,999.00,47.14,0,0
516.50,-2.701,-0.395,0.953,999.00,47.14,0,0
516.60,-2.701,-0.395,0.953,999.00,47.14,0,0
516.70,-2.701,-0.395,0.953,999.00,47.14,0,0
516.80,-2.701,-0.395,0.953,999.00,47.14,0,0
516.91,-2.701,-0.395,0.953,999.00,47.14,0,0
517.00,-2.701,-0.395,0.953,999.00,47.14,0,0
517.10,-2.701,-0.395,0.953,999.00,47.14,0,0
517.20,-2.701,-0.395,0.953,999.00,47.14,0,0
517.30,-2.701,-0.395,0.953,999.00,47.14,0,0
517.40,-2.701,-0.395,0.953,999.00,47.14,0,0
517.50,-2.701,-0.395,0.953,999.00,47.14,0,0
517.60,-2.701,-0.395,0.953,999.00,47.14,0,0
517.70,-2.701,-0.395,0.953,999.00,47.14,0,0
517.80,-2.701,-0.395,0.953,999.00,47.14,0,0
517.90,-2.701,-0.395,0.953,999.00,47.14,0,0
518.00,-2.701,-0.395,0.953,999.00,47.14,0,0
518.10,-2.701,-0.395,0.953,999.00,47.14,0,0
518.20,-2.701,-0.395,0.953,999.00,47.14,0,0
518.30,-2.701,-0.395,0.953,999.00,47.14,0,0
518.40,-2.701,-0.395,0.953,999.00,47.14,0,0
518.50,-2.701,-0.395,0.953,999.00,47.14,0,0
518.60,-2.701,-0.395,0.953,999.00,47.14,0,0
518.70,-2.701,-0.395,0.953,999.00,47.14,0,0
518.80,-2.701,-0.395,0.953,999.00,47.14,0,0
518.90,-2.701,-0.395,0.953,999.00,47.14,0,0
519.00,-2.701,-0.395,0.953,999.00,47.14,0,0
519.10,-2.701,-0.395,0.953,999.00,47.14,0,0
519.20,-2.701,-0.395,0.953,999.00,47.14,0,0
519.30,-2.701,-0.395,0.953,999.00,47.14,0,0
519.40,-2.701,-0.395,0.953,999.00,47.14,0,0
519.50,-2.701,-0.395,0.953,999.00,47.14,0,0
519.60,-2.701,-0.395,0.953,999.00,47.14,0,0
519.70,-2.701,-0.395,0.953,999.00,47.14,0,0
519.80,-2.701,-0.395,0.953,999.00,47.14,0,0
519.90,-2.701,-0.395,0.953,999.00,47.14,0,0
520.00,-2.701,-0.395,0.953,999.00,47.14,0,0
520.10,-2.701,-0.395,0.953,999.00,47.14,0,0
520.20,-2.701,-0.395,0.953,999.00,47.14,0,0
520.30,-2.701,-0.395,0.953,999.00,47.14,0,0
520.40,-2.701,-0.395,0.953,999.00,47.14,0,0
520.50,-2.701,-0.395,0.953,999.00,47.14,0,0
520.60,-2.701,-0.395,0.953,999.00,47.14,0,0
520.70,-2.701,-0.395,0.953,999.00,47.14,0,0
520.80,-2.701,-0.395,0.953,999.00,47.14,0,0
520.90,-2.701,-0.395,0.953,999.00,47.14,0,0
521.00,-2.701,-0.395,0.953,999.00,47.14,0,0
521.10,-2.701,-0.395,0.953,999.00,47.14,0,0
521.20,-2.701,-0.395,0.953,999.00,47.14,0,0
521.30,-2.701,-0.395,0.953,999.00,47.14,0,0
521.40,-2.701,-0.395,0.953,999.00,47.14,0,0
521.50,-2.701,-0.395,0.953,999.00,47.14,0,0
521.60,-2.701,-0.395,0.953,999.00,47.14,0,0
521.71,-2.701,-0.395,0.953,999.00,47.14,0,0
521.80,-2.701,-0.395,0.953,999.00,47.14,0,0
521.90,-2.701,-0.395,0.953,999.00,47.14,0,0
522.00,-2.701,-0.395,0.953,999.00,47.14,0,0
522.10,-2.701,-0.395,0.953,999.00,47.14,0,0
522.20,-2.701,-0.395,0.953,999.00,47.14,0,0
522.30,-2.701,-0.395,0.953,999.00,47.14,0,0
522.40,-2.701,-0.395,0.953,999.00,47.14,0,0
522.50,-2.701,-0.395,0.953,999.00,47.14,0,0
522.60,-2.701,-0.395,0.953,999.00,47.14,0,0
522.70,-2.701,-0.395,0.953,999.00,47.14,0,0
522.80,-2.701,-0.395,0.953,999.00,47.14,0,0
522.90,-2.701,-0.395,0.953,999.00,47.14,0,0
523.00,-2.701,-0.395,0.953,999.00,47.14,0,0
523.10,-2.701,-0.395,0.953,999.00,47.14,0,0
523.20,-2.701,-0.395,0.953,999.00,47.14,0,0
523.30,-2.701,-0.395,0.953,999.00,47.14,0,0
523.40,-2.701,-0.395,0.953,999.00,47.14,0,0
523.50,-2.701,-0.395,0.953,999.00,47.14,0,0
523.60,-2.701,-0.395,0.953,999.00,47.14,0,0
523.70,-2.701,-0.395,0.953,999.00,47.14,0,0
523.80,-2.701,-0.395,0.953,999.00,47.14,0,0
523.90,-2.701,-0.395,0.953,999.00,47.14,0,0
524.00,-2.701,-0.395,0.953,999.00,47.14,0,0
524.10,-2.701,-0.395,0.953,999.00,47.14,0,0
524.20,-2.701,-0.395,0.953,999.00,47.14,0,0
524.30,-2.701,-0.395,0.953,999.00,47.14,0,0
524.40,-2.701,-0.395,0.953,999.00,47.14,0,0
524.50,-2.701,-0.395,0.953,999.00,47.14,0,0
524.60,-2.701,-0.395,0.953,999.00,47.14,0,0
524.70,-2.701,-0.395,0.953,999.00,47.14,0,0
524.80,-2.701,-0.395,0.953,999.00,47.14,0,0
524.90,-2.701,-0.395,0.953,999.00,47.14,0,0
525.00,-2.701,-0.395,0.953,999.00,47.14,0,0
525.10,-2.701,-0.395,0.953,999.00,47.14,0,0
525.20,-2.701,-0.395,0.953,999.00,47.14,0,0
525.30,-2.701,-0.395,0.953,999.00,47.14,0,0
525.40,-2.701,-0.395,0.953,999.00,47.14,0,0
525.50,-2.701,-0.395,0.953,999.00,47.14,0,0
525.60,-2.701,-0.395,0.953,999.00,47.14,0,0
525.70,-2.701,-0.395,0.953,999.00,47.14,0,0
525.80,-2.701,-0.395,0.953,999.00,47.14,0,0
525.90,-2.701,-0.395,0.953,999.00,47.14,0,0
526.00,-2.701,-0.395,0.953,999.00,47.14,0,0
526.10,-2.701,-0.395,0.953,999.00,47.14,0,0
526.20,-2.701,-0.395,0.953,999.00,47.14,0,0
526.30,-2.701,-0.395,0.953,999.00,47.14,0,0
526.40,-2.701,-0.395,0.953,999.00,47.14,0,0
526.50,-2.701,-0.395,0.953,999.00,47.14,0,0
526.60,-2.701,-0.395,0.953,999.00,47.14,0,0
526.70,-2.701,-0.395,0.953,999.00,47.14,0,0
526.80,-2.701,-0.395,0.953,999.00,47.14,0,0
526.90,-2.701,-0.395,0.953,999.00,47.14,0,0
527.00,-2.701,-0.395,0.953,999.00,47.14,0,0
527.10,-2.701,-0.395,0.953,999.00,47.14,0,0
527.20,-2.701,-0.395,0.953,999.00,47.14,0,0
527.30,-2.701,-0.395,0.953,999.00,47.14,0,0
527.40,-2.701,-0.395,0.953,999.00,47.14,0,0
527.50,-2.701,-0.395,0.953,999.00,47.14,0,0
527.60,-2.701,-0.395,0.953,999.00,47.14,0,0
527.70,-2.701,-0.395,0.953,999.00,47.14,0,0
527.80,-2.701,-0.395,0.953,999.00,47.14,0,0
527.90,-2.701,-0.395,0.953,999.00,47.14,0,0
528.00,-2.701,-0.395,0.953,999.00,47.14,0,0
528.10,-2.701,-0.395,0.953,999.00,47.14,0,0
528.20,-2.701,-0.395,0.953,999.00,47.14,0,0
528.30,-2.701,-0.395,0.953,999.00,47.14,0,0
528.40,-2.701,-0.395,0.953,999.00,47.14,0,0
528.50,-2.701,-0.395,0.953,999.00,47.14,0,0
528.60,-2.701,-0.395,0.953,999.00,47.14,0,0
528.70,-2.701,-0.395,0.953,999.00,47.14,0,0
528.80,-2.701,-0.395,0.953,999.00,47.14,0,0
528.90,-2.701,-0.395,0.953,999.00,47.14,0,0
529.00,-2.701,-0.395,0.953,999.00,47.14,0,0
529.10,-2.701,-0.395,0.953,999.00,47.14,0,0
529.20,-2.701,-0.395,0.953,999.00,47.14,0,0
529.30,-2.701,-0.395,0.953,999.00,47.14,0,0
529.40,-2.701,-0.395,0.953,999.00,47.14,0,0
529.50,-2.701,-0.395,0.953,999.00,47.14,0,0
529.60,-2.701,-0.395,0.953,999.00,47.14,0,0
529.70,-2.701,-0.395,0.953,999.00,47.14,0,0
529.80,-2.701,-0.395,0.953,999.00,47.14,0,0
529.90,-2.701,-0.395,0.953,999.00,47.14,0,0
530.00,-2.701,-0.395,0.953,999.00,47.14,0,0
530.10,-2.701,-0.395,0.953,999.00,47.14,0,0
530.20,-2.701,-0.395,0.953,999.00,47.14,0,0
530.30,-2.701,-0.395,0.953,999.00,47.14,0,0
530.40,-2.701,-0.395,0.953,999.00,47.14,0,0
530.50,-2.701,-0.395,0.953,999.00,47.14,0,0
530.60,-2.701,-0.395,0.953,999.00,47.14,0,0
530.70,-2.701,-0.395,0.953,999.00,47.14,0,0
530.80,-2.701,-0.395,0.953,999.00,47.14,0,0
530.90,-2.701,-0.395,0.953,999.00,47.14,0,0
531.00,-2.701,-0.395,0.953,999.00,47.14,0,0
531.10,-2.701,-0.395,0.953,999.00,47.14,0,0
531.20,-2.701,-0.395,0.953,999.00,47.14,0,0
531.30,-2.701,-0.395,0.953,999.00,47.14,0,0
531.40,-2.701,-0.395,0.953,999.00,47.14,0,0
531.50,-2.701,-0.395,0.953,999.00,47.14,0,0
531.60,-2.701,-0.395,0.953,999.00,47.14,0,0
531.70,-2.701,-0.395,0.953,999.00,47.14,0,0
531.80,-2.701,-0.395,0.953,999.00,47.14,0,0
531.90,-2.701,-0.395,0.953,999.00,47.14,0,0
532.00,-2.701,-0.395,0.953,999.00,47.14,0,0
532.10,-2.701,-0.395,0.953,999.00,47.14,0,0
532.20,-2.701,-0.395,0.953,999.00,47.14,0,0
532.30,-2.701,-0.395,0.953,999.00,47.14,0,0
532.40,-2.701,-0.395,0.953,999.00,47.14,0,0
532.50,-2.701,-0.395,0.953,999.00,47.14,0,0
532.60,-2.701,-0.395,0.953,999.00,47.14,0,0
532.70,-2.701,-0.395,0.953,999.00,47.14,0,0
532.80,-2.701,-0.395,0.953,999.00,47.14,0,0
532.90,-2.701,-0.395,0.953,999.00,47.14,0,0
533.00,-2.701,-0.395,0.953,999.00,47.14,0,0
533.10,-2.701,-0.395,0.953,999.00,47.14,0,0
533.20,-2.701,-0.395,0.953,999.00,47.14,0,0
533.31,-2.701,-0.395,0.953,999.00,47.14,0,0
533.40,-2.701,-0.395,0.953,999.00,47.14,0,0
533.50,-2.701,-0.395,0.953,999.00,47.14,0,0
533.60,-2.701,-0.395,0.953,999.00,47.14,0,0
533.70,-2.701,-0.395,0.953,999.00,47.14,0,0
533.80,-2.701,-0.395,0.953,999.00,47.14,0,0
533.90,-2.701,-0.395,0.953,999.00,47.14,0,0
534.00,-2.701,-0.395,0.953,999.00,47.14,0,0
534.10,-2.701,-0.395,0.953,999.00,47.14,0,0
534.20,-2.701,-0.395,0.953,999.00,47.14,0,0
534.30,-2.701,-0.395,0.953,999.00,47.14,0,0
534.40,-2.701,-0.395,0.953,999.00,47.14,0,0
534.50,-2.701,-0.395,0.953,999.00,47.14,0,0
534.60,-2.701,-0.395,0.953,999.00,47.14,0,0
534.70,-2.701,-0.395,0.953,999.00,47.14,0,0
534.80,-2.701,-0.395,0.953,999.00,47.14,0,0
534.90,-2.701,-0.395,0.953,999.00,47.14,0,0
535.00,-2.701,-0.395,0.953,999.00,47.14,0,0
535.10,-2.701,-0.395,0.953,999.00,47.14,0,0
535.20,-2.701,-0.395,0.953,999.00,47.14,0,0
535.30,-2.701,-0.395,0.953,999.00,47.14,0,0
535.40,-2.701,-0.395,0.953,999.00,47.14,0,0
535.50,-2.701,-0.395,0.953,999.00,47.14,0,0
535.60,-2.701,-0.395,0.953,999.00,47.14,0,0
535.70,-2.701,-0.395,0.953,999.00,47.14,0,0
535.80,-2.701,-0.395,0.953,999.00,47.14,0,0
535.90,-2.701,-0.395,0.953,999.00,47.14,0,0
536.00,-2.701,-0.395,0.953,999.00,47.14,0,0
536.10,-2.701,-0.395,0.953,999.00,47.14,0,0
536.20,-2.701,-0.395,0.953,999.00,47.14,0,0
536.30,-2.701,-0.395,0.953,999.00,47.14,0,0
536.40,-2.701,-0.395,0.953,999.00,47.14,0,0
536.50,-2.701,-0.395,0.953,999.00,47.14,0,0
536.60,-2.701,-0.395,0.953,999.00,47.14,0,0
536.70,-2.701,-0.395,0.953,999.00,47.14,0,0
536.80,-2.701,-0.395,0.953,999.00,47.14,0,0
536.90,-2.701,-0.395,0.953,999.00,47.14,0,0
537.00,-2.701,-0.395,0.953,999.00,47.14,0,0
537.10,-2.701,-0.395,0.953,999.00,47.14,0,0
537.20,-2.701,-0.395,0.953,999.00,47.14,0,0
537.30,-2.701,-0.395,0.953,999.00,47.14,0,0
537.40,-2.701,-0.395,0.953,999.00,47.14,0,0
537.50,-2.701,-0.395,0.953,999.00,47.14,0,0
537.60,-2.701,-0.395,0.953,999.00,47.14,0,0
537.70,-2.701,-0.395,0.953,999.00,47.14,0,0
537.80,-2.701,-0.395,0.953,999.00,47.14,0,0
537.90,-2.701,-0.395,0.953,999.00,47.14,0,0
538.00,-2.701,-0.395,0.953,999.00,47.14,0,0
538.10,-2.701,-0.395,0.953,999.00,47.14,0,0
538.20,-2.701,-0.395,0.953,999.00,47.14,0,0
538.30,-2.701,-0.395,0.953,999.00,47.14,0,0
538.40,-2.701,-0.395,0.953,999.00,47.14,0,0
538.50,-2.701,-0.395,0.953,999.00,47.14,0,0
538.60,-2.701,-0.395,0.953,999.00,47.14,0,0
538.70,-2.701,-0.395,0.953,999.00,47.14,0,0
538.80,-2.701,-0.395,0.953,999.00,47.14,0,0
538.90,-2.701,-0.395,0.953,999.00,47.14,0,0
539.00,-2.701,-0.395,0.953,999.00,47.14,0,0
539.10,-2.701,-0.395,0.953,999.00,47.14,0,0
539.20,-2.701,-0.395,0.953,999.00,47.14,0,0
539.30,-2.701,-0.395,0.953,999.00,47.14,0,0
539.40,-2.701,-0.395,0.953,999.00,47.14,0,0
539.50,-2.701,-0.395,0.953,999.00,47.14,0,0
539.60,-2.701,-0.395,0.953,999.00,47.14,0,0
539.70,-2.701,-0.395,0.953,999.00,47.14,0,0
539.80,-2.701,-0.395,0.953,999.00,47.14,0,0
539.90,-2.701,-0.395,0.953,999.00,47.14,0,0
540.00,-2.701,-0.395,0.953,999.00,47.14,0,0
540.10,-2.701,-0.395,0.953,999.00,47.14,0,0
540.20,-2.701,-0.395,0.953,999.00,47.14,0,0
540.30,-2.701,-0.395,0.953,999.00,47.14,0,0
540.40,-2.701,-0.395,0.953,999.00,47.14,0,0
540.50,-2.701,-0.395,0.953,999.00,47.14,0,0
540.60,-2.701,-0.395,0.953,999.00,47.14,0,0
540.70,-2.701,-0.395,0.953,999.00,47.14,0,0
540.80,-2.701,-0.395,0.953,999.00,47.14,0,0
540.90,-2.701,-0.395,0.953,999.00,47.14,0,0
541.00,-2.701,-0.395,0.953,999.00,47.14,0,0
541.10,-2.701,-0.395,0.953,999.00,47.14,0,0
541.20,-2.701,-0.395,0.953,999.00,47.14,0,0
541.30,-2.701,-0.395,0.953,999.00,47.14,0,0
541.40,-2.701,-0.395,0.953,999.00,47.14,0,0
541.50,-2.701,-0.395,0.953,999.00,47.14,0,0
541.60,-2.701,-0.395,0.953,999.00,47.14,0,0
541.70,-2.701,-0.395,0.953,999.00,47.14,0,0
541.80,-2.701,-0.395,0.953,999.00,47.14,0,0
541.90,-2.701,-0.395,0.953,999.00,47.14,0,0
542.00,-2.701,-0.395,0.953,999.00,47.14,0,0
542.10,-2.701,-0.395,0.953,999.00,47.14,0,0
542.20,-2.701,-0.395,0.953,999.00,47.14,0,0
542.30,-2.701,-0.395,0.953,999.00,47.14,0,0
542.40,-2.701,-0.395,0.953,999.00,47.14,0,0
542.50,-2.701,-0.395,0.953,999.00,47.14,0,0
542.60,-2.701,-0.395,0.953,999.00,47.14,0,0
542.70,-2.701,-0.395,0.953,999.00,47.14,0,0
542.80,-2.701,-0.395,0.953,999.00,47.14,0,0
542.90,-2.701,-0.395,0.953,999.00,47.14,0,0
543.00,-2.701,-0.395,0.953,999.00,47.14,0,0
543.11,-2.701,-0.395,0.953,999.00,47.14,0,0
543.20,-2.701,-0.395,0.953,999.00,47.14,0,0
543.30,-2.701,-0.395,0.953,999.00,47.14,0,0
543.40,-2.701,-0.395,0.953,999.00,47.14,0,0
543.50,-2.701,-0.395,0.953,999.00,47.14,0,0
543.60,-2.701,-0.395,0.953,999.00,47.14,0,0
543.70,-2.701,-0.395,0.953,999.00,47.14,0,0
543.80,-2.701,-0.395,0.953,999.00,47.14,0,0
543.90,-2.701,-0.395,0.953,999.00,47.14,0,0
544.00,-2.701,-0.395,0.953,999.00,47.14,0,0
544.10,-2.701,-0.395,0.953,999.00,47.14,0,0
544.20,-2.701,-0.395,0.953,999.00,47.14,0,0
544.30,-2.701,-0.395,0.953,999.00,47.14,0,0
544.40,-2.701,-0.395,0.953,999.00,47.14,0,0
544.50,-2.701,-0.395,0.953,999.00,47.14,0,0
544.60,-2.701,-0.395,0.953,999.00,47.14,0,0
544.70,-2.701,-0.395,0.953,999.00,47.14,0,0
544.80,-2.701,-0.395,0.953,999.00,47.14,0,0
544.90,-2.701,-0.395,0.953,999.00,47.14,0,0
545.00,-2.701,-0.395,0.953,999.00,47.14,0,0
545.10,-2.701,-0.395,0.953,999.00,47.14,0,0
545.20,-2.701,-0.395,0.953,999.00,47.14,0,0
545.30,-2.701,-0.395,0.953,999.00,47.14,0,0
545.40,-2.701,-0.395,0.953,999.00,47.14,0,0
545.50,-2.701,-0.395,0.953,999.00,47.14,0,0
545.60,-2.701,-0.395,0.953,999.00,47.14,0,0
545.70,-2.701,-0.395,0.953,999.00,47.14,0,0
545.80,-2.701,-0.395,0.953,999.00,47.14,0,0
545.90,-2.701,-0.395,0.953,999.00,47.14,0,0
546.00,-2.701,-0.395,0.953,999.00,47.14,0,0
546.10,-2.701,-0.395,0.953,999.00,47.14,0,0
546.20,-2.701,-0.395,0.953,999.00,47.14,0,0
546.30,-2.701,-0.395,0.953,999.00,47.14,0,0
546.40,-2.701,-0.395,0.953,999.00,47.14,0,0
546.50,-2.701,-0.395,0.953,999.00,47.14,0,0
546.60,-2.701,-0.395,0.953,999.00,47.14,0,0
546.70,-2.701,-0.395,0.953,999.00,47.14,0,0
546.80,-2.701,-0.395,0.953,999.00,47.14,0,0
546.90,-2.701,-0.395,0.953,999.00,47.14,0,0
547.00,-2.701,-0.395,0.953,999.00,47.14,0,0
547.10,-2.701,-0.395,0.953,999.00,47.14,0,0
547.20,-2.701,-0.395,0.953,999.00,47.14,0,0
547.30,-2.701,-0.395,0.953,999.00,47.14,0,0
547.40,-2.701,-0.395,0.953,999.00,47.14,0,0
547.50,-2.701,-0.395,0.953,999.00,47.14,0,0
547.60,-2.701,-0.395,0.953,999.00,47.14,0,0
547.70,-2.701,-0.395,0.953,999.00,47.14,0,0
547.80,-2.701,-0.395,0.953,999.00,47.14,0,0
547.90,-2.701,-0.395,0.953,999.00,47.14,0,0
548.00,-2.701,-0.395,0.953,999.00,47.14,0,0
548.10,-2.701,-0.395,0.953,999.00,47.14,0,0
548.20,-2.701,-0.395,0.953,999.00,47.14,0,0
548.30,-2.701,-0.395,0.953,999.00,47.14,0,0
548.40,-2.701,-0.395,0.953,999.00,47.14,0,0
548.50,-2.701,-0.395,0.953,999.00,47.14,0,0
548.60,-2.701,-0.395,0.953,999.00,47.14,0,0
548.70,-2.701,-0.395,0.953,999.00,47.14,0,0
548.80,-2.701,-0.395,0.953,999.00,47.14,0,0
548.90,-2.701,-0.395,0.953,999.00,47.14,0,0
549.00,-2.701,-0.395,0.953,999.00,47.14,0,0
549.10,-2.701,-0.395,0.953,999.00,47.14,0,0
549.20,-2.701,-0.395,0.953,999.00,47.14,0,0
549.30,-2.701,-0.395,0.953,999.00,47.14,0,0
549.40,-2.701,-0.395,0.953,999.00,47.14,0,0
549.50,-2.701,-0.395,0.953,999.00,47.14,0,0
549.60,-2.701,-0.395,0.953,999.00,47.14,0,0
549.70,-2.701,-0.395,0.953,999.00,47.14,0,0
549.80,-2.701,-0.395,0.953,999.00,47.14,0,0
549.90,-2.701,-0.395,0.953,999.00,47.14,0,0
550.00,-2.701,-0.395,0.953,999.00,47.14,0,0
550.10,-2.701,-0.395,0.953,999.00,47.14,0,0
550.20,-2.701,-0.395,0.953,999.00,47.14,0,0
550.30,-2.701,-0.395,0.953,999.00,47.14,0,0
550.40,-2.701,-0.395,0.953,999.00,47.14,0,0
550.50,-2.701,-0.395,0.953,999.00,47.14,0,0
550.60,-2.701,-0.395,0.953,999.00,47.14,0,0
550.70,-2.701,-0.395,0.953,999.00,47.14,0,0
550.80,-2.701,-0.395,0.953,999.00,47.14,0,0
550.90,-2.701,-0.395,0.953,999.00,47.14,0,0
551.00,-2.701,-0.395,0.953,999.00,47.14,0,0
551.10,-2.701,-0.395,0.953,999.00,47.14,0,0
551.20,-2.701,-0.395,0.953,999.00,47.14,0,0
551.30,-2.701,-0.395,0.953,999.00,47.14,0,0
551.40,-2.701,-0.395,0.953,999.00,47.14,0,0
551.50,-2.701,-0.395,0.953,999.00,47.14,0,0
551.60,-2.701,-0.395,0.953,999.00,47.14,0,0
551.70,-2.701,-0.395,0.953,999.00,47.14,0,0
551.80,-2.701,-0.395,0.953,999.00,47.14,0,0
551.90,-2.701,-0.395,0.953,999.00,47.14,0,0
552.00,-2.701,-0.395,0.953,999.00,47.14,0,0
552.10,-2.701,-0.395,0.953,999.00,47.14,0,0
552.20,-2.701,-0.395,0.953,999.00,47.14,0,0
552.30,-2.701,-0.395,0.953,999.00,47.14,0,0
552.40,-2.701,-0.395,0.953,999.00,47.14,0,0
552.50,-2.701,-0.395,0.953,999.00,47.14,0,0
552.60,-2.701,-0.395,0.953,999.00,47.14,0,0
552.70,-2.701,-0.395,0.953,999.00,47.14,0,0
552.80,-2.701,-0.395,0.953,999.00,47.14,0,0
552.90,-2.701,-0.395,0.953,999.00,47.14,0,0
553.00,-2.701,-0.395,0.953,999.00,47.14,0,0
553.10,-2.701,-0.395,0.953,999.00,47.14,0,0
553.20,-2.701,-0.395,0.953,999.00,47.14,0,0
553.30,-2.701,-0.395,0.953,999.00,47.14,0,0
553.40,-2.701,-0.395,0.953,999.00,47.14,0,0
553.50,-2.701,-0.395,0.953,999.00,47.14,0,0
553.60,-2.701,-0.395,0.953,999.00,47.14,0,0
553.70,-2.701,-0.395,0.953,999.00,47.14,0,0
553.80,-2.701,-0.395,0.953,999.00,47.14,0,0
553.90,-2.701,-0.395,0.953,999.00,47.14,0,0
554.00,-2.701,-0.395,0.953,999.00,47.14,0,0
554.10,-2.701,-0.395,0.953,999.00,47.14,0,0
554.20,-2.701,-0.395,0.953,999.00,47.14,0,0
554.30,-2.701,-0.395,0.953,999.00,47.14,0,0
554.40,-2.701,-0.395,0.953,999.00,47.14,0,0
554.50,-2.701,-0.395,0.953,999.00,47.14,0,0
554.60,-2.701,-0.395,0.953,999.00,47.14,0,0
554.70,-2.701,-0.395,0.953,999.00,47.14,0,0
554.80,-2.701,-0.395,0.953,999.00,47.14,0,0
554.90,-2.701,-0.395,0.953,999.00,47.14,0,0
555.00,-2.701,-0.395,0.953,999.00,47.14,0,0
555.10,-2.701,-0.395,0.953,999.00,47.14,0,0
555.20,-2.701,-0.395,0.953,999.00,47.14,0,0
555.30,-2.701,-0.395,0.953,999.00,47.14,0,0
555.40,-2.701,-0.395,0.953,999.00,47.14,0,0
555.50,-2.701,-0.395,0.953,999.00,47.14,0,0
555.60,-2.701,-0.395,0.953,999.00,47.14,0,0
555.70,-2.701,-0.395,0.953,999.00,47.14,0,0
555.80,-2.701,-0.395,0.953,999.00,47.14,0,0
555.90,-2.701,-0.395,0.953,999.00,47.14,0,0
556.00,-2.701,-0.395,0.953,999.00,47.14,0,0
556.10,-2.701,-0.395,0.953,999.00,47.14,0,0
556.20,-2.701,-0.395,0.953,999.00,47.14,0,0
556.30,-2.701,-0.395,0.953,999.00,47.14,0,0
556.40,-2.701,-0.395,0.953,999.00,47.14,0,0
556.50,-2.701,-0.395,0.953,999.00,47.14,0,0
556.60,-2.701,-0.395,0.953,999.00,47.14,0,0
556.70,-2.701,-0.395,0.953,999.00,47.14,0,0
556.80,-2.701,-0.395,0.953,999.00,47.14,0,0
556.90,-2.701,-0.395,0.953,999.00,47.14,0,0
557.00,-2.701,-0.395,0.953,999.00,47.14,0,0
557.10,-2.701,-0.395,0.953,999.00,47.14,0,0
557.20,-2.701,-0.395,0.953,999.00,47.14,0,0
557.30,-2.701,-0.395,0.953,999.00,47.14,0,0
557.40,-2.701,-0.395,0.953,999.00,47.14,0,0
557.50,-2.701,-0.395,0.953,999.00,47.14,0,0
557.60,-2.701,-0.395,0.953,999.00,47.14,0,0
557.70,-2.701,-0.395,0.953,999.00,47.14,0,0
557.80,-2.701,-0.395,0.953,999.00,47.14,0,0
557.90,-2.701,-0.395,0.953,999.00,47.14,0,0
558.00,-2.701,-0.395,0.953,999.00,47.14,0,0
558.10,-2.701,-0.395,0.953,999.00,47.14,0,0
558.20,-2.701,-0.395,0.953,999.00,47.14,0,0
558.30,-2.701,-0.395,0.953,999.00,47.14,0,0
558.40,-2.701,-0.395,0.953,999.00,47.14,0,0
558.50,-2.701,-0.395,0.953,999.00,47.14,0,0
558.60,-2.701,-0.395,0.953,999.00,47.14,0,0
558.70,-2.701,-0.395,0.953,999.00,47.14,0,0
558.80,-2.701,-0.395,0.953,999.00,47.14,0,0
558.90,-2.701,-0.395,0.953,999.00,47.14,0,0
559.00,-2.701,-0.395,0.953,999.00,47.14,0,0
559.10,-2.701,-0.395,0.953,999.00,47.14,0,0
559.20,-2.701,-0.395,0.953,999.00,47.14,0,0
559.30,-2.701,-0.395,0.953,999.00,47.14,0,0
559.40,-2.701,-0.395,0.953,999.00,47.14,0,0
559.50,-2.701,-0.395,0.953,999.00,47.14,0,0
559.60,-2.701,-0.395,0.953,999.00,47.14,0,0
559.70,-2.701,-0.395,0.953,999.00,47.14,0,0
559.80,-2.701,-0.395,0.953,999.00,47.14,0,0
559.90,-2.701,-0.395,0.953,999.00,47.14,0,0
560.00,-2.701,-0.395,0.953,999.00,47.14,0,0
560.10,-2.701,-0.395,0.953,999.00,47.14,0,0
560.20,-2.701,-0.395,0.953,999.00,47.14,0,0
560.30,-2.701,-0.395,0.953,999.00,47.14,0,0
560.40,-2.701,-0.395,0.953,999.00,47.14,0,0
560.50,-2.701,-0.395,0.953,999.00,47.14,0,0
560.60,-2.701,-0.395,0.953,999.00,47.14,0,0
560.70,-2.701,-0.395,0.953,999.00,47.14,0,0
560.80,-2.701,-0.395,0.953,999.00,47.14,0,0
560.90,-2.701,-0.395,0.953,999.00,47.14,0,0
561.00,-2.701,-0.395,0.953,999.00,47.14,0,0
561.10,-2.701,-0.395,0.953,999.00,47.14,0,0
561.20,-2.701,-0.395,0.953,999.00,47.14,0,0
561.30,-2.701,-0.395,0.953,999.00,47.14,0,0
561.40,-2.701,-0.395,0.953,999.00,47.14,0,0
561.50,-2.701,-0.395,0.953,999.00,47.14,0,0
561.60,-2.701,-0.395,0.953,999.00,47.14,0,0
561.70,-2.701,-0.395,0.953,999.00,47.14,0,0
561.80,-2.701,-0.395,0.953,999.00,47.14,0,0
561.90,-2.701,-0.395,0.953,999.00,47.14,0,0
562.00,-2.701,-0.395,0.953,999.00,47.14,0,0
562.10,-2.701,-0.395,0.953,999.00,47.14,0,0
562.20,-2.701,-0.395,0.953,999.00,47.14,0,0
562.30,-2.701,-0.395,0.953,999.00,47.14,0,0
562.40,-2.701,-0.395,0.953,999.00,47.14,0,0
562.50,-2.701,-0.395,0.953,999.00,47.14,0,0
562.60,-2.701,-0.395,0.953,999.00,47.14,0,0
562.70,-2.701,-0.395,0.953,999.00,47.14,0,0
562.80,-2.701,-0.395,0.953,999.00,47.14,0,0
562.90,-2.701,-0.395,0.953,999.00,47.14,0,0
563.00,-2.701,-0.395,0.953,999.00,47.14,0,0
563.10,-2.701,-0.395,0.953,999.00,47.14,0,0
563.20,-2.701,-0.395,0.953,999.00,47.14,0,0
563.30,-2.701,-0.395,0.953,999.00,47.14,0,0
563.40,-2.701,-0.395,0.953,999.00,47.14,0,0
563.50,-2.701,-0.395,0.953,999.00,47.14,0,0
563.60,-2.701,-0.395,0.953,999.00,47.14,0,0
563.70,-2.701,-0.395,0.953,999.00,47.14,0,0
563.80,-2.701,-0.395,0.953,999.00,47.14,0,0
563.90,-2.701,-0.395,0.953,999.00,47.14,0,0
564.00,-2.701,-0.395,0.953,999.00,47.14,0,0
564.10,-2.701,-0.395,0.953,999.00,47.14,0,0
564.20,-2.701,-0.395,0.953,999.00,47.14,0,0
564.30,-2.701,-0.395,0.953,999.00,47.14,0,0
564.40,-2.701,-0.395,0.953,999.00,47.14,0,0
564.50,-2.701,-0.395,0.953,999.00,47.14,0,0
564.60,-2.701,-0.395,0.953,999.00,47.14,0,0
564.70,-2.701,-0.395,0.953,999.00,47.14,0,0
564.80,-2.701,-0.395,0.953,999.00,47.14,0,0
564.90,-2.701,-0.395,0.953,999.00,47.14,0,0
565.00,-2.701,-0.395,0.953,999.00,47.14,0,0
565.10,-2.701,-0.395,0.953,999.00,47.14,0,0
565.20,-2.701,-0.395,0.953,999.00,47.14,0,0
565.30,-2.701,-0.395,0.953,999.00,47.14,0,0
565.40,-2.701,-0.395,0.953,999.00,47.14,0,0
565.50,-2.701,-0.395,0.953,999.00,47.14,0,0
565.60,-2.701,-0.395,0.953,999.00,47.14,0,0
565.70,-2.701,-0.395,0.953,999.00,47.14,0,0
565.80,-2.701,-0.395,0.953,999.00,47.14,0,0
565.90,-2.701,-0.395,0.953,999.00,47.14,0,0
566.00,-2.701,-0.395,0.953,999.00,47.14,0,0
566.10,-2.701,-0.395,0.953,999.00,47.14,0,0
566.20,-2.701,-0.395,0.953,999.00,47.14,0,0
566.30,-2.701,-0.395,0.953,999.00,47.14,0,0
566.40,-2.701,-0.395,0.953,999.00,47.14,0,0
566.50,-2.701,-0.395,0.953,999.00,47.14,0,0
566.60,-2.701,-0.395,0.953,999.00,47.14,0,0
566.70,-2.701,-0.395,0.953,999.00,47.14,0,0
566.80,-2.701,-0.395,0.953,999.00,47.14,0,0
566.90,-2.701,-0.395,0.953,999.00,47.14,0,0
567.00,-2.701,-0.395,0.953,999.00,47.14,0,0
567.10,-2.701,-0.395,0.953,999.00,47.14,0,0
567.20,-2.701,-0.395,0.953,999.00,47.14,0,0
567.30,-2.701,-0.395,0.953,999.00,47.14,0,0
567.40,-2.701,-0.395,0.953,999.00,47.14,0,0
567.50,-2.701,-0.395,0.953,999.00,47.14,0,0
567.60,-2.701,-0.395,0.953,999.00,47.14,0,0
567.70,-2.701,-0.395,0.953,999.00,47.14,0,0
567.80,-2.701,-0.395,0.953,999.00,47.14,0,0
567.90,-2.701,-0.395,0.953,999.00,47.14,0,0
568.00,-2.701,-0.395,0.953,999.00,47.14,0,0
568.10,-2.701,-0.395,0.953,999.00,47.14,0,0
568.20,-2.701,-0.395,0.953,999.00,47.14,0,0
568.30,-2.701,-0.395,0.953,999.00,47.14,0,0
568.40,-2.701,-0.395,0.953,999.00,47.14,0,0
568.50,-2.701,-0.395,0.953,999.00,47.14,0,0
568.60,-2.701,-0.395,0.953,999.00,47.14,0,0
568.70,-2.701,-0.395,0.953,999.00,47.14,0,0
568.80,-2.701,-0.395,0.953,999.00,47.14,0,0
568.90,-2.701,-0.395,0.953,999.00,47.14,0,0
569.00,-2.701,-0.395,0.953,999.00,47.14,0,0
569.10,-2.701,-0.395,0.953,999.00,47.14,0,0
569.20,-2.701,-0.395,0.953,999.00,47.14,0,0
569.30,-2.701,-0.395,0.953,999.00,47.14,0,0
569.40,-2.701,-0.395,0.953,999.00,47.14,0,0
569.50,-2.701,-0.395,0.953,999.00,47.14,0,0
569.60,-2.701,-0.395,0.953,999.00,47.14,0,0
569.70,-2.701,-0.395,0.953,999.00,47.14,0,0
569.80,-2.701,-0.395,0.953,999.00,47.14,0,0
569.90,-2.701,-0.395,0.953,999.00,47.14,0,0
570.00,-2.701,-0.395,0.953,999.00,47.14,0,0
570.10,-2.701,-0.395,0.953,999.00,47.14,0,0
570.20,-2.701,-0.395,0.953,999.00,47.14,0,0
570.30,-2.701,-0.395,0.953,999.00,47.14,0,0
570.40,-2.701,-0.395,0.953,999.00,47.14,0,0
570.50,-2.701,-0.395,0.953,999.00,47.14,0,0
570.60,-2.701,-0.395,0.953,999.00,47.14,0,0
570.70,-2.701,-0.395,0.953,999.00,47.14,0,0
570.80,-2.701,-0.395,0.953,999.00,47.14,0,0
570.90,-2.701,-0.395,0.953,999.00,47.14,0,0
571.00,-2.701,-0.395,0.953,999.00,47.14,0,0
571.10,-2.701,-0.395,0.953,999.00,47.14,0,0
571.20,-2.701,-0.395,0.953,999.00,47.14,0,0
571.31,-2.701,-0.395,0.953,999.00,47.14,0,0
571.40,-2.701,-0.395,0.953,999.00,47.14,0,0
571.50,-2.701,-0.395,0.953,999.00,47.14,0,0
571.60,-2.701,-0.395,0.953,999.00,47.14,0,0
571.70,-2.701,-0.395,0.953,999.00,47.14,0,0
571.80,-2.701,-0.395,0.953,999.00,47.14,0,0
571.90,-2.701,-0.395,0.953,999.00,47.14,0,0
572.00,-2.701,-0.395,0.953,999.00,47.14,0,0
572.10,-2.701,-0.395,0.953,999.00,47.14,0,0
572.20,-2.701,-0.395,0.953,999.00,47.14,0,0
572.30,-2.701,-0.395,0.953,999.00,47.14,0,0
572.40,-2.701,-0.395,0.953,999.00,47.14,0,0
572.50,-2.701,-0.395,0.953,999.00,47.14,0,0
572.60,-2.701,-0.395,0.953,999.00,47.14,0,0
572.70,-2.701,-0.395,0.953,999.00,47.14,0,0
572.80,-2.701,-0.395,0.953,999.00,47.14,0,0
572.90,-2.701,-0.395,0.953,999.00,47.14,0,0
573.00,-2.701,-0.395,0.953,999.00,47.14,0,0
573.10,-2.701,-0.395,0.953,999.00,47.14,0,0
573.20,-2.701,-0.395,0.953,999.00,47.14,0,0
573.30,-2.701,-0.395,0.953,999.00,47.14,0,0
573.40,-2.701,-0.395,0.953,999.00,47.14,0,0
573.50,-2.701,-0.395,0.953,999.00,47.14,0,0
573.60,-2.701,-0.395,0.953,999.00,47.14,0,0
573.70,-2.701,-0.395,0.953,999.00,47.14,0,0
573.80,-2.701,-0.395,0.953,999.00,47.14,0,0
573.90,-2.701,-0.395,0.953,999.00,47.14,0,0
574.00,-2.701,-0.395,0.953,999.00,47.14,0,0
574.10,-2.701,-0.395,0.953,999.00,47.14,0,0
574.20,-2.701,-0.395,0.953,999.00,47.14,0,0
574.30,-2.701,-0.395,0.953,999.00,47.14,0,0
574.40,-2.701,-0.395,0.953,999.00,47.14,0,0
574.50,-2.701,-0.395,0.953,999.00,47.14,0,0
574.60,-2.701,-0.395,0.953,999.00,47.14,0,0
574.70,-2.701,-0.395,0.953,999.00,47.14,0,0
574.80,-2.701,-0.395,0.953,999.00,47.14,0,0
574.90,-2.701,-0.395,0.953,999.00,47.14,0,0
575.00,-2.701,-0.395,0.953,999.00,47.14,0,0
575.10,-2.701,-0.395,0.953,999.00,47.14,0,0
575.20,-2.701,-0.395,0.953,999.00,47.14,0,0
575.30,-2.701,-0.395,0.953,999.00,47.14,0,0
575.40,-2.701,-0.395,0.953,999.00,47.14,0,0
575.50,-2.701,-0.395,0.953,999.00,47.14,0,0
575.60,-2.701,-0.395,0.953,999.00,47.14,0,0
575.70,-2.701,-0.395,0.953,999.00,47.14,0,0
575.80,-2.701,-0.395,0.953,999.00,47.14,0,0
575.90,-2.701,-0.395,0.953,999.00,47.14,0,0
576.00,-2.701,-0.395,0.953,999.00,47.14,0,0
576.10,-2.701,-0.395,0.953,999.00,47.14,0,0
576.20,-2.701,-0.395,0.953,999.00,47.14,0,0
576.30,-2.701,-0.395,0.953,999.00,47.14,0,0
576.40,-2.701,-0.395,0.953,999.00,47.14,0,0
576.50,-2.701,-0.395,0.953,999.00,47.14,0,0
576.60,-2.701,-0.395,0.953,999.00,47.14,0,0
576.70,-2.701,-0.395,0.953,999.00,47.14,0,0
576.80,-2.701,-0.395,0.953,999.00,47.14,0,0
576.90,-2.701,-0.395,0.953,999.00,47.14,0,0
577.00,-2.701,-0.395,0.953,999.00,47.14,0,0
577.10,-2.701,-0.395,0.953,999.00,47.14,0,0
577.20,-2.701,-0.395,0.953,999.00,47.14,0,0
577.30,-2.701,-0.395,0.953,999.00,47.14,0,0
577.40,-2.701,-0.395,0.953,999.00,47.14,0,0
577.50,-2.701,-0.395,0.953,999.00,47.14,0,0
577.61,-2.701,-0.395,0.953,999.00,47.14,0,0
577.70,-2.701,-0.395,0.953,999.00,47.14,0,0
577.80,-2.701,-0.395,0.953,999.00,47.14,0,0
577.90,-2.701,-0.395,0.953,999.00,47.14,0,0
578.00,-2.701,-0.395,0.953,999.00,47.14,0,0
578.10,-2.701,-0.395,0.953,999.00,47.14,0,0
578.20,-2.701,-0.395,0.953,999.00,47.14,0,0
578.30,-2.701,-0.395,0.953,999.00,47.14,0,0
578.40,-2.701,-0.395,0.953,999.00,47.14,0,0
578.50,-2.701,-0.395,0.953,999.00,47.14,0,0
578.60,-2.701,-0.395,0.953,999.00,47.14,0,0
578.70,-2.701,-0.395,0.953,999.00,47.14,0,0
578.80,-2.701,-0.395,0.953,999.00,47.14,0,0
578.90,-2.701,-0.395,0.953,999.00,47.14,0,0
579.00,-2.701,-0.395,0.953,999.00,47.14,0,0
579.10,-2.701,-0.395,0.953,999.00,47.14,0,0
579.20,-2.701,-0.395,0.953,999.00,47.14,0,0
579.30,-2.701,-0.395,0.953,999.00,47.14,0,0
579.40,-2.701,-0.395,0.953,999.00,47.14,0,0
579.50,-2.701,-0.395,0.953,999.00,47.14,0,0
579.60,-2.701,-0.395,0.953,999.00,47.14,0,0
579.70,-2.701,-0.395,0.953,999.00,47.14,0,0
579.80,-2.701,-0.395,0.953,999.00,47.14,0,0
579.90,-2.701,-0.395,0.953,999.00,47.14,0,0
580.00,-2.701,-0.395,0.953,999.00,47.14,0,0
580.10,-2.701,-0.395,0.953,999.00,47.14,0,0
580.20,-2.701,-0.395,0.953,999.00,47.14,0,0
580.30,-2.701,-0.395,0.953,999.00,47.14,0,0
580.40,-2.701,-0.395,0.953,999.00,47.14,0,0
580.50,-2.701,-0.395,0.953,999.00,47.14,0,0
580.60,-2.701,-0.395,0.953,999.00,47.14,0,0
580.70,-2.701,-0.395,0.953,999.00,47.14,0,0
580.80,-2.701,-0.395,0.953,999.00,47.14,0,0
580.90,-2.701,-0.395,0.953,999.00,47.14,0,0
581.00,-2.701,-0.395,0.953,999.00,47.14,0,0
581.10,-2.701,-0.395,0.953,999.00,47.14,0,0
581.20,-2.701,-0.395,0.953,999.00,47.14,0,0
581.30,-2.701,-0.395,0.953,999.00,47.14,0,0
581.40,-2.701,-0.395,0.953,999.00,47.14,0,0
581.50,-2.701,-0.395,0.953,999.00,47.14,0,0
581.60,-2.701,-0.395,0.953,999.00,47.14,0,0
581.70,-2.701,-0.395,0.953,999.00,47.14,0,0
581.80,-2.701,-0.395,0.953,999.00,47.14,0,0
581.90,-2.701,-0.395,0.953,999.00,47.14,0,0
582.00,-2.701,-0.395,0.953,999.00,47.14,0,0
582.10,-2.701,-0.395,0.953,999.00,47.14,0,0
582.20,-2.701,-0.395,0.953,999.00,47.14,0,0
582.30,-2.701,-0.395,0.953,999.00,47.14,0,0
582.41,-2.701,-0.395,0.953,999.00,47.14,0,0
582.50,-2.701,-0.395,0.953,999.00,47.14,0,0
582.60,-2.701,-0.395,0.953,999.00,47.14,0,0
582.70,-2.701,-0.395,0.953,999.00,47.14,0,0
582.80,-2.701,-0.395,0.953,999.00,47.14,0,0
582.90,-2.701,-0.395,0.953,999.00,47.14,0,0
583.00,-2.701,-0.395,0.953,999.00,47.14,0,0
583.10,-2.701,-0.395,0.953,999.00,47.14,0,0
583.20,-2.701,-0.395,0.953,999.00,47.14,0,0
583.30,-2.701,-0.395,0.953,999.00,47.14,0,0
583.40,-2.701,-0.395,0.953,999.00,47.14,0,0
583.51,-2.701,-0.395,0.953,999.00,47.14,0,0
583.60,-2.701,-0.395,0.953,999.00,47.14,0,0
583.70,-2.701,-0.395,0.953,999.00,47.14,0,0
583.80,-2.701,-0.395,0.953,999.00,47.14,0,0
583.90,-2.701,-0.395,0.953,999.00,47.14,0,0
584.00,-2.701,-0.395,0.953,999.00,47.14,0,0
584.10,-2.701,-0.395,0.953,999.00,47.14,0,0
584.20,-2.701,-0.395,0.953,999.00,47.14,0,0
584.30,-2.701,-0.395,0.953,999.00,47.14,0,0
584.40,-2.701,-0.395,0.953,999.00,47.14,0,0
584.50,-2.701,-0.395,0.953,999.00,47.14,0,0
584.60,-2.701,-0.395,0.953,999.00,47.14,0,0
584.70,-2.701,-0.395,0.953,999.00,47.14,0,0
584.80,-2.701,-0.395,0.953,999.00,47.14,0,0
584.90,-2.701,-0.395,0.953,999.00,47.14,0,0
585.01,-2.701,-0.395,0.953,999.00,47.14,0,0
585.10,-2.701,-0.395,0.953,999.00,47.14,0,0
585.20,-2.701,-0.395,0.953,999.00,47.14,0,0
585.30,-2.701,-0.395,0.953,999.00,47.14,0,0
585.40,-2.701,-0.395,0.953,999.00,47.14,0,0
585.50,-2.701,-0.395,0.953,999.00,47.14,0,0
585.60,-2.701,-0.395,0.953,999.00,47.14,0,0
585.70,-2.701,-0.395,0.953,999.00,47.14,0,0
585.80,-2.701,-0.395,0.953,999.00,47.14,0,0
585.90,-2.701,-0.395,0.953,999.00,47.14,0,0
586.00,-2.701,-0.395,0.953,999.00,47.14,0,0
586.10,-2.701,-0.395,0.953,999.00,47.14,0,0
586.20,-2.701,-0.395,0.953,999.00,47.14,0,0
586.30,-2.701,-0.395,0.953,999.00,47.14,0,0
586.40,-2.701,-0.395,0.953,999.00,47.14,0,0
586.50,-2.701,-0.395,0.953,999.00,47.14,0,0
586.60,-2.701,-0.395,0.953,999.00,47.14,0,0
586.70,-2.701,-0.395,0.953,999.00,47.14,0,0
586.80,-2.701,-0.395,0.953,999.00,47.14,0,0
586.90,-2.701,-0.395,0.953,999.00,47.14,0,0
587.00,-2.701,-0.395,0.953,999.00,47.14,0,0
587.10,-2.701,-0.395,0.953,999.00,47.14,0,0
587.20,-2.701,-0.395,0.953,999.00,47.14,0,0
587.30,-2.701,-0.395,0.953,999.00,47.14,0,0
587.40,-2.701,-0.395,0.953,999.00,47.14,0,0
587.50,-2.701,-0.395,0.953,999.00,47.14,0,0
587.60,-2.701,-0.395,0.953,999.00,47.14,0,0
587.70,-2.701,-0.395,0.953,999.00,47.14,0,0
587.80,-2.701,-0.395,0.953,999.00,47.14,0,0
587.90,-2.701,-0.395,0.953,999.00,47.14,0,0
588.00,-2.701,-0.395,0.953,999.00,47.14,0,0
588.10,-2.701,-0.395,0.953,999.00,47.14,0,0
588.20,-2.701,-0.395,0.953,999.00,47.14,0,0
588.30,-2.701,-0.395,0.953,999.00,47.14,0,0
588.40,-2.701,-0.395,0.953,999.00,47.14,0,0
588.50,-2.701,-0.395,0.953,999.00,47.14,0,0
588.60,-2.701,-0.395,0.953,999.00,47.14,0,0
588.70,-2.701,-0.395,0.953,999.00,47.14,0,0
588.80,-2.701,-0.395,0.953,999.00,47.14,0,0
588.90,-2.701,-0.395,0.953,999.00,47.14,0,0
589.00,-2.701,-0.395,0.953,999.00,47.14,0,0
589.10,-2.701,-0.395,0.953,999.00,47.14,0,0
589.20,-2.701,-0.395,0.953,999.00,47.14,0,0
589.30,-2.701,-0.395,0.953,999.00,47.14,0,0
589.40,-2.701,-0.395,0.953,999.00,47.14,0,0
589.50,-2.701,-0.395,0.953,999.00,47.14,0,0
589.60,-2.701,-0.395,0.953,999.00,47.14,0,0
589.70,-2.701,-0.395,0.953,999.00,47.14,0,0
589.80,-2.701,-0.395,0.953,999.00,47.14,0,0
589.90,-2.701,-0.395,0.953,999.00,47.14,0,0
590.00,-2.701,-0.395,0.953,999.00,47.14,0,0
590.10,-2.701,-0.395,0.953,999.00,47.14,0,0
590.20,-2.701,-0.395,0.953,999.00,47.14,0,0
590.30,-2.701,-0.395,0.953,999.00,47.14,0,0
590.40,-2.701,-0.395,0.953,999.00,47.14,0,0
590.50,-2.701,-0.395,0.953,999.00,47.14,0,0
590.60,-2.701,-0.395,0.953,999.00,47.14,0,0
590.70,-2.701,-0.395,0.953,999.00,47.14,0,0
590.80,-2.701,-0.395,0.953,999.00,47.14,0,0
590.90,-2.701,-0.395,0.953,999.00,47.14,0,0
591.00,-2.701,-0.395,0.953,999.00,47.14,0,0
591.10,-2.701,-0.395,0.953,999.00,47.14,0,0
591.20,-2.701,-0.395,0.953,999.00,47.14,0,0
591.30,-2.701,-0.395,0.953,999.00,47.14,0,0
591.40,-2.701,-0.395,0.953,999.00,47.14,0,0
591.50,-2.701,-0.395,0.953,999.00,47.14,0,0
591.60,-2.701,-0.395,0.953,999.00,47.14,0,0
591.70,-2.701,-0.395,0.953,999.00,47.14,0,0
591.80,-2.701,-0.395,0.953,999.00,47.14,0,0
591.90,-2.701,-0.395,0.953,999.00,47.14,0,0
592.00,-2.701,-0.395,0.953,999.00,47.14,0,0
592.10,-2.701,-0.395,0.953,999.00,47.14,0,0
592.20,-2.701,-0.395,0.953,999.00,47.14,0,0
592.30,-2.701,-0.395,0.953,999.00,47.14,0,0
592.40,-2.701,-0.395,0.953,999.00,47.14,0,0
592.50,-2.701,-0.395,0.953,999.00,47.14,0,0
592.60,-2.701,-0.395,0.953,999.00,47.14,0,0
592.70,-2.701,-0.395,0.953,999.00,47.14,0,0
592.80,-2.701,-0.395,0.953,999.00,47.14,0,0
592.90,-2.701,-0.395,0.953,999.00,47.14,0,0
593.00,-2.701,-0.395,0.953,999.00,47.14,0,0
593.10,-2.701,-0.395,0.953,999.00,47.14,0,0
593.20,-2.701,-0.395,0.953,999.00,47.14,0,0
593.30,-2.701,-0.395,0.953,999.00,47.14,0,0
593.40,-2.701,-0.395,0.953,999.00,47.14,0,0
593.50,-2.701,-0.395,0.953,999.00,47.14,0,0
593.61,-2.701,-0.395,0.953,999.00,47.14,0,0
593.70,-2.701,-0.395,0.953,999.00,47.14,0,0
593.80,-2.701,-0.395,0.953,999.00,47.14,0,0
593.90,-2.701,-0.395,0.953,999.00,47.14,0,0
594.00,-2.701,-0.395,0.953,999.00,47.14,0,0
594.10,-2.701,-0.395,0.953,999.00,47.14,0,0
594.20,-2.701,-0.395,0.953,999.00,47.14,0,0
594.30,-2.701,-0.395,0.953,999.00,47.14,0,0
594.40,-2.701,-0.395,0.953,999.00,47.14,0,0
594.50,-2.701,-0.395,0.953,999.00,47.14,0,0
594.60,-2.701,-0.395,0.953,999.00,47.14,0,0
594.70,-2.701,-0.395,0.953,999.00,47.14,0,0
594.80,-2.701,-0.395,0.953,999.00,47.14,0,0
594.90,-2.701,-0.395,0.953,999.00,47.14,0,0
595.00,-2.701,-0.395,0.953,999.00,47.14,0,0
595.10,-2.701,-0.395,0.953,999.00,47.14,0,0
595.20,-2.701,-0.395,0.953,999.00,47.14,0,0
595.30,-2.701,-0.395,0.953,999.00,47.14,0,0
595.40,-2.701,-0.395,0.953,999.00,47.14,0,0
595.50,-2.701,-0.395,0.953,999.00,47.14,0,0
595.60,-2.701,-0.395,0.953,999.00,47.14,0,0
595.70,-2.701,-0.395,0.953,999.00,47.14,0,0
595.80,-2.701,-0.395,0.953,999.00,47.14,0,0
595.90,-2.701,-0.395,0.953,999.00,47.14,0,0
596.00,-2.701,-0.395,0.953,999.00,47.14,0,0
596.10,-2.701,-0.395,0.953,999.00,47.14,0,0
596.20,-2.701,-0.395,0.953,999.00,47.14,0,0
596.30,-2.701,-0.395,0.953,999.00,47.14,0,0
596.40,-2.701,-0.395,0.953,999.00,47.14,0,0
596.50,-2.701,-0.395,0.953,999.00,47.14,0,0
596.60,-2.701,-0.395,0.953,999.00,47.14,0,0
596.70,-2.701,-0.395,0.953,999.00,47.14,0,0
596.80,-2.701,-0.395,0.953,999.00,47.14,0,0
596.90,-2.701,-0.395,0.953,999.00,47.14,0,0
597.00,-2.701,-0.395,0.953,999.00,47.14,0,0
597.10,-2.701,-0.395,0.953,999.00,47.14,0,0
597.20,-2.701,-0.395,0.953,999.00,47.14,0,0
597.30,-2.701,-0.395,0.953,999.00,47.14,0,0
597.40,-2.701,-0.395,0.953,999.00,47.14,0,0
597.50,-2.701,-0.395,0.953,999.00,47.14,0,0
597.60,-2.701,-0.395,0.953,999.00,47.14,0,0
597.70,-2.701,-0.395,0.953,999.00,47.14,0,0
597.80,-2.701,-0.395,0.953,999.00,47.14,0,0
597.90,-2.701,-0.395,0.953,999.00,47.14,0,0
598.00,-2.701,-0.395,0.953,999.00,47.14,0,0
598.10,-2.701,-0.395,0.953,999.00,47.14,0,0
598.20,-2.701,-0.395,0.953,999.00,47.14,0,0
598.30,-2.701,-0.395,0.953,999.00,47.14,0,0
598.40,-2.701,-0.395,0.953,999.00,47.14,0,0
598.50,-2.701,-0.395,0.953,999.00,47.14,0,0
598.60,-2.701,-0.395,0.953,999.00,47.14,0,0
598.70,-2.701,-0.395,0.953,999.00,47.14,0,0
598.80,-2.701,-0.395,0.953,999.00,47.14,0,0
598.90,-2.701,-0.395,0.953,999.00,47.14,0,0
599.00,-2.701,-0.395,0.953,999.00,47.14,0,0
599.11,-2.701,-0.395,0.953,999.00,47.14,0,0
599.20,-2.701,-0.395,0.953,999.00,47.14,0,0
599.30,-2.701,-0.395,0.953,999.00,47.14,0,0
599.40,-2.701,-0.395,0.953,999.00,47.14,0,0
599.50,-2.701,-0.395,0.953,999.00,47.14,0,0
599.60,-2.701,-0.395,0.953,999.00,47.14,0,0
599.70,-2.701,-0.395,0.953,999.00,47.14,0,0
599.80,-2.701,-0.395,0.953,999.00,47.14,0,0
599.90,-2.701,-0.395,0.953,999.00,47.14,0,0
600.00,-2.701,-0.395,0.953,999.00,47.14,0,0
600.10,-2.701,-0.395,0.953,999.00,47.14,0,0
600.20,-2.701,-0.395,0.953,999.00,47.14,0,0
600.30,-2.701,-0.395,0.953,999.00,47.14,0,0
600.40,-2.701,-0.395,0.953,999.00,47.14,0,0
600.50,-2.701,-0.395,0.953,999.00,47.14,0,0
600.60,-2.701,-0.395,0.953,999.00,47.14,0,0
600.70,-2.701,-0.395,0.953,999.00,47.14,0,0
600.80,-2.701,-0.395,0.953,999.00,47.14,0,0
600.90,-2.701,-0.395,0.953,999.00,47.14,0,0
601.00,-2.701,-0.395,0.953,999.00,47.14,0,0
601.10,-2.701,-0.395,0.953,999.00,47.14,0,0
601.20,-2.701,-0.395,0.953,999.00,47.14,0,0
601.30,-2.701,-0.395,0.953,999.00,47.14,0,0
601.40,-2.701,-0.395,0.953,999.00,47.14,0,0
601.50,-2.701,-0.395,0.953,999.00,47.14,0,0
601.60,-2.701,-0.395,0.953,999.00,47.14,0,0
601.70,-2.701,-0.395,0.953,999.00,47.14,0,0
601.80,-2.701,-0.395,0.953,999.00,47.14,0,0
601.90,-2.701,-0.395,0.953,999.00,47.14,0,0
602.00,-2.701,-0.395,0.953,999.00,47.14,0,0
602.10,-2.701,-0.395,0.953,999.00,47.14,0,0
602.20,-2.701,-0.395,0.953,999.00,47.14,0,0
602.30,-2.701,-0.395,0.953,999.00,47.14,0,0
602.40,-2.701,-0.395,0.953,999.00,47.14,0,0
602.50,-2.701,-0.395,0.953,999.00,47.14,0,0
602.60,-2.701,-0.395,0.953,999.00,47.14,0,0
602.70,-2.701,-0.395,0.953,999.00,47.14,0,0
602.80,-2.701,-0.395,0.953,999.00,47.14,0,0
602.90,-2.701,-0.395,0.953,999.00,47.14,0,0
603.00,-2.701,-0.395,0.953,999.00,47.14,0,0
603.10,-2.701,-0.395,0.953,999.00,47.14,0,0
603.20,-2.701,-0.395,0.953,999.00,47.14,0,0
603.30,-2.701,-0.395,0.953,999.00,47.14,0,0
603.40,-2.701,-0.395,0.953,999.00,47.14,0,0
603.50,-2.701,-0.395,0.953,999.00,47.14,0,0
603.60,-2.701,-0.395,0.953,999.00,47.14,0,0
603.70,-2.701,-0.395,0.953,999.00,47.14,0,0
603.80,-2.701,-0.395,0.953,999.00,47.14,0,0
603.90,-2.701,-0.395,0.953,999.00,47.14,0,0
604.00,-2.701,-0.395,0.953,999.00,47.14,0,0
604.10,-2.701,-0.395,0.953,999.00,47.14,0,0
604.20,-2.701,-0.395,0.953,999.00,47.14,0,0
604.30,-2.701,-0.395,0.953,999.00,47.14,0,0
604.40,-2.701,-0.395,0.953,999.00,47.14,0,0
604.50,-2.701,-0.395,0.953,999.00,47.14,0,0
604.60,-2.701,-0.395,0.953,999.00,47.14,0,0
604.70,-2.701,-0.395,0.953,999.00,47.14,0,0
604.80,-2.701,-0.395,0.953,999.00,47.14,0,0
604.90,-2.701,-0.395,0.953,999.00,47.14,0,0
605.00,-2.701,-0.395,0.953,999.00,47.14,0,0
605.10,-2.701,-0.395,0.953,999.00,47.14,0,0
605.20,-2.701,-0.395,0.953,999.00,47.14,0,0
605.30,-2.701,-0.395,0.953,999.00,47.14,0,0
605.40,-2.701,-0.395,0.953,999.00,47.14,0,0
605.50,-2.701,-0.395,0.953,999.00,47.14,0,0
605.60,-2.701,-0.395,0.953,999.00,47.14,0,0
605.70,-2.701,-0.395,0.953,999.00,47.14,0,0
605.80,-2.701,-0.395,0.953,999.00,47.14,0,0
605.90,-2.701,-0.395,0.953,999.00,47.14,0,0
606.00,-2.701,-0.395,0.953,999.00,47.14,0,0
606.10,-2.701,-0.395,0.953,999.00,47.14,0,0
606.20,-2.701,-0.395,0.953,999.00,47.14,0,0
606.30,-2.701,-0.395,0.953,999.00,47.14,0,0
606.40,-2.701,-0.395,0.953,999.00,47.14,0,0
606.50,-2.701,-0.395,0.953,999.00,47.14,0,0
606.60,-2.701,-0.395,0.953,999.00,47.14,0,0
606.71,-2.701,-0.395,0.953,999.00,47.14,0,0
606.80,-2.701,-0.395,0.953,999.00,47.14,0,0
606.90,-2.701,-0.395,0.953,999.00,47.14,0,0
607.00,-2.701,-0.395,0.953,999.00,47.14,0,0
607.10,-2.701,-0.395,0.953,999.00,47.14,0,0
607.20,-2.701,-0.395,0.953,999.00,47.14,0,0
607.30,-2.701,-0.395,0.953,999.00,47.14,0,0
607.40,-2.701,-0.395,0.953,999.00,47.14,0,0
607.50,-2.701,-0.395,0.953,999.00,47.14,0,0
607.60,-2.701,-0.395,0.953,999.00,47.14,0,0
607.70,-2.701,-0.395,0.953,999.00,47.14,0,0
607.80,-2.701,-0.395,0.953,999.00,47.14,0,0
607.90,-2.701,-0.395,0.953,999.00,47.14,0,0
608.00,-2.701,-0.395,0.953,999.00,47.14,0,0
608.10,-2.701,-0.395,0.953,999.00,47.14,0,0
608.20,-2.701,-0.395,0.953,999.00,47.14,0,0
608.30,-2.701,-0.395,0.953,999.00,47.14,0,0
608.40,-2.701,-0.395,0.953,999.00,47.14,0,0
608.50,-2.701,-0.395,0.953,999.00,47.14,0,0
608.60,-2.701,-0.395,0.953,999.00,47.14,0,0
608.70,-2.701,-0.395,0.953,999.00,47.14,0,0
608.80,-2.701,-0.395,0.953,999.00,47.14,0,0
608.90,-2.701,-0.395,0.953,999.00,47.14,0,0
609.00,-2.701,-0.395,0.953,999.00,47.14,0,0
609.10,-2.701,-0.395,0.953,999.00,47.14,0,0
609.20,-2.701,-0.395,0.953,999.00,47.14,0,0
609.30,-2.701,-0.395,0.953,999.00,47.14,0,0
609.40,-2.701,-0.395,0.953,999.00,47.14,0,0
609.50,-2.701,-0.395,0.953,999.00,47.14,0,0
609.60,-2.701,-0.395,0.953,999.00,47.14,0,0
609.70,-2.701,-0.395,0.953,999.00,47.14,0,0
609.80,-2.701,-0.395,0.953,999.00,47.14,0,0
609.90,-2.701,-0.395,0.953,999.00,47.14,0,0
610.00,-2.701,-0.395,0.953,999.00,47.14,0,0
610.10,-2.701,-0.395,0.953,999.00,47.14,0,0
610.20,-2.701,-0.395,0.953,999.00,47.14,0,0
610.30,-2.701,-0.395,0.953,999.00,47.14,0,0
610.40,-2.701,-0.395,0.953,999.00,47.14,0,0
610.50,-2.701,-0.395,0.953,999.00,47.14,0,0
610.60,-2.701,-0.395,0.953,999.00,47.14,0,0
610.70,-2.701,-0.395,0.953,999.00,47.14,0,0
610.80,-2.701,-0.395,0.953,999.00,47.14,0,0
610.90,-2.701,-0.395,0.953,999.00,47.14,0,0
611.00,-2.701,-0.395,0.953,999.00,47.14,0,0
611.10,-2.701,-0.395,0.953,999.00,47.14,0,0
611.20,-2.701,-0.395,0.953,999.00,47.14,0,0
611.30,-2.701,-0.395,0.953,999.00,47.14,0,0
611.40,-2.701,-0.395,0.953,999.00,47.14,0,0
611.50,-2.701,-0.395,0.953,999.00,47.14,0,0
611.60,-2.701,-0.395,0.953,999.00,47.14,0,0
611.70,-2.701,-0.395,0.953,999.00,47.14,0,0
611.80,-2.701,-0.395,0.953,999.00,47.14,0,0
611.90,-2.701,-0.395,0.953,999.00,47.14,0,0
612.00,-2.701,-0.395,0.953,999.00,47.14,0,0
612.10,-2.701,-0.395,0.953,999.00,47.14,0,0
612.20,-2.701,-0.395,0.953,999.00,47.14,0,0
612.30,-2.701,-0.395,0.953,999.00,47.14,0,0
612.40,-2.701,-0.395,0.953,999.00,47.14,0,0
612.50,-2.701,-0.395,0.953,999.00,47.14,0,0
612.60,-2.701,-0.395,0.953,999.00,47.14,0,0
612.70,-2.701,-0.395,0.953,999.00,47.14,0,0
612.80,-2.701,-0.395,0.953,999.00,47.14,0,0
612.90,-2.701,-0.395,0.953,999.00,47.14,0,0
613.00,-2.701,-0.395,0.953,999.00,47.14,0,0
613.10,-2.701,-0.395,0.953,999.00,47.14,0,0
613.20,-2.701,-0.395,0.953,999.00,47.14,0,0
613.30,-2.701,-0.395,0.953,999.00,47.14,0,0
613.40,-2.701,-0.395,0.953,999.00,47.14,0,0
613.50,-2.701,-0.395,0.953,999.00,47.14,0,0
613.60,-2.701,-0.395,0.953,999.00,47.14,0,0
613.70,-2.701,-0.395,0.953,999.00,47.14,0,0
613.80,-2.701,-0.395,0.953,999.00,47.14,0,0
613.90,-2.701,-0.395,0.953,999.00,47.14,0,0
614.00,-2.701,-0.395,0.953,999.00,47.14,0,0
614.10,-2.701,-0.395,0.953,999.00,47.14,0,0
614.20,-2.701,-0.395,0.953,999.00,47.14,0,0
614.30,-2.701,-0.395,0.953,999.00,47.14,0,0
614.40,-2.701,-0.395,0.953,999.00,47.14,0,0
614.50,-2.701,-0.395,0.953,999.00,47.14,0,0
614.60,-2.701,-0.395,0.953,999.00,47.14,0,0
614.70,-2.701,-0.395,0.953,999.00,47.14,0,0
614.80,-2.701,-0.395,0.953,999.00,47.14,0,0
614.90,-2.701,-0.395,0.953,999.00,47.14,0,0
615.00,-2.701,-0.395,0.953,999.00,47.14,0,0
615.10,-2.701,-0.395,0.953,999.00,47.14,0,0
615.20,-2.701,-0.395,0.953,999.00,47.14,0,0
615.30,-2.701,-0.395,0.953,999.00,47.14,0,0
615.40,-2.701,-0.395,0.953,999.00,47.14,0,0
615.50,-2.701,-0.395,0.953,999.00,47.14,0,0
615.61,-2.701,-0.395,0.953,999.00,47.14,0,0
615.70,-2.701,-0.395,0.953,999.00,47.14,0,0
615.80,-2.701,-0.395,0.953,999.00,47.14,0,0
615.90,-2.701,-0.395,0.953,999.00,47.14,0,0
616.00,-2.701,-0.395,0.953,999.00,47.14,0,0
616.10,-2.701,-0.395,0.953,999.00,47.14,0,0
616.20,-2.701,-0.395,0.953,999.00,47.14,0,0
616.30,-2.701,-0.395,0.953,999.00,47.14,0,0
616.40,-2.701,-0.395,0.953,999.00,47.14,0,0
616.50,-2.701,-0.395,0.953,999.00,47.14,0,0
616.60,-2.701,-0.395,0.953,999.00,47.14,0,0
616.70,-2.701,-0.395,0.953,999.00,47.14,0,0
616.80,-2.701,-0.395,0.953,999.00,47.14,0,0
616.90,-2.701,-0.395,0.953,999.00,47.14,0,0
617.00,-2.701,-0.395,0.953,999.00,47.14,0,0
617.10,-2.701,-0.395,0.953,999.00,47.14,0,0
617.20,-2.701,-0.395,0.953,999.00,47.14,0,0
617.30,-2.701,-0.395,0.953,999.00,47.14,0,0
617.40,-2.701,-0.395,0.953,999.00,47.14,0,0
617.50,-2.701,-0.395,0.953,999.00,47.14,0,0
617.60,-2.701,-0.395,0.953,999.00,47.14,0,0
617.70,-2.701,-0.395,0.953,999.00,47.14,0,0
617.80,-2.701,-0.395,0.953,999.00,47.14,0,0
617.90,-2.701,-0.395,0.953,999.00,47.14,0,0
618.00,-2.701,-0.395,0.953,999.00,47.14,0,0
618.10,-2.701,-0.395,0.953,999.00,47.14,0,0
618.20,-2.701,-0.395,0.953,999.00,47.14,0,0
618.30,-2.701,-0.395,0.953,999.00,47.14,0,0
618.40,-2.701,-0.395,0.953,999.00,47.14,0,0
618.50,-2.701,-0.395,0.953,999.00,47.14,0,0
618.60,-2.701,-0.395,0.953,999.00,47.14,0,0
618.70,-2.701,-0.395,0.953,999.00,47.14,0,0
618.80,-2.701,-0.395,0.953,999.00,47.14,0,0
618.90,-2.701,-0.395,0.953,999.00,47.14,0,0
619.00,-2.701,-0.395,0.953,999.00,47.14,0,0
619.10,-2.701,-0.395,0.953,999.00,47.14,0,0
619.20,-2.701,-0.395,0.953,999.00,47.14,0,0
619.30,-2.701,-0.395,0.953,999.00,47.14,0,0
619.40,-2.701,-0.395,0.953,999.00,47.14,0,0
619.50,-2.701,-0.395,0.953,999.00,47.14,0,0
619.60,-2.701,-0.395,0.953,999.00,47.14,0,0
619.70,-2.701,-0.395,0.953,999.00,47.14,0,0
619.80,-2.701,-0.395,0.953,999.00,47.14,0,0
619.90,-2.701,-0.395,0.953,999.00,47.14,0,0
620.00,-2.701,-0.395,0.953,999.00,47.14,0,0
620.10,-2.701,-0.395,0.953,999.00,47.14,0,0
620.20,-2.701,-0.395,0.953,999.00,47.14,0,0
620.30,-2.701,-0.395,0.953,999.00,47.14,0,0
620.40,-2.701,-0.395,0.953,999.00,47.14,0,0
620.50,-2.701,-0.395,0.953,999.00,47.14,0,0
620.60,-2.701,-0.395,0.953,999.00,47.14,0,0
620.70,-2.701,-0.395,0.953,999.00,47.14,0,0
620.80,-2.701,-0.395,0.953,999.00,47.14,0,0
620.90,-2.701,-0.395,0.953,999.00,47.14,0,0
621.00,-2.701,-0.395,0.953,999.00,47.14,0,0
621.10,-2.701,-0.395,0.953,999.00,47.14,0,0
621.20,-2.701,-0.395,0.953,999.00,47.14,0,0
621.30,-2.701,-0.395,0.953,999.00,47.14,0,0
621.40,-2.701,-0.395,0.953,999.00,47.14,0,0
621.50,-2.701,-0.395,0.953,999.00,47.14,0,0
621.60,-2.701,-0.395,0.953,999.00,47.14,0,0
621.70,-2.701,-0.395,0.953,999.00,47.14,0,0
621.80,-2.701,-0.395,0.953,999.00,47.14,0,0
621.90,-2.701,-0.395,0.953,999.00,47.14,0,0
622.00,-2.701,-0.395,0.953,999.00,47.14,0,0
622.10,-2.701,-0.395,0.953,999.00,47.14,0,0
622.20,-2.701,-0.395,0.953,999.00,47.14,0,0
622.30,-2.701,-0.395,0.953,999.00,47.14,0,0
622.40,-2.701,-0.395,0.953,999.00,47.14,0,0
622.50,-2.701,-0.395,0.953,999.00,47.14,0,0
622.60,-2.701,-0.395,0.953,999.00,47.14,0,0
622.70,-2.701,-0.395,0.953,999.00,47.14,0,0
622.80,-2.701,-0.395,0.953,999.00,47.14,0,0
622.90,-2.701,-0.395,0.953,999.00,47.14,0,0
623.00,-2.701,-0.395,0.953,999.00,47.14,0,0
623.10,-2.701,-0.395,0.953,999.00,47.14,0,0
623.20,-2.701,-0.395,0.953,999.00,47.14,0,0
623.30,-2.701,-0.395,0.953,999.00,47.14,0,0
623.40,-2.701,-0.395,0.953,999.00,47.14,0,0
623.50,-2.701,-0.395,0.953,999.00,47.14,0,0
623.60,-2.701,-0.395,0.953,999.00,47.14,0,0
623.70,-2.701,-0.395,0.953,999.00,47.14,0,0
623.80,-2.701,-0.395,0.953,999.00,47.14,0,0
623.90,-2.701,-0.395,0.953,999.00,47.14,0,0
624.00,-2.701,-0.395,0.953,999.00,47.14,0,0
624.10,-2.701,-0.395,0.953,999.00,47.14,0,0
624.20,-2.701,-0.395,0.953,999.00,47.14,0,0
624.30,-2.701,-0.395,0.953,999.00,47.14,0,0
624.40,-2.701,-0.395,0.953,999.00,47.14,0,0
624.50,-2.701,-0.395,0.953,999.00,47.14,0,0
624.60,-2.701,-0.395,0.953,999.00,47.14,0,0
624.70,-2.701,-0.395,0.953,999.00,47.14,0,0
624.80,-2.701,-0.395,0.953,999.00,47.14,0,0
624.90,-2.701,-0.395,0.953,999.00,47.14,0,0
625.00,-2.701,-0.395,0.953,999.00,47.14,0,0
625.10,-2.701,-0.395,0.953,999.00,47.14,0,0
625.20,-2.701,-0.395,0.953,999.00,47.14,0,0
625.30,-2.701,-0.395,0.953,999.00,47.14,0,0
625.40,-2.701,-0.395,0.953,999.00,47.14,0,0
625.50,-2.701,-0.395,0.953,999.00,47.14,0,0
625.60,-2.701,-0.395,0.953,999.00,47.14,0,0
625.70,-2.701,-0.395,0.953,999.00,47.14,0,0
625.80,-2.701,-0.395,0.953,999.00,47.14,0,0
625.90,-2.701,-0.395,0.953,999.00,47.14,0,0
626.00,-2.701,-0.395,0.953,999.00,47.14,0,0
626.10,-2.701,-0.395,0.953,999.00,47.14,0,0
626.20,-2.701,-0.395,0.953,999.00,47.14,0,0
626.30,-2.701,-0.395,0.953,999.00,47.14,0,0
626.40,-2.701,-0.395,0.953,999.00,47.14,0,0
626.50,-2.701,-0.395,0.953,999.00,47.14,0,0
626.60,-2.701,-0.395,0.953,999.00,47.14,0,0
626.70,-2.701,-0.395,0.953,999.00,47.14,0,0
626.80,-2.701,-0.395,0.953,999.00,47.14,0,0
626.90,-2.701,-0.395,0.953,999.00,47.14,0,0
627.00,-2.701,-0.395,0.953,999.00,47.14,0,0
627.10,-2.701,-0.395,0.953,999.00,47.14,0,0
627.20,-2.701,-0.395,0.953,999.00,47.14,0,0
627.30,-2.701,-0.395,0.953,999.00,47.14,0,0
627.40,-2.701,-0.395,0.953,999.00,47.14,0,0
627.50,-2.701,-0.395,0.953,999.00,47.14,0,0
627.60,-2.701,-0.395,0.953,999.00,47.14,0,0
627.70,-2.701,-0.395,0.953,999.00,47.14,0,0
627.80,-2.701,-0.395,0.953,999.00,47.14,0,0
627.90,-2.701,-0.395,0.953,999.00,47.14,0,0
628.00,-2.701,-0.395,0.953,999.00,47.14,0,0
628.10,-2.701,-0.395,0.953,999.00,47.14,0,0
628.20,-2.701,-0.395,0.953,999.00,47.14,0,0
628.30,-2.701,-0.395,0.953,999.00,47.14,0,0
628.40,-2.701,-0.395,0.953,999.00,47.14,0,0
628.50,-2.701,-0.395,0.953,999.00,47.14,0,0
628.60,-2.701,-0.395,0.953,999.00,47.14,0,0
628.70,-2.701,-0.395,0.953,999.00,47.14,0,0
628.80,-2.701,-0.395,0.953,999.00,47.14,0,0
628.90,-2.701,-0.395,0.953,999.00,47.14,0,0
629.00,-2.701,-0.395,0.953,999.00,47.14,0,0
629.10,-2.701,-0.395,0.953,999.00,47.14,0,0
629.20,-2.701,-0.395,0.953,999.00,47.14,0,0
629.30,-2.701,-0.395,0.953,999.00,47.14,0,0
629.40,-2.701,-0.395,0.953,999.00,47.14,0,0
629.50,-2.701,-0.395,0.953,999.00,47.14,0,0
629.60,-2.701,-0.395,0.953,999.00,47.14,0,0
629.70,-2.701,-0.395,0.953,999.00,47.14,0,0
629.80,-2.701,-0.395,0.953,999.00,47.14,0,0
629.90,-2.701,-0.395,0.953,999.00,47.14,0,0
630.00,-2.701,-0.395,0.953,999.00,47.14,0,0
630.10,-2.701,-0.395,0.953,999.00,47.14,0,0
630.20,-2.701,-0.395,0.953,999.00,47.14,0,0
630.30,-2.701,-0.395,0.953,999.00,47.14,0,0
630.40,-2.701,-0.395,0.953,999.00,47.14,0,0
630.50,-2.701,-0.395,0.953,999.00,47.14,0,0
630.60,-2.701,-0.395,0.953,999.00,47.14,0,0
630.70,-2.701,-0.395,0.953,999.00,47.14,0,0
630.80,-2.701,-0.395,0.953,999.00,47.14,0,0
630.90,-2.701,-0.395,0.953,999.00,47.14,0,0
631.00,-2.701,-0.395,0.953,999.00,47.14,0,0
631.10,-2.701,-0.395,0.953,999.00,47.14,0,0
631.20,-2.701,-0.395,0.953,999.00,47.14,0,0
631.30,-2.701,-0.395,0.953,999.00,47.14,0,0
631.40,-2.701,-0.395,0.953,999.00,47.14,0,0
631.51,-2.701,-0.395,0.953,999.00,47.14,0,0
631.60,-2.701,-0.395,0.953,999.00,47.14,0,0
631.70,-2.701,-0.395,0.953,999.00,47.14,0,0
631.80,-2.701,-0.395,0.953,999.00,47.14,0,0
631.90,-2.701,-0.395,0.953,999.00,47.14,0,0
632.00,-2.701,-0.395,0.953,999.00,47.14,0,0
632.10,-2.701,-0.395,0.953,999.00,47.14,0,0
632.20,-2.701,-0.395,0.953,999.00,47.14,0,0
632.30,-2.701,-0.395,0.953,999.00,47.14,0,0
632.40,-2.701,-0.395,0.953,999.00,47.14,0,0
632.50,-2.701,-0.395,0.953,999.00,47.14,0,0
632.60,-2.701,-0.395,0.953,999.00,47.14,0,0
632.70,-2.701,-0.395,0.953,999.00,47.14,0,0
632.80,-2.701,-0.395,0.953,999.00,47.14,0,0
632.90,-2.701,-0.395,0.953,999.00,47.14,0,0
633.00,-2.701,-0.395,0.953,999.00,47.14,0,0
633.10,-2.701,-0.395,0.953,999.00,47.14,0,0
633.20,-2.701,-0.395,0.953,999.00,47.14,0,0
633.30,-2.701,-0.395,0.953,999.00,47.14,0,0
633.40,-2.701,-0.395,0.953,999.00,47.14,0,0
633.50,-2.701,-0.395,0.953,999.00,47.14,0,0
633.60,-2.701,-0.395,0.953,999.00,47.14,0,0
633.70,-2.701,-0.395,0.953,999.00,47.14,0,0
633.80,-2.701,-0.395,0.953,999.00,47.14,0,0
633.90,-2.701,-0.395,0.953,999.00,47.14,0,0
634.00,-2.701,-0.395,0.953,999.00,47.14,0,0
634.10,-2.701,-0.395,0.953,999.00,47.14,0,0
634.20,-2.701,-0.395,0.953,999.00,47.14,0,0
634.30,-2.701,-0.395,0.953,999.00,47.14,0,0
634.40,-2.701,-0.395,0.953,999.00,47.14,0,0
634.50,-2.701,-0.395,0.953,999.00,47.14,0,0
634.60,-2.701,-0.395,0.953,999.00,47.14,0,0
634.70,-2.701,-0.395,0.953,999.00,47.14,0,0
634.80,-2.701,-0.395,0.953,999.00,47.14,0,0
634.90,-2.701,-0.395,0.953,999.00,47.14,0,0
635.00,-2.701,-0.395,0.953,999.00,47.14,0,0
635.10,-2.701,-0.395,0.953,999.00,47.14,0,0
635.20,-2.701,-0.395,0.953,999.00,47.14,0,0
635.30,-2.701,-0.395,0.953,999.00,47.14,0,0
635.40,-2.701,-0.395,0.953,999.00,47.14,0,0
635.50,-2.701,-0.395,0.953,999.00,47.14,0,0
635.60,-2.701,-0.395,0.953,999.00,47.14,0,0
635.70,-2.701,-0.395,0.953,999.00,47.14,0,0
635.80,-2.701,-0.395,0.953,999.00,47.14,0,0
635.90,-2.701,-0.395,0.953,999.00,47.14,0,0
636.00,-2.701,-0.395,0.953,999.00,47.14,0,0
636.10,-2.701,-0.395,0.953,999.00,47.14,0,0
636.20,-2.701,-0.395,0.953,999.00,47.14,0,0
636.30,-2.701,-0.395,0.953,999.00,47.14,0,0
636.40,-2.701,-0.395,0.953,999.00,47.14,0,0
636.50,-2.701,-0.395,0.953,999.00,47.14,0,0
636.60,-2.701,-0.395,0.953,999.00,47.14,0,0
636.70,-2.701,-0.395,0.953,999.00,47.14,0,0
636.80,-2.701,-0.395,0.953,999.00,47.14,0,0
636.90,-2.701,-0.395,0.953,999.00,47.14,0,0
637.00,-2.701,-0.395,0.953,999.00,47.14,0,0
637.10,-2.701,-0.395,0.953,999.00,47.14,0,0
637.20,-2.701,-0.395,0.953,999.00,47.14,0,0
637.30,-2.701,-0.395,0.953,999.00,47.14,0,0
637.40,-2.701,-0.395,0.953,999.00,47.14,0,0
637.50,-2.701,-0.395,0.953,999.00,47.14,0,0
637.60,-2.701,-0.395,0.953,999.00,47.14,0,0
637.70,-2.701,-0.395,0.953,999.00,47.14,0,0
637.80,-2.701,-0.395,0.953,999.00,47.14,0,0
637.90,-2.701,-0.395,0.953,999.00,47.14,0,0
638.00,-2.701,-0.395,0.953,999.00,47.14,0,0
638.10,-2.701,-0.395,0.953,999.00,47.14,0,0
638.20,-2.701,-0.395,0.953,999.00,47.14,0,0
638.30,-2.701,-0.395,0.953,999.00,47.14,0,0
638.40,-2.701,-0.395,0.953,999.00,47.14,0,0
638.50,-2.701,-0.395,0.953,999.00,47.14,0,0
638.60,-2.701,-0.395,0.953,999.00,47.14,0,0
638.70,-2.701,-0.395,0.953,999.00,47.14,0,0
638.80,-2.701,-0.395,0.953,999.00,47.14,0,0
638.90,-2.701,-0.395,0.953,999.00,47.14,0,0
639.00,-2.701,-0.395,0.953,999.00,47.14,0,0
639.10,-2.701,-0.395,0.953,999.00,47.14,0,0
639.20,-2.701,-0.395,0.953,999.00,47.14,0,0
639.30,-2.701,-0.395,0.953,999.00,47.14,0,0
639.40,-2.701,-0.395,0.953,999.00,47.14,0,0
639.50,-2.701,-0.395,0.953,999.00,47.14,0,0
639.60,-2.701,-0.395,0.953,999.00,47.14,0,0
639.70,-2.701,-0.395,0.953,999.00,47.14,0,0
639.80,-2.701,-0.395,0.953,999.00,47.14,0,0
639.90,-2.701,-0.395,0.953,999.00,47.14,0,0
640.00,-2.701,-0.395,0.953,999.00,47.14,0,0
640.10,-2.701,-0.395,0.953,999.00,47.14,0,0
640.20,-2.701,-0.395,0.953,999.00,47.14,0,0
640.30,-2.701,-0.395,0.953,999.00,47.14,0,0
640.40,-2.701,-0.395,0.953,999.00,47.14,0,0
640.50,-2.701,-0.395,0.953,999.00,47.14,0,0
640.60,-2.701,-0.395,0.953,999.00,47.14,0,0
640.70,-2.701,-0.395,0.953,999.00,47.14,0,0
640.80,-2.701,-0.395,0.953,999.00,47.14,0,0
640.90,-2.701,-0.395,0.953,999.00,47.14,0,0
641.00,-2.701,-0.395,0.953,999.00,47.14,0,0
641.10,-2.701,-0.395,0.953,999.00,47.14,0,0
641.20,-2.701,-0.395,0.953,999.00,47.14,0,0
641.30,-2.701,-0.395,0.953,999.00,47.14,0,0
641.40,-2.701,-0.395,0.953,999.00,47.14,0,0
641.50,-2.701,-0.395,0.953,999.00,47.14,0,0
641.60,-2.701,-0.395,0.953,999.00,47.14,0,0
641.70,-2.701,-0.395,0.953,999.00,47.14,0,0
641.80,-2.701,-0.395,0.953,999.00,47.14,0,0
641.90,-2.701,-0.395,0.953,999.00,47.14,0,0
642.00,-2.701,-0.395,0.953,999.00,47.14,0,0
642.10,-2.701,-0.395,0.953,999.00,47.14,0,0
642.20,-2.701,-0.395,0.953,999.00,47.14,0,0
642.30,-2.701,-0.395,0.953,999.00,47.14,0,0
642.40,-2.701,-0.395,0.953,999.00,47.14,0,0
642.50,-2.701,-0.395,0.953,999.00,47.14,0,0
642.60,-2.701,-0.395,0.953,999.00,47.14,0,0
642.70,-2.701,-0.395,0.953,999.00,47.14,0,0
642.80,-2.701,-0.395,0.953,999.00,47.14,0,0
642.90,-2.701,-0.395,0.953,999.00,47.14,0,0
643.00,-2.701,-0.395,0.953,999.00,47.14,0,0
643.10,-2.701,-0.395,0.953,999.00,47.14,0,0
643.20,-2.701,-0.395,0.953,999.00,47.14,0,0
643.30,-2.701,-0.395,0.953,999.00,47.14,0,0
643.40,-2.701,-0.395,0.953,999.00,47.14,0,0
643.50,-2.701,-0.395,0.953,999.00,47.14,0,0
643.60,-2.701,-0.395,0.953,999.00,47.14,0,0
643.70,-2.701,-0.395,0.953,999.00,47.14,0,0
643.80,-2.701,-0.395,0.953,999.00,47.14,0,0
643.90,-2.701,-0.395,0.953,999.00,47.14,0,0
644.00,-2.701,-0.395,0.953,999.00,47.14,0,0
644.10,-2.701,-0.395,0.953,999.00,47.14,0,0
644.21,-2.701,-0.395,0.953,999.00,47.14,0,0
644.30,-2.701,-0.395,0.953,999.00,47.14,0,0
644.40,-2.701,-0.395,0.953,999.00,47.14,0,0
644.50,-2.701,-0.395,0.953,999.00,47.14,0,0
644.60,-2.701,-0.395,0.953,999.00,47.14,0,0
644.70,-2.701,-0.395,0.953,999.00,47.14,0,0
644.80,-2.701,-0.395,0.953,999.00,47.14,0,0
644.90,-2.701,-0.395,0.953,999.00,47.14,0,0
645.00,-2.701,-0.395,0.953,999.00,47.14,0,0
645.10,-2.701,-0.395,0.953,999.00,47.14,0,0
645.20,-2.701,-0.395,0.953,999.00,47.14,0,0
645.30,-2.701,-0.395,0.953,999.00,47.14,0,0
645.40,-2.701,-0.395,0.953,999.00,47.14,0,0
645.50,-2.701,-0.395,0.953,999.00,47.14,0,0
645.60,-2.701,-0.395,0.953,999.00,47.14,0,0
645.70,-2.701,-0.395,0.953,999.00,47.14,0,0
645.80,-2.701,-0.395,0.953,999.00,47.14,0,0
645.90,-2.701,-0.395,0.953,999.00,47.14,0,0
646.00,-2.701,-0.395,0.953,999.00,47.14,0,0
646.10,-2.701,-0.395,0.953,999.00,47.14,0,0
646.20,-2.701,-0.395,0.953,999.00,47.14,0,0
646.30,-2.701,-0.395,0.953,999.00,47.14,0,0
646.40,-2.701,-0.395,0.953,999.00,47.14,0,0
646.50,-2.701,-0.395,0.953,999.00,47.14,0,0
646.60,-2.701,-0.395,0.953,999.00,47.14,0,0
646.70,-2.701,-0.395,0.953,999.00,47.14,0,0
646.80,-2.701,-0.395,0.953,999.00,47.14,0,0
646.90,-2.701,-0.395,0.953,999.00,47.14,0,0
647.00,-2.701,-0.395,0.953,999.00,47.14,0,0
647.10,-2.701,-0.395,0.953,999.00,47.14,0,0
647.20,-2.701,-0.395,0.953,999.00,47.14,0,0
647.30,-2.701,-0.395,0.953,999.00,47.14,0,0
647.40,-2.701,-0.395,0.953,999.00,47.14,0,0
647.50,-2.701,-0.395,0.953,999.00,47.14,0,0
647.60,-2.701,-0.395,0.953,999.00,47.14,0,0
647.70,-2.701,-0.395,0.953,999.00,47.14,0,0
647.80,-2.701,-0.395,0.953,999.00,47.14,0,0
647.90,-2.701,-0.395,0.953,999.00,47.14,0,0
648.00,-2.701,-0.395,0.953,999.00,47.14,0,0
648.10,-2.701,-0.395,0.953,999.00,47.14,0,0
648.20,-2.701,-0.395,0.953,999.00,47.14,0,0
648.30,-2.701,-0.395,0.953,999.00,47.14,0,0
648.40,-2.701,-0.395,0.953,999.00,47.14,0,0
648.50,-2.701,-0.395,0.953,999.00,47.14,0,0
648.60,-2.701,-0.395,0.953,999.00,47.14,0,0
648.70,-2.701,-0.395,0.953,999.00,47.14,0,0
648.80,-2.701,-0.395,0.953,999.00,47.14,0,0
648.90,-2.701,-0.395,0.953,999.00,47.14,0,0
649.00,-2.701,-0.395,0.953,999.00,47.14,0,0
649.10,-2.701,-0.395,0.953,999.00,47.14,0,0
649.20,-2.701,-0.395,0.953,999.00,47.14,0,0
649.30,-2.701,-0.395,0.953,999.00,47.14,0,0
649.40,-2.701,-0.395,0.953,999.00,47.14,0,0
649.50,-2.701,-0.395,0.953,999.00,47.14,0,0
649.60,-2.701,-0.395,0.953,999.00,47.14,0,0
649.70,-2.701,-0.395,0.953,999.00,47.14,0,0
649.80,-2.701,-0.395,0.953,999.00,47.14,0,0
649.90,-2.701,-0.395,0.953,999.00,47.14,0,0
650.00,-2.701,-0.395,0.953,999.00,47.14,0,0
650.10,-2.701,-0.395,0.953,999.00,47.14,0,0
650.20,-2.701,-0.395,0.953,999.00,47.14,0,0
650.30,-2.701,-0.395,0.953,999.00,47.14,0,0
650.40,-2.701,-0.395,0.953,999.00,47.14,0,0
650.50,-2.701,-0.395,0.953,999.00,47.14,0,0
650.60,-2.701,-0.395,0.953,999.00,47.14,0,0
650.70,-2.701,-0.395,0.953,999.00,47.14,0,0
650.80,-2.701,-0.395,0.953,999.00,47.14,0,0
650.90,-2.701,-0.395,0.953,999.00,47.14,0,0
651.00,-2.701,-0.395,0.953,999.00,47.14,0,0
651.10,-2.701,-0.395,0.953,999.00,47.14,0,0
651.20,-2.701,-0.395,0.953,999.00,47.14,0,0
651.30,-2.701,-0.395,0.953,999.00,47.14,0,0
651.40,-2.701,-0.395,0.953,999.00,47.14,0,0
651.50,-2.701,-0.395,0.953,999.00,47.14,0,0
651.60,-2.701,-0.395,0.953,999.00,47.14,0,0
651.70,-2.701,-0.395,0.953,999.00,47.14,0,0
651.80,-2.701,-0.395,0.953,999.00,47.14,0,0
651.90,-2.701,-0.395,0.953,999.00,47.14,0,0
652.00,-2.701,-0.395,0.953,999.00,47.14,0,0
652.10,-2.701,-0.395,0.953,999.00,47.14,0,0
652.20,-2.701,-0.395,0.953,999.00,47.14,0,0
652.30,-2.701,-0.395,0.953,999.00,47.14,0,0
652.40,-2.701,-0.395,0.953,999.00,47.14,0,0
652.50,-2.701,-0.395,0.953,999.00,47.14,0,0
652.60,-2.701,-0.395,0.953,999.00,47.14,0,0
652.70,-2.701,-0.395,0.953,999.00,47.14,0,0
652.80,-2.701,-0.395,0.953,999.00,47.14,0,0
652.90,-2.701,-0.395,0.953,999.00,47.14,0,0
653.00,-2.701,-0.395,0.953,999.00,47.14,0,0
653.10,-2.701,-0.395,0.953,999.00,47.14,0,0
653.20,-2.701,-0.395,0.953,999.00,47.14,0,0
653.30,-2.701,-0.395,0.953,999.00,47.14,0,0
653.40,-2.701,-0.395,0.953,999.00,47.14,0,0
653.50,-2.701,-0.395,0.953,999.00,47.14,0,0
653.60,-2.701,-0.395,0.953,999.00,47.14,0,0
653.70,-2.701,-0.395,0.953,999.00,47.14,0,0
653.80,-2.701,-0.395,0.953,999.00,47.14,0,0
653.90,-2.701,-0.395,0.953,999.00,47.14,0,0
654.00,-2.701,-0.395,0.953,999.00,47.14,0,0
654.10,-2.701,-0.395,0.953,999.00,47.14,0,0
654.20,-2.701,-0.395,0.953,999.00,47.14,0,0
654.30,-2.701,-0.395,0.953,999.00,47.14,0,0
654.40,-2.701,-0.395,0.953,999.00,47.14,0,0
654.50,-2.701,-0.395,0.953,999.00,47.14,0,0
654.60,-2.701,-0.395,0.953,999.00,47.14,0,0
654.70,-2.701,-0.395,0.953,999.00,47.14,0,0
654.80,-2.701,-0.395,0.953,999.00,47.14,0,0
654.90,-2.701,-0.395,0.953,999.00,47.14,0,0
655.00,-2.701,-0.395,0.953,999.00,47.14,0,0
655.10,-2.701,-0.395,0.953,999.00,47.14,0,0
655.20,-2.701,-0.395,0.953,999.00,47.14,0,0
655.30,-2.701,-0.395,0.953,999.00,47.14,0,0
655.40,-2.701,-0.395,0.953,999.00,47.14,0,0
655.50,-2.701,-0.395,0.953,999.00,47.14,0,0
655.60,-2.701,-0.395,0.953,999.00,47.14,0,0
655.70,-2.701,-0.395,0.953,999.00,47.14,0,0
655.80,-2.701,-0.395,0.953,999.00,47.14,0,0
655.90,-2.701,-0.395,0.953,999.00,47.14,0,0
656.00,-2.701,-0.395,0.953,999.00,47.14,0,0
656.10,-2.701,-0.395,0.953,999.00,47.14,0,0
656.20,-2.701,-0.395,0.953,999.00,47.14,0,0
656.30,-2.701,-0.395,0.953,999.00,47.14,0,0
656.40,-2.701,-0.395,0.953,999.00,47.14,0,0
656.50,-2.701,-0.395,0.953,999.00,47.14,0,0
656.60,-2.701,-0.395,0.953,999.00,47.14,0,0
656.70,-2.701,-0.395,0.953,999.00,47.14,0,0
656.80,-2.701,-0.395,0.953,999.00,47.14,0,0
656.90,-2.701,-0.395,0.953,999.00,47.14,0,0
657.00,-2.701,-0.395,0.953,999.00,47.14,0,0
657.10,-2.701,-0.395,0.953,999.00,47.14,0,0
657.20,-2.701,-0.395,0.953,999.00,47.14,0,0
657.30,-2.701,-0.395,0.953,999.00,47.14,0,0
657.40,-2.701,-0.395,0.953,999.00,47.14,0,0
657.50,-2.701,-0.395,0.953,999.00,47.14,0,0
657.60,-2.701,-0.395,0.953,999.00,47.14,0,0
657.70,-2.701,-0.395,0.953,999.00,47.14,0,0
657.80,-2.701,-0.395,0.953,999.00,47.14,0,0
657.90,-2.701,-0.395,0.953,999.00,47.14,0,0
658.00,-2.701,-0.395,0.953,999.00,47.14,0,0
658.10,-2.701,-0.395,0.953,999.00,47.14,0,0
658.20,-2.701,-0.395,0.953,999.00,47.14,0,0
658.30,-2.701,-0.395,0.953,999.00,47.14,0,0
658.40,-2.701,-0.395,0.953,999.00,47.14,0,0
658.50,-2.701,-0.395,0.953,999.00,47.14,0,0
658.60,-2.701,-0.395,0.953,999.00,47.14,0,0
658.70,-2.701,-0.395,0.953,999.00,47.14,0,0
658.80,-2.701,-0.395,0.953,999.00,47.14,0,0
658.90,-2.701,-0.395,0.953,999.00,47.14,0,0
659.00,-2.701,-0.395,0.953,999.00,47.14,0,0
659.10,-2.701,-0.395,0.953,999.00,47.14,0,0
659.20,-2.701,-0.395,0.953,999.00,47.14,0,0
659.30,-2.701,-0.395,0.953,999.00,47.14,0,0
659.40,-2.701,-0.395,0.953,999.00,47.14,0,0
659.50,-2.701,-0.395,0.953,999.00,47.14,0,0
659.60,-2.701,-0.395,0.953,999.00,47.14,0,0
659.70,-2.701,-0.395,0.953,999.00,47.14,0,0
659.80,-2.701,-0.395,0.953,999.00,47.14,0,0
659.90,-2.701,-0.395,0.953,999.00,47.14,0,0
660.00,-2.701,-0.395,0.953,999.00,47.14,0,0
660.10,-2.701,-0.395,0.953,999.00,47.14,0,0
660.20,-2.701,-0.395,0.953,999.00,47.14,0,0
660.30,-2.701,-0.395,0.953,999.00,47.14,0,0
660.40,-2.701,-0.395,0.953,999.00,47.14,0,0
660.50,-2.701,-0.395,0.953,999.00,47.14,0,0
660.60,-2.701,-0.395,0.953,999.00,47.14,0,0
660.70,-2.701,-0.395,0.953,999.00,47.14,0,0
660.80,-2.701,-0.395,0.953,999.00,47.14,0,0
660.90,-2.701,-0.395,0.953,999.00,47.14,0,0
661.00,-2.701,-0.395,0.953,999.00,47.14,0,0
661.10,-2.701,-0.395,0.953,999.00,47.14,0,0
661.20,-2.701,-0.395,0.953,999.00,47.14,0,0
661.30,-2.701,-0.395,0.953,999.00,47.14,0,0
661.40,-2.701,-0.395,0.953,999.00,47.14,0,0
661.50,-2.701,-0.395,0.953,999.00,47.14,0,0
661.60,-2.701,-0.395,0.953,999.00,47.14,0,0
661.70,-2.701,-0.395,0.953,999.00,47.14,0,0
661.80,-2.701,-0.395,0.953,999.00,47.14,0,0
661.90,-2.701,-0.395,0.953,999.00,47.14,0,0
662.00,-2.701,-0.395,0.953,999.00,47.14,0,0
662.10,-2.701,-0.395,0.953,999.00,47.14,0,0
662.20,-2.701,-0.395,0.953,999.00,47.14,0,0
662.30,-2.701,-0.395,0.953,999.00,47.14,0,0
662.40,-2.701,-0.395,0.953,999.00,47.14,0,0
662.50,-2.701,-0.395,0.953,999.00,47.14,0,0
662.60,-2.701,-0.395,0.953,999.00,47.14,0,0
662.70,-2.701,-0.395,0.953,999.00,47.14,0,0
662.80,-2.701,-0.395,0.953,999.00,47.14,0,0
662.90,-2.701,-0.395,0.953,999.00,47.14,0,0
663.00,-2.701,-0.395,0.953,999.00,47.14,0,0
663.10,-2.701,-0.395,0.953,999.00,47.14,0,0
663.20,-2.701,-0.395,0.953,999.00,47.14,0,0
663.30,-2.701,-0.395,0.953,999.00,47.14,0,0
663.40,-2.701,-0.395,0.953,999.00,47.14,0,0
663.50,-2.701,-0.395,0.953,999.00,47.14,0,0
663.60,-2.701,-0.395,0.953,999.00,47.14,0,0
663.70,-2.701,-0.395,0.953,999.00,47.14,0,0
663.80,-2.701,-0.395,0.953,999.00,47.14,0,0
663.90,-2.701,-0.395,0.953,999.00,47.14,0,0
664.00,-2.701,-0.395,0.953,999.00,47.14,0,0
664.10,-2.701,-0.395,0.953,999.00,47.14,0,0
664.20,-2.701,-0.395,0.953,999.00,47.14,0,0
664.30,-2.701,-0.395,0.953,999.00,47.14,0,0
664.40,-2.701,-0.395,0.953,999.00,47.14,0,0
664.50,-2.701,-0.395,0.953,999.00,47.14,0,0
664.60,-2.701,-0.395,0.953,999.00,47.14,0,0
664.70,-2.701,-0.395,0.953,999.00,47.14,0,0
664.80,-2.701,-0.395,0.953,999.00,47.14,0,0
664.90,-2.701,-0.395,0.953,999.00,47.14,0,0
665.00,-2.701,-0.395,0.953,999.00,47.14,0,0
665.10,-2.701,-0.395,0.953,999.00,47.14,0,0
665.20,-2.701,-0.395,0.953,999.00,47.14,0,0
665.31,-2.701,-0.395,0.953,999.00,47.14,0,0
665.40,-2.701,-0.395,0.953,999.00,47.14,0,0
665.50,-2.701,-0.395,0.953,999.00,47.14,0,0
665.60,-2.701,-0.395,0.953,999.00,47.14,0,0
665.70,-2.701,-0.395,0.953,999.00,47.14,0,0
665.80,-2.701,-0.395,0.953,999.00,47.14,0,0
665.90,-2.701,-0.395,0.953,999.00,47.14,0,0
666.00,-2.701,-0.395,0.953,999.00,47.14,0,0
666.10,-2.701,-0.395,0.953,999.00,47.14,0,0
666.20,-2.701,-0.395,0.953,999.00,47.14,0,0
666.30,-2.701,-0.395,0.953,999.00,47.14,0,0
666.40,-2.701,-0.395,0.953,999.00,47.14,0,0
666.50,-2.701,-0.395,0.953,999.00,47.14,0,0
666.60,-2.701,-0.395,0.953,999.00,47.14,0,0
666.70,-2.701,-0.395,0.953,999.00,47.14,0,0
666.80,-2.701,-0.395,0.953,999.00,47.14,0,0
666.90,-2.701,-0.395,0.953,999.00,47.14,0,0
667.00,-2.701,-0.395,0.953,999.00,47.14,0,0
667.10,-2.701,-0.395,0.953,999.00,47.14,0,0
667.20,-2.701,-0.395,0.953,999.00,47.14,0,0
667.30,-2.701,-0.395,0.953,999.00,47.14,0,0
667.40,-2.701,-0.395,0.953,999.00,47.14,0,0
667.50,-2.701,-0.395,0.953,999.00,47.14,0,0
667.60,-2.701,-0.395,0.953,999.00,47.14,0,0
667.70,-2.701,-0.395,0.953,999.00,47.14,0,0
667.80,-2.701,-0.395,0.953,999.00,47.14,0,0
667.90,-2.701,-0.395,0.953,999.00,47.14,0,0
668.00,-2.701,-0.395,0.953,999.00,47.14,0,0
668.10,-2.701,-0.395,0.953,999.00,47.14,0,0
668.20,-2.701,-0.395,0.953,999.00,47.14,0,0
668.30,-2.701,-0.395,0.953,999.00,47.14,0,0
668.40,-2.701,-0.395,0.953,999.00,47.14,0,0
668.50,-2.701,-0.395,0.953,999.00,47.14,0,0
668.60,-2.701,-0.395,0.953,999.00,47.14,0,0
668.70,-2.701,-0.395,0.953,999.00,47.14,0,0
668.80,-2.701,-0.395,0.953,999.00,47.14,0,0
668.90,-2.701,-0.395,0.953,999.00,47.14,0,0
669.00,-2.701,-0.395,0.953,999.00,47.14,0,0
669.10,-2.701,-0.395,0.953,999.00,47.14,0,0
669.20,-2.701,-0.395,0.953,999.00,47.14,0,0
669.30,-2.701,-0.395,0.953,999.00,47.14,0,0
669.40,-2.701,-0.395,0.953,999.00,47.14,0,0
669.50,-2.701,-0.395,0.953,999.00,47.14,0,0
669.60,-2.701,-0.395,0.953,999.00,47.14,0,0
669.70,-2.701,-0.395,0.953,999.00,47.14,0,0
669.80,-2.701,-0.395,0.953,999.00,47.14,0,0
669.90,-2.701,-0.395,0.953,999.00,47.14,0,0
670.00,-2.701,-0.395,0.953,999.00,47.14,0,0
670.10,-2.701,-0.395,0.953,999.00,47.14,0,0
670.20,-2.701,-0.395,0.953,999.00,47.14,0,0
670.30,-2.701,-0.395,0.953,999.00,47.14,0,0
670.40,-2.701,-0.395,0.953,999.00,47.14,0,0
670.50,-2.701,-0.395,0.953,999.00,47.14,0,0
670.60,-2.701,-0.395,0.953,999.00,47.14,0,0
670.71,-2.701,-0.395,0.953,999.00,47.14,0,0
670.80,-2.701,-0.395,0.953,999.00,47.14,0,0
670.90,-2.701,-0.395,0.953,999.00,47.14,0,0
671.00,-2.701,-0.395,0.953,999.00,47.14,0,0
671.10,-2.701,-0.395,0.953,999.00,47.14,0,0
671.20,-2.701,-0.395,0.953,999.00,47.14,0,0
671.30,-2.701,-0.395,0.953,999.00,47.14,0,0
671.40,-2.701,-0.395,0.953,999.00,47.14,0,0
671.50,-2.701,-0.395,0.953,999.00,47.14,0,0
671.60,-2.701,-0.395,0.953,999.00,47.14,0,0
671.70,-2.701,-0.395,0.953,999.00,47.14,0,0
671.80,-2.701,-0.395,0.953,999.00,47.14,0,0
671.90,-2.701,-0.395,0.953,999.00,47.14,0,0
672.00,-2.701,-0.395,0.953,999.00,47.14,0,0
672.10,-2.701,-0.395,0.953,999.00,47.14,0,0
672.20,-2.701,-0.395,0.953,999.00,47.14,0,0
672.30,-2.701,-0.395,0.953,999.00,47.14,0,0
672.40,-2.701,-0.395,0.953,999.00,47.14,0,0
672.50,-2.701,-0.395,0.953,999.00,47.14,0,0
672.60,-2.701,-0.395,0.953,999.00,47.14,0,0
672.70,-2.701,-0.395,0.953,999.00,47.14,0,0
672.80,-2.701,-0.395,0.953,999.00,47.14,0,0
672.90,-2.701,-0.395,0.953,999.00,47.14,0,0
673.00,-2.701,-0.395,0.953,999.00,47.14,0,0
673.10,-2.701,-0.395,0.953,999.00,47.14,0,0
673.20,-2.701,-0.395,0.953,999.00,47.14,0,0
673.30,-2.701,-0.395,0.953,999.00,47.14,0,0
673.40,-2.701,-0.395,0.953,999.00,47.14,0,0
673.50,-2.701,-0.395,0.953,999.00,47.14,0,0
673.60,-2.701,-0.395,0.953,999.00,47.14,0,0
673.70,-2.701,-0.395,0.953,999.00,47.14,0,0
673.80,-2.701,-0.395,0.953,999.00,47.14,0,0
673.90,-2.701,-0.395,0.953,999.00,47.14,0,0
674.00,-2.701,-0.395,0.953,999.00,47.14,0,0
674.10,-2.701,-0.395,0.953,999.00,47.14,0,0
674.20,-2.701,-0.395,0.953,999.00,47.14,0,0
674.30,-2.701,-0.395,0.953,999.00,47.14,0,0
674.40,-2.701,-0.395,0.953,999.00,47.14,0,0
674.50,-2.701,-0.395,0.953,999.00,47.14,0,0
674.60,-2.701,-0.395,0.953,999.00,47.14,0,0
674.70,-2.701,-0.395,0.953,999.00,47.14,0,0
674.80,-2.701,-0.395,0.953,999.00,47.14,0,0
674.90,-2.701,-0.395,0.953,999.00,47.14,0,0
675.00,-2.701,-0.395,0.953,999.00,47.14,0,0
675.10,-2.701,-0.395,0.953,999.00,47.14,0,0
675.20,-2.701,-0.395,0.953,999.00,47.14,0,0
675.30,-2.701,-0.395,0.953,999.00,47.14,0,0
675.40,-2.701,-0.395,0.953,999.00,47.14,0,0
675.50,-2.701,-0.395,0.953,999.00,47.14,0,0
675.60,-2.701,-0.395,0.953,999.00,47.14,0,0
675.70,-2.701,-0.395,0.953,999.00,47.14,0,0
675.80,-2.701,-0.395,0.953,999.00,47.14,0,0
675.90,-2.701,-0.395,0.953,999.00,47.14,0,0
676.00,-2.701,-0.395,0.953,999.00,47.14,0,0
676.10,-2.701,-0.395,0.953,999.00,47.14,0,0
676.20,-2.701,-0.395,0.953,999.00,47.14,0,0
676.30,-2.701,-0.395,0.953,999.00,47.14,0,0
676.40,-2.701,-0.395,0.953,999.00,47.14,0,0
676.50,-2.701,-0.395,0.953,999.00,47.14,0,0
676.60,-2.701,-0.395,0.953,999.00,47.14,0,0
676.70,-2.701,-0.395,0.953,999.00,47.14,0,0
676.80,-2.701,-0.395,0.953,999.00,47.14,0,0
676.90,-2.701,-0.395,0.953,999.00,47.14,0,0
677.00,-2.701,-0.395,0.953,999.00,47.14,0,0
677.11,-2.701,-0.395,0.953,999.00,47.14,0,0
677.20,-2.701,-0.395,0.953,999.00,47.14,0,0
677.30,-2.701,-0.395,0.953,999.00,47.14,0,0
677.40,-2.701,-0.395,0.953,999.00,47.14,0,0
677.50,-2.701,-0.395,0.953,999.00,47.14,0,0
677.60,-2.701,-0.395,0.953,999.00,47.14,0,0
677.70,-2.701,-0.395,0.953,999.00,47.14,0,0
677.80,-2.701,-0.395,0.953,999.00,47.14,0,0
677.90,-2.701,-0.395,0.953,999.00,47.14,0,0
678.00,-2.701,-0.395,0.953,999.00,47.14,0,0
678.10,-2.701,-0.395,0.953,999.00,47.14,0,0
678.20,-2.701,-0.395,0.953,999.00,47.14,0,0
678.30,-2.701,-0.395,0.953,999.00,47.14,0,0
678.40,-2.701,-0.395,0.953,999.00,47.14,0,0
678.50,-2.701,-0.395,0.953,999.00,47.14,0,0
678.60,-2.701,-0.395,0.953,999.00,47.14,0,0
678.70,-2.701,-0.395,0.953,999.00,47.14,0,0
678.80,-2.701,-0.395,0.953,999.00,47.14,0,0
678.90,-2.701,-0.395,0.953,999.00,47.14,0,0
679.00,-2.701,-0.395,0.953,999.00,47.14,0,0
679.10,-2.701,-0.395,0.953,999.00,47.14,0,0
679.20,-2.701,-0.395,0.953,999.00,47.14,0,0
679.30,-2.701,-0.395,0.953,999.00,47.14,0,0
679.40,-2.701,-0.395,0.953,999.00,47.14,0,0
679.50,-2.701,-0.395,0.953,999.00,47.14,0,0
679.60,-2.701,-0.395,0.953,999.00,47.14,0,0
679.70,-2.701,-0.395,0.953,999.00,47.14,0,0
679.80,-2.701,-0.395,0.953,999.00,47.14,0,0
679.90,-2.701,-0.395,0.953,999.00,47.14,0,0
680.00,-2.701,-0.395,0.953,999.00,47.14,0,0
680.10,-2.701,-0.395,0.953,999.00,47.14,0,0
680.20,-2.701,-0.395,0.953,999.00,47.14,0,0
680.30,-2.701,-0.395,0.953,999.00,47.14,0,0
680.40,-2.701,-0.395,0.953,999.00,47.14,0,0
680.50,-2.701,-0.395,0.953,999.00,47.14,0,0
680.60,-2.701,-0.395,0.953,999.00,47.14,0,0
680.70,-2.701,-0.395,0.953,999.00,47.14,0,0
680.80,-2.701,-0.395,0.953,999.00,47.14,0,0
680.90,-2.701,-0.395,0.953,999.00,47.14,0,0
681.00,-2.701,-0.395,0.953,999.00,47.14,0,0
681.10,-2.701,-0.395,0.953,999.00,47.14,0,0
681.20,-2.701,-0.395,0.953,999.00,47.14,0,0
681.30,-2.701,-0.395,0.953,999.00,47.14,0,0
681.40,-2.701,-0.395,0.953,999.00,47.14,0,0
681.50,-2.701,-0.395,0.953,999.00,47.14,0,0
681.60,-2.701,-0.395,0.953,999.00,47.14,0,0
681.70,-2.701,-0.395,0.953,999.00,47.14,0,0
681.80,-2.701,-0.395,0.953,999.00,47.14,0,0
681.90,-2.701,-0.395,0.953,999.00,47.14,0,0
682.00,-2.701,-0.395,0.953,999.00,47.14,0,0
682.10,-2.701,-0.395,0.953,999.00,47.14,0,0
682.20,-2.701,-0.395,0.953,999.00,47.14,0,0
682.30,-2.701,-0.395,0.953,999.00,47.14,0,0
682.40,-2.701,-0.395,0.953,999.00,47.14,0,0
682.50,-2.701,-0.395,0.953,999.00,47.14,0,0
682.60,-2.701,-0.395,0.953,999.00,47.14,0,0
682.70,-2.701,-0.395,0.953,999.00,47.14,0,0
682.80,-2.701,-0.395,0.953,999.00,47.14,0,0
682.90,-2.701,-0.395,0.953,999.00,47.14,0,0
683.00,-2.701,-0.395,0.953,999.00,47.14,0,0
683.10,-2.701,-0.395,0.953,999.00,47.14,0,0
683.20,-2.701,-0.395,0.953,999.00,47.14,0,0
683.30,-2.701,-0.395,0.953,999.00,47.14,0,0
683.40,-2.701,-0.395,0.953,999.00,47.14,0,0
683.50,-2.701,-0.395,0.953,999.00,47.14,0,0
683.60,-2.701,-0.395,0.953,999.00,47.14,0,0
683.70,-2.701,-0.395,0.953,999.00,47.14,0,0
683.80,-2.701,-0.395,0.953,999.00,47.14,0,0
683.90,-2.701,-0.395,0.953,999.00,47.14,0,0
684.00,-2.701,-0.395,0.953,999.00,47.14,0,0
684.10,-2.701,-0.395,0.953,999.00,47.14,0,0
684.20,-2.701,-0.395,0.953,999.00,47.14,0,0
684.30,-2.701,-0.395,0.953,999.00,47.14,0,0
684.40,-2.701,-0.395,0.953,999.00,47.14,0,0
684.50,-2.701,-0.395,0.953,999.00,47.14,0,0
684.60,-2.701,-0.395,0.953,999.00,47.14,0,0
684.70,-2.701,-0.395,0.953,999.00,47.14,0,0
684.80,-2.701,-0.395,0.953,999.00,47.14,0,0
684.90,-2.701,-0.395,0.953,999.00,47.14,0,0
685.00,-2.701,-0.395,0.953,999.00,47.14,0,0
685.10,-2.701,-0.395,0.953,999.00,47.14,0,0
685.20,-2.701,-0.395,0.953,999.00,47.14,0,0
685.30,-2.701,-0.395,0.953,999.00,47.14,0,0
685.40,-2.701,-0.395,0.953,999.00,47.14,0,0
685.50,-2.701,-0.395,0.953,999.00,47.14,0,0
685.61,-2.701,-0.395,0.953,999.00,47.14,0,0
685.70,-2.701,-0.395,0.953,999.00,47.14,0,0
685.80,-2.701,-0.395,0.953,999.00,47.14,0,0
685.90,-2.701,-0.395,0.953,999.00,47.14,0,0
686.00,-2.701,-0.395,0.953,999.00,47.14,0,0
686.10,-2.701,-0.395,0.953,999.00,47.14,0,0
686.20,-2.701,-0.395,0.953,999.00,47.14,0,0
686.30,-2.701,-0.395,0.953,999.00,47.14,0,0
686.41,-2.701,-0.395,0.953,999.00,47.14,0,0
686.50,-2.701,-0.395,0.953,999.00,47.14,0,0
686.60,-2.701,-0.395,0.953,999.00,47.14,0,0
686.70,-2.701,-0.395,0.953,999.00,47.14,0,0
686.80,-2.701,-0.395,0.953,999.00,47.14,0,0
686.90,-2.701,-0.395,0.953,999.00,47.14,0,0
687.00,-2.701,-0.395,0.953,999.00,47.14,0,0
687.10,-2.701,-0.395,0.953,999.00,47.14,0,0
687.20,-2.701,-0.395,0.953,999.00,47.14,0,0
687.30,-2.701,-0.395,0.953,999.00,47.14,0,0
687.40,-2.701,-0.395,0.953,999.00,47.14,0,0
687.50,-2.701,-0.395,0.953,999.00,47.14,0,0
687.60,-2.701,-0.395,0.953,999.00,47.14,0,0
687.70,-2.701,-0.395,0.953,999.00,47.14,0,0
687.80,-2.701,-0.395,0.953,999.00,47.14,0,0
687.90,-2.701,-0.395,0.953,999.00,47.14,0,0
688.00,-2.701,-0.395,0.953,999.00,47.14,0,0
688.10,-2.701,-0.395,0.953,999.00,47.14,0,0
688.20,-2.701,-0.395,0.953,999.00,47.14,0,0
688.30,-2.701,-0.395,0.953,999.00,47.14,0,0
688.40,-2.701,-0.395,0.953,999.00,47.14,0,0
688.50,-2.701,-0.395,0.953,999.00,47.14,0,0
688.60,-2.701,-0.395,0.953,999.00,47.14,0,0
688.70,-2.701,-0.395,0.953,999.00,47.14,0,0
688.80,-2.701,-0.395,0.953,999.00,47.14,0,0
688.90,-2.701,-0.395,0.953,999.00,47.14,0,0
689.00,-2.701,-0.395,0.953,999.00,47.14,0,0
689.10,-2.701,-0.395,0.953,999.00,47.14,0,0
689.20,-2.701,-0.395,0.953,999.00,47.14,0,0
689.30,-2.701,-0.395,0.953,999.00,47.14,0,0
689.40,-2.701,-0.395,0.953,999.00,47.14,0,0
689.50,-2.701,-0.395,0.953,999.00,47.14,0,0
689.60,-2.701,-0.395,0.953,999.00,47.14,0,0
689.70,-2.701,-0.395,0.953,999.00,47.14,0,0
689.80,-2.701,-0.395,0.953,999.00,47.14,0,0
689.90,-2.701,-0.395,0.953,999.00,47.14,0,0
690.00,-2.701,-0.395,0.953,999.00,47.14,0,0
690.10,-2.701,-0.395,0.953,999.00,47.14,0,0
690.20,-2.701,-0.395,0.953,999.00,47.14,0,0
690.30,-2.701,-0.395,0.953,999.00,47.14,0,0
690.40,-2.701,-0.395,0.953,999.00,47.14,0,0
690.50,-2.701,-0.395,0.953,999.00,47.14,0,0
690.60,-2.701,-0.395,0.953,999.00,47.14,0,0
690.70,-2.701,-0.395,0.953,999.00,47.14,0,0
690.80,-2.701,-0.395,0.953,999.00,47.14,0,0
690.90,-2.701,-0.395,0.953,999.00,47.14,0,0
691.00,-2.701,-0.395,0.953,999.00,47.14,0,0
691.10,-2.701,-0.395,0.953,999.00,47.14,0,0
691.20,-2.701,-0.395,0.953,999.00,47.14,0,0
691.30,-2.701,-0.395,0.953,999.00,47.14,0,0
691.40,-2.701,-0.395,0.953,999.00,47.14,0,0
691.50,-2.701,-0.395,0.953,999.00,47.14,0,0
691.60,-2.701,-0.395,0.953,999.00,47.14,0,0
691.70,-2.701,-0.395,0.953,999.00,47.14,0,0
691.80,-2.701,-0.395,0.953,999.00,47.14,0,0
691.90,-2.701,-0.395,0.953,999.00,47.14,0,0
692.00,-2.701,-0.395,0.953,999.00,47.14,0,0
692.10,-2.701,-0.395,0.953,999.00,47.14,0,0
692.20,-2.701,-0.395,0.953,999.00,47.14,0,0
692.30,-2.701,-0.395,0.953,999.00,47.14,0,0
692.40,-2.701,-0.395,0.953,999.00,47.14,0,0
692.50,-2.701,-0.395,0.953,999.00,47.14,0,0
692.60,-2.701,-0.395,0.953,999.00,47.14,0,0
692.70,-2.701,-0.395,0.953,999.00,47.14,0,0
692.80,-2.701,-0.395,0.953,999.00,47.14,0,0
692.90,-2.701,-0.395,0.953,999.00,47.14,0,0
693.00,-2.701,-0.395,0.953,999.00,47.14,0,0
693.10,-2.701,-0.395,0.953,999.00,47.14,0,0
693.20,-2.701,-0.395,0.953,999.00,47.14,0,0
693.30,-2.701,-0.395,0.953,999.00,47.14,0,0
693.40,-2.701,-0.395,0.953,999.00,47.14,0,0
693.50,-2.701,-0.395,0.953,999.00,47.14,0,0
693.60,-2.701,-0.395,0.953,999.00,47.14,0,0
693.70,-2.701,-0.395,0.953,999.00,47.14,0,0
693.80,-2.701,-0.395,0.953,999.00,47.14,0,0
693.90,-2.701,-0.395,0.953,999.00,47.14,0,0
694.00,-2.701,-0.395,0.953,999.00,47.14,0,0
694.10,-2.701,-0.395,0.953,999.00,47.14,0,0
694.20,-2.701,-0.395,0.953,999.00,47.14,0,0
694.30,-2.701,-0.395,0.953,999.00,47.14,0,0
694.40,-2.701,-0.395,0.953,999.00,47.14,0,0
694.50,-2.701,-0.395,0.953,999.00,47.14,0,0
694.60,-2.701,-0.395,0.953,999.00,47.14,0,0
694.70,-2.701,-0.395,0.953,999.00,47.14,0,0
694.80,-2.701,-0.395,0.953,999.00,47.14,0,0
694.90,-2.701,-0.395,0.953,999.00,47.14,0,0
695.00,-2.701,-0.395,0.953,999.00,47.14,0,0
695.10,-2.701,-0.395,0.953,999.00,47.14,0,0
695.20,-2.701,-0.395,0.953,999.00,47.14,0,0
695.30,-2.701,-0.395,0.953,999.00,47.14,0,0
695.40,-2.701,-0.395,0.953,999.00,47.14,0,0
695.50,-2.701,-0.395,0.953,999.00,47.14,0,0
695.60,-2.701,-0.395,0.953,999.00,47.14,0,0
695.70,-2.701,-0.395,0.953,999.00,47.14,0,0
695.80,-2.701,-0.395,0.953,999.00,47.14,0,0
695.90,-2.701,-0.395,0.953,999.00,47.14,0,0
696.00,-2.701,-0.395,0.953,999.00,47.14,0,0
696.10,-2.701,-0.395,0.953,999.00,47.14,0,0
696.20,-2.701,-0.395,0.953,999.00,47.14,0,0
696.30,-2.701,-0.395,0.953,999.00,47.14,0,0
696.40,-2.701,-0.395,0.953,999.00,47.14,0,0
696.50,-2.701,-0.395,0.953,999.00,47.14,0,0
696.60,-2.701,-0.395,0.953,999.00,47.14,0,0
696.70,-2.701,-0.395,0.953,999.00,47.14,0,0
696.80,-2.701,-0.395,0.953,999.00,47.14,0,0
696.90,-2.701,-0.395,0.953,999.00,47.14,0,0
697.00,-2.701,-0.395,0.953,999.00,47.14,0,0
697.10,-2.701,-0.395,0.953,999.00,47.14,0,0
697.20,-2.701,-0.395,0.953,999.00,47.14,0,0
697.30,-2.701,-0.395,0.953,999.00,47.14,0,0
697.40,-2.701,-0.395,0.953,999.00,47.14,0,0
697.50,-2.701,-0.395,0.953,999.00,47.14,0,0
697.60,-2.701,-0.395,0.953,999.00,47.14,0,0
697.70,-2.701,-0.395,0.953,999.00,47.14,0,0
697.80,-2.701,-0.395,0.953,999.00,47.14,0,0
697.90,-2.701,-0.395,0.953,999.00,47.14,0,0
698.00,-2.701,-0.395,0.953,999.00,47.14,0,0
698.10,-2.701,-0.395,0.953,999.00,47.14,0,0
698.20,-2.701,-0.395,0.953,999.00,47.14,0,0
698.30,-2.701,-0.395,0.953,999.00,47.14,0,0
698.40,-2.701,-0.395,0.953,999.00,47.14,0,0
698.50,-2.701,-0.395,0.953,999.00,47.14,0,0
698.60,-2.701,-0.395,0.953,999.00,47.14,0,0
698.70,-2.701,-0.395,0.953,999.00,47.14,0,0
698.80,-2.701,-0.395,0.953,999.00,47.14,0,0
698.90,-2.701,-0.395,0.953,999.00,47.14,0,0
699.00,-2.701,-0.395,0.953,999.00,47.14,0,0
699.10,-2.701,-0.395,0.953,999.00,47.14,0,0
699.20,-2.701,-0.395,0.953,999.00,47.14,0,0
699.30,-2.701,-0.395,0.953,999.00,47.14,0,0
699.40,-2.701,-0.395,0.953,999.00,47.14,0,0
699.50,-2.701,-0.395,0.953,999.00,47.14,0,0
699.60,-2.701,-0.395,0.953,999.00,47.14,0,0
699.70,-2.701,-0.395,0.953,999.00,47.14,0,0
699.80,-2.701,-0.395,0.953,999.00,47.14,0,0
699.90,-2.701,-0.395,0.953,999.00,47.14,0,0
700.00,-2.701,-0.395,0.953,999.00,47.14,0,0
700.10,-2.701,-0.395,0.953,999.00,47.14,0,0
700.20,-2.701,-0.395,0.953,999.00,47.14,0,0
700.30,-2.701,-0.395,0.953,999.00,47.14,0,0
700.40,-2.701,-0.395,0.953,999.00,47.14,0,0
700.50,-2.701,-0.395,0.953,999.00,47.14,0,0
700.60,-2.701,-0.395,0.953,999.00,47.14,0,0
700.70,-2.701,-0.395,0.953,999.00,47.14,0,0
700.80,-2.701,-0.395,0.953,999.00,47.14,0,0
700.90,-2.701,-0.395,0.953,999.00,47.14,0,0
701.00,-2.701,-0.395,0.953,999.00,47.14,0,0
701.10,-2.701,-0.395,0.953,999.00,47.14,0,0
701.20,-2.701,-0.395,0.953,999.00,47.14,0,0
701.30,-2.701,-0.395,0.953,999.00,47.14,0,0
701.40,-2.701,-0.395,0.953,999.00,47.14,0,0
701.50,-2.701,-0.395,0.953,999.00,47.14,0,0
701.60,-2.701,-0.395,0.953,999.00,47.14,0,0
701.70,-2.701,-0.395,0.953,999.00,47.14,0,0
701.80,-2.701,-0.395,0.953,999.00,47.14,0,0
701.90,-2.701,-0.395,0.953,999.00,47.14,0,0
702.00,-2.701,-0.395,0.953,999.00,47.14,0,0
702.10,-2.701,-0.395,0.953,999.00,47.14,0,0
702.20,-2.701,-0.395,0.953,999.00,47.14,0,0
702.30,-2.701,-0.395,0.953,999.00,47.14,0,0
702.40,-2.701,-0.395,0.953,999.00,47.14,0,0
702.50,-2.701,-0.395,0.953,999.00,47.14,0,0
702.60,-2.701,-0.395,0.953,999.00,47.14,0,0
702.70,-2.701,-0.395,0.953,999.00,47.14,0,0
702.80,-2.701,-0.395,0.953,999.00,47.14,0,0
702.90,-2.701,-0.395,0.953,999.00,47.14,0,0
703.00,-2.701,-0.395,0.953,999.00,47.14,0,0
703.10,-2.701,-0.395,0.953,999.00,47.14,0,0
703.20,-2.701,-0.395,0.953,999.00,47.14,0,0
703.30,-2.701,-0.395,0.953,999.00,47.14,0,0
703.40,-2.701,-0.395,0.953,999.00,47.14,0,0
703.50,-2.701,-0.395,0.953,999.00,47.14,0,0
703.60,-2.701,-0.395,0.953,999.00,47.14,0,0
703.70,-2.701,-0.395,0.953,999.00,47.14,0,0
703.80,-2.701,-0.395,0.953,999.00,47.14,0,0
703.91,-2.701,-0.395,0.953,999.00,47.14,0,0
704.00,-2.701,-0.395,0.953,999.00,47.14,0,0
704.10,-2.701,-0.395,0.953,999.00,47.14,0,0
704.20,-2.701,-0.395,0.953,999.00,47.14,0,0
704.30,-2.701,-0.395,0.953,999.00,47.14,0,0
704.40,-2.701,-0.395,0.953,999.00,47.14,0,0
704.50,-2.701,-0.395,0.953,999.00,47.14,0,0
704.60,-2.701,-0.395,0.953,999.00,47.14,0,0
704.70,-2.701,-0.395,0.953,999.00,47.14,0,0
704.80,-2.701,-0.395,0.953,999.00,47.14,0,0
704.90,-2.701,-0.395,0.953,999.00,47.14,0,0
705.00,-2.701,-0.395,0.953,999.00,47.14,0,0
705.10,-2.701,-0.395,0.953,999.00,47.14,0,0
705.20,-2.701,-0.395,0.953,999.00,47.14,0,0
705.30,-2.701,-0.395,0.953,999.00,47.14,0,0
705.40,-2.701,-0.395,0.953,999.00,47.14,0,0
705.50,-2.701,-0.395,0.953,999.00,47.14,0,0
705.60,-2.701,-0.395,0.953,999.00,47.14,0,0
705.70,-2.701,-0.395,0.953,999.00,47.14,0,0
705.80,-2.701,-0.395,0.953,999.00,47.14,0,0
705.90,-2.701,-0.395,0.953,999.00,47.14,0,0
706.00,-2.701,-0.395,0.953,999.00,47.14,0,0
706.10,-2.701,-0.395,0.953,999.00,47.14,0,0
706.20,-2.701,-0.395,0.953,999.00,47.14,0,0
706.30,-2.701,-0.395,0.953,999.00,47.14,0,0
706.40,-2.701,-0.395,0.953,999.00,47.14,0,0
706.50,-2.701,-0.395,0.953,999.00,47.14,0,0
706.60,-2.701,-0.395,0.953,999.00,47.14,0,0
706.70,-2.701,-0.395,0.953,999.00,47.14,0,0
706.80,-2.701,-0.395,0.953,999.00,47.14,0,0
706.90,-2.701,-0.395,0.953,999.00,47.14,0,0
707.00,-2.701,-0.395,0.953,999.00,47.14,0,0
707.10,-2.701,-0.395,0.953,999.00,47.14,0,0
707.20,-2.701,-0.395,0.953,999.00,47.14,0,0
707.30,-2.701,-0.395,0.953,999.00,47.14,0,0
707.40,-2.701,-0.395,0.953,999.00,47.14,0,0
707.50,-2.701,-0.395,0.953,999.00,47.14,0,0
707.60,-2.701,-0.395,0.953,999.00,47.14,0,0
707.70,-2.701,-0.395,0.953,999.00,47.14,0,0
707.80,-2.701,-0.395,0.953,999.00,47.14,0,0
707.90,-2.701,-0.395,0.953,999.00,47.14,0,0
708.00,-2.701,-0.395,0.953,999.00,47.14,0,0
708.10,-2.701,-0.395,0.953,999.00,47.14,0,0
708.20,-2.701,-0.395,0.953,999.00,47.14,0,0
708.30,-2.701,-0.395,0.953,999.00,47.14,0,0
708.40,-2.701,-0.395,0.953,999.00,47.14,0,0
708.50,-2.701,-0.395,0.953,999.00,47.14,0,0
708.60,-2.701,-0.395,0.953,999.00,47.14,0,0
708.70,-2.701,-0.395,0.953,999.00,47.14,0,0
708.80,-2.701,-0.395,0.953,999.00,47.14,0,0
708.90,-2.701,-0.395,0.953,999.00,47.14,0,0
709.00,-2.701,-0.395,0.953,999.00,47.14,0,0
709.10,-2.701,-0.395,0.953,999.00,47.14,0,0
709.20,-2.701,-0.395,0.953,999.00,47.14,0,0
709.30,-2.701,-0.395,0.953,999.00,47.14,0,0
709.40,-2.701,-0.395,0.953,999.00,47.14,0,0
709.50,-2.701,-0.395,0.953,999.00,47.14,0,0
709.60,-2.701,-0.395,0.953,999.00,47.14,0,0
709.70,-2.701,-0.395,0.953,999.00,47.14,0,0
709.80,-2.701,-0.395,0.953,999.00,47.14,0,0
709.90,-2.701,-0.395,0.953,999.00,47.14,0,0
710.00,-2.701,-0.395,0.953,999.00,47.14,0,0
710.10,-2.701,-0.395,0.953,999.00,47.14,0,0
710.20,-2.701,-0.395,0.953,999.00,47.14,0,0
710.30,-2.701,-0.395,0.953,999.00,47.14,0,0
710.40,-2.701,-0.395,0.953,999.00,47.14,0,0
710.50,-2.701,-0.395,0.953,999.00,47.14,0,0
710.60,-2.701,-0.395,0.953,999.00,47.14,0,0
710.70,-2.701,-0.395,0.953,999.00,47.14,0,0
710.80,-2.701,-0.395,0.953,999.00,47.14,0,0
710.90,-2.701,-0.395,0.953,999.00,47.14,0,0
711.00,-2.701,-0.395,0.953,999.00,47.14,0,0
711.10,-2.701,-0.395,0.953,999.00,47.14,0,0
711.20,-2.701,-0.395,0.953,999.00,47.14,0,0
711.30,-2.701,-0.395,0.953,999.00,47.14,0,0
711.40,-2.701,-0.395,0.953,999.00,47.14,0,0
711.50,-2.701,-0.395,0.953,999.00,47.14,0,0
711.60,-2.701,-0.395,0.953,999.00,47.14,0,0
711.70,-2.701,-0.395,0.953,999.00,47.14,0,0
711.80,-2.701,-0.395,0.953,999.00,47.14,0,0
711.90,-2.701,-0.395,0.953,999.00,47.14,0,0
712.00,-2.701,-0.395,0.953,999.00,47.14,0,0
712.10,-2.701,-0.395,0.953,999.00,47.14,0,0
712.20,-2.701,-0.395,0.953,999.00,47.14,0,0
712.30,-2.701,-0.395,0.953,999.00,47.14,0,0
712.40,-2.701,-0.395,0.953,999.00,47.14,0,0
712.50,-2.701,-0.395,0.953,999.00,47.14,0,0
712.60,-2.701,-0.395,0.953,999.00,47.14,0,0
712.70,-2.701,-0.395,0.953,999.00,47.14,0,0
712.80,-2.701,-0.395,0.953,999.00,47.14,0,0
712.90,-2.701,-0.395,0.953,999.00,47.14,0,0
713.00,-2.701,-0.395,0.953,999.00,47.14,0,0
713.10,-2.701,-0.395,0.953,999.00,47.14,0,0
713.20,-2.701,-0.395,0.953,999.00,47.14,0,0
713.30,-2.701,-0.395,0.953,999.00,47.14,0,0
713.40,-2.701,-0.395,0.953,999.00,47.14,0,0
713.50,-2.701,-0.395,0.953,999.00,47.14,0,0
713.60,-2.701,-0.395,0.953,999.00,47.14,0,0
713.70,-2.701,-0.395,0.953,999.00,47.14,0,0
713.80,-2.701,-0.395,0.953,999.00,47.14,0,0
713.90,-2.701,-0.395,0.953,999.00,47.14,0,0
714.00,-2.701,-0.395,0.953,999.00,47.14,0,0
714.11,-2.701,-0.395,0.953,999.00,47.14,0,0
714.20,-2.701,-0.395,0.953,999.00,47.14,0,0
714.30,-2.701,-0.395,0.953,999.00,47.14,0,0
714.40,-2.701,-0.395,0.953,999.00,47.14,0,0
714.50,-2.701,-0.395,0.953,999.00,47.14,0,0
714.60,-2.701,-0.395,0.953,999.00,47.14,0,0
714.70,-2.701,-0.395,0.953,999.00,47.14,0,0
714.80,-2.701,-0.395,0.953,999.00,47.14,0,0
714.90,-2.701,-0.395,0.953,999.00,47.14,0,0
715.00,-2.701,-0.395,0.953,999.00,47.14,0,0
715.10,-2.701,-0.395,0.953,999.00,47.14,0,0
715.20,-2.701,-0.395,0.953,999.00,47.14,0,0
715.30,-2.701,-0.395,0.953,999.00,47.14,0,0
715.40,-2.701,-0.395,0.953,999.00,47.14,0,0
715.50,-2.701,-0.395,0.953,999.00,47.14,0,0
715.60,-2.701,-0.395,0.953,999.00,47.14,0,0
715.70,-2.701,-0.395,0.953,999.00,47.14,0,0
715.80,-2.701,-0.395,0.953,999.00,47.14,0,0
715.90,-2.701,-0.395,0.953,999.00,47.14,0,0
716.00,-2.701,-0.395,0.953,999.00,47.14,0,0
716.10,-2.701,-0.395,0.953,999.00,47.14,0,0
716.20,-2.701,-0.395,0.953,999.00,47.14,0,0
716.30,-2.701,-0.395,0.953,999.00,47.14,0,0
716.40,-2.701,-0.395,0.953,999.00,47.14,0,0
716.50,-2.701,-0.395,0.953,999.00,47.14,0,0
716.60,-2.701,-0.395,0.953,999.00,47.14,0,0
716.70,-2.701,-0.395,0.953,999.00,47.14,0,0
716.80,-2.701,-0.395,0.953,999.00,47.14,0,0
716.90,-2.701,-0.395,0.953,999.00,47.14,0,0
717.00,-2.701,-0.395,0.953,999.00,47.14,0,0
717.10,-2.701,-0.395,0.953,999.00,47.14,0,0
717.20,-2.701,-0.395,0.953,999.00,47.14,0,0
717.30,-2.701,-0.395,0.953,999.00,47.14,0,0
717.40,-2.701,-0.395,0.953,999.00,47.14,0,0
717.50,-2.701,-0.395,0.953,999.00,47.14,0,0
717.61,-2.701,-0.395,0.953,999.00,47.14,0,0
717.71,-2.701,-0.395,0.953,999.00,47.14,0,0
717.80,-2.701,-0.395,0.953,999.00,47.14,0,0
717.90,-2.701,-0.395,0.953,999.00,47.14,0,0
718.00,-2.701,-0.395,0.953,999.00,47.14,0,0
718.10,-2.701,-0.395,0.953,999.00,47.14,0,0
718.20,-2.701,-0.395,0.953,999.00,47.14,0,0
718.30,-2.701,-0.395,0.953,999.00,47.14,0,0
718.40,-2.701,-0.395,0.953,999.00,47.14,0,0
718.50,-2.701,-0.395,0.953,999.00,47.14,0,0
718.60,-2.701,-0.395,0.953,999.00,47.14,0,0
718.70,-2.701,-0.395,0.953,999.00,47.14,0,0
718.80,-2.701,-0.395,0.953,999.00,47.14,0,0
718.90,-2.701,-0.395,0.953,999.00,47.14,0,0
719.00,-2.701,-0.395,0.953,999.00,47.14,0,0
719.10,-2.701,-0.395,0.953,999.00,47.14,0,0
719.20,-2.701,-0.395,0.953,999.00,47.14,0,0
719.30,-2.701,-0.395,0.953,999.00,47.14,0,0
719.40,-2.701,-0.395,0.953,999.00,47.14,0,0
719.50,-2.701,-0.395,0.953,999.00,47.14,0,0
719.60,-2.701,-0.395,0.953,999.00,47.14,0,0
719.70,-2.701,-0.395,0.953,999.00,47.14,0,0
719.80,-2.701,-0.395,0.953,999.00,47.14,0,0
719.90,-2.701,-0.395,0.953,999.00,47.14,0,0
720.00,-2.701,-0.395,0.953,999.00,47.14,0,0
720.10,-2.701,-0.395,0.953,999.00,47.14,0,0
720.20,-2.701,-0.395,0.953,999.00,47.14,0,0
720.30,-2.701,-0.395,0.953,999.00,47.14,0,0
720.40,-2.701,-0.395,0.953,999.00,47.14,0,0
720.50,-2.701,-0.395,0.953,999.00,47.14,0,0
720.60,-2.701,-0.395,0.953,999.00,47.14,0,0
720.70,-2.701,-0.395,0.953,999.00,47.14,0,0
720.80,-2.701,-0.395,0.953,999.00,47.14,0,0
720.90,-2.701,-0.395,0.953,999.00,47.14,0,0
721.00,-2.701,-0.395,0.953,999.00,47.14,0,0
721.10,-2.701,-0.395,0.953,999.00,47.14,0,0
721.20,-2.701,-0.395,0.953,999.00,47.14,0,0
721.30,-2.701,-0.395,0.953,999.00,47.14,0,0
721.40,-2.701,-0.395,0.953,999.00,47.14,0,0
721.50,-2.701,-0.395,0.953,999.00,47.14,0,0
721.60,-2.701,-0.395,0.953,999.00,47.14,0,0
721.70,-2.701,-0.395,0.953,999.00,47.14,0,0
721.80,-2.701,-0.395,0.953,999.00,47.14,0,0
721.90,-2.701,-0.395,0.953,999.00,47.14,0,0
722.00,-2.701,-0.395,0.953,999.00,47.14,0,0
722.10,-2.701,-0.395,0.953,999.00,47.14,0,0
722.20,-2.701,-0.395,0.953,999.00,47.14,0,0
722.30,-2.701,-0.395,0.953,999.00,47.14,0,0
722.40,-2.701,-0.395,0.953,999.00,47.14,0,0
722.50,-2.701,-0.395,0.953,999.00,47.14,0,0
722.60,-2.701,-0.395,0.953,999.00,47.14,0,0
722.70,-2.701,-0.395,0.953,999.00,47.14,0,0
722.80,-2.701,-0.395,0.953,999.00,47.14,0,0
722.90,-2.701,-0.395,0.953,999.00,47.14,0,0
723.00,-2.701,-0.395,0.953,999.00,47.14,0,0
723.10,-2.701,-0.395,0.953,999.00,47.14,0,0
723.20,-2.701,-0.395,0.953,999.00,47.14,0,0
723.30,-2.701,-0.395,0.953,999.00,47.14,0,0
723.40,-2.701,-0.395,0.953,999.00,47.14,0,0
723.50,-2.701,-0.395,0.953,999.00,47.14,0,0
723.60,-2.701,-0.395,0.953,999.00,47.14,0,0
723.70,-2.701,-0.395,0.953,999.00,47.14,0,0
723.80,-2.701,-0.395,0.953,999.00,47.14,0,0
723.90,-2.701,-0.395,0.953,999.00,47.14,0,0
724.00,-2.701,-0.395,0.953,999.00,47.14,0,0
724.10,-2.701,-0.395,0.953,999.00,47.14,0,0
724.20,-2.701,-0.395,0.953,999.00,47.14,0,0
724.30,-2.701,-0.395,0.953,999.00,47.14,0,0
724.40,-2.701,-0.395,0.953,999.00,47.14,0,0
724.50,-2.701,-0.395,0.953,999.00,47.14,0,0
724.60,-2.701,-0.395,0.953,999.00,47.14,0,0
724.70,-2.701,-0.395,0.953,999.00,47.14,0,0
724.80,-2.701,-0.395,0.953,999.00,47.14,0,0
724.90,-2.701,-0.395,0.953,999.00,47.14,0,0
725.00,-2.701,-0.395,0.953,999.00,47.14,0,0
725.10,-2.701,-0.395,0.953,999.00,47.14,0,0
725.20,-2.701,-0.395,0.953,999.00,47.14,0,0
725.30,-2.701,-0.395,0.953,999.00,47.14,0,0
725.40,-2.701,-0.395,0.953,999.00,47.14,0,0
725.50,-2.701,-0.395,0.953,999.00,47.14,0,0
725.60,-2.701,-0.395,0.953,999.00,47.14,0,0
725.70,-2.701,-0.395,0.953,999.00,47.14,0,0
725.80,-2.701,-0.395,0.953,999.00,47.14,0,0
725.90,-2.701,-0.395,0.953,999.00,47.14,0,0
726.00,-2.701,-0.395,0.953,999.00,47.14,0,0
726.10,-2.701,-0.395,0.953,999.00,47.14,0,0
726.20,-2.701,-0.395,0.953,999.00,47.14,0,0
726.30,-2.701,-0.395,0.953,999.00,47.14,0,0
726.40,-2.701,-0.395,0.953,999.00,47.14,0,0
726.50,-2.701,-0.395,0.953,999.00,47.14,0,0
726.60,-2.701,-0.395,0.953,999.00,47.14,0,0
726.70,-2.701,-0.395,0.953,999.00,47.14,0,0
726.80,-2.701,-0.395,0.953,999.00,47.14,0,0
726.90,-2.701,-0.395,0.953,999.00,47.14,0,0
727.00,-2.701,-0.395,0.953,999.00,47.14,0,0
727.10,-2.701,-0.395,0.953,999.00,47.14,0,0
727.20,-2.701,-0.395,0.953,999.00,47.14,0,0
727.30,-2.701,-0.395,0.953,999.00,47.14,0,0
727.40,-2.701,-0.395,0.953,999.00,47.14,0,0
727.50,-2.701,-0.395,0.953,999.00,47.14,0,0
727.60,-2.701,-0.395,0.953,999.00,47.14,0,0
727.70,-2.701,-0.395,0.953,999.00,47.14,0,0
727.80,-2.701,-0.395,0.953,999.00,47.14,0,0
727.90,-2.701,-0.395,0.953,999.00,47.14,0,0
728.00,-2.701,-0.395,0.953,999.00,47.14,0,0
728.10,-2.701,-0.395,0.953,999.00,47.14,0,0
728.20,-2.701,-0.395,0.953,999.00,47.14,0,0
728.30,-2.701,-0.395,0.953,999.00,47.14,0,0
728.40,-2.701,-0.395,0.953,999.00,47.14,0,0
728.50,-2.701,-0.395,0.953,999.00,47.14,0,0
728.60,-2.701,-0.395,0.953,999.00,47.14,0,0
728.70,-2.701,-0.395,0.953,999.00,47.14,0,0
728.80,-2.701,-0.395,0.953,999.00,47.14,0,0
728.90,-2.701,-0.395,0.953,999.00,47.14,0,0
729.00,-2.701,-0.395,0.953,999.00,47.14,0,0
729.10,-2.701,-0.395,0.953,999.00,47.14,0,0
729.20,-2.701,-0.395,0.953,999.00,47.14,0,0
729.30,-2.701,-0.395,0.953,999.00,47.14,0,0
729.40,-2.701,-0.395,0.953,999.00,47.14,0,0
729.50,-2.701,-0.395,0.953,999.00,47.14,0,0
729.60,-2.701,-0.395,0.953,999.00,47.14,0,0
729.70,-2.701,-0.395,0.953,999.00,47.14,0,0
729.80,-2.701,-0.395,0.953,999.00,47.14,0,0
729.90,-2.701,-0.395,0.953,999.00,47.14,0,0
730.00,-2.701,-0.395,0.953,999.00,47.14,0,0
730.10,-2.701,-0.395,0.953,999.00,47.14,0,0
730.20,-2.701,-0.395,0.953,999.00,47.14,0,0
730.30,-2.701,-0.395,0.953,999.00,47.14,0,0
730.40,-2.701,-0.395,0.953,999.00,47.14,0,0
730.50,-2.701,-0.395,0.953,999.00,47.14,0,0
730.60,-2.701,-0.395,0.953,999.00,47.14,0,0
730.70,-2.701,-0.395,0.953,999.00,47.14,0,0
730.80,-2.701,-0.395,0.953,999.00,47.14,0,0
730.90,-2.701,-0.395,0.953,999.00,47.14,0,0
731.00,-2.701,-0.395,0.953,999.00,47.14,0,0
731.10,-2.701,-0.395,0.953,999.00,47.14,0,0
731.20,-2.701,-0.395,0.953,999.00,47.14,0,0
731.30,-2.701,-0.395,0.953,999.00,47.14,0,0
731.40,-2.701,-0.395,0.953,999.00,47.14,0,0
731.50,-2.701,-0.395,0.953,999.00,47.14,0,0
731.60,-2.701,-0.395,0.953,999.00,47.14,0,0
731.70,-2.701,-0.395,0.953,999.00,47.14,0,0
731.80,-2.701,-0.395,0.953,999.00,47.14,0,0
731.90,-2.701,-0.395,0.953,999.00,47.14,0,0
732.00,-2.701,-0.395,0.953,999.00,47.14,0,0
732.10,-2.701,-0.395,0.953,999.00,47.14,0,0
732.20,-2.701,-0.395,0.953,999.00,47.14,0,0
732.30,-2.701,-0.395,0.953,999.00,47.14,0,0
732.40,-2.701,-0.395,0.953,999.00,47.14,0,0
732.50,-2.701,-0.395,0.953,999.00,47.14,0,0
732.60,-2.701,-0.395,0.953,999.00,47.14,0,0
732.70,-2.701,-0.395,0.953,999.00,47.14,0,0
732.80,-2.701,-0.395,0.953,999.00,47.14,0,0
732.90,-2.701,-0.395,0.953,999.00,47.14,0,0
733.00,-2.701,-0.395,0.953,999.00,47.14,0,0
733.10,-2.701,-0.395,0.953,999.00,47.14,0,0
733.20,-2.701,-0.395,0.953,999.00,47.14,0,0
733.30,-2.701,-0.395,0.953,999.00,47.14,0,0
733.40,-2.701,-0.395,0.953,999.00,47.14,0,0
733.50,-2.701,-0.395,0.953,999.00,47.14,0,0
733.60,-2.701,-0.395,0.953,999.00,47.14,0,0
733.70,-2.701,-0.395,0.953,999.00,47.14,0,0
733.80,-2.701,-0.395,0.953,999.00,47.14,0,0
733.90,-2.701,-0.395,0.953,999.00,47.14,0,0
734.00,-2.701,-0.395,0.953,999.00,47.14,0,0
734.10,-2.701,-0.395,0.953,999.00,47.14,0,0
734.20,-2.701,-0.395,0.953,999.00,47.14,0,0
734.30,-2.701,-0.395,0.953,999.00,47.14,0,0
734.40,-2.701,-0.395,0.953,999.00,47.14,0,0
734.50,-2.701,-0.395,0.953,999.00,47.14,0,0
734.60,-2.701,-0.395,0.953,999.00,47.14,0,0
734.70,-2.701,-0.395,0.953,999.00,47.14,0,0
734.80,-2.701,-0.395,0.953,999.00,47.14,0,0
734.90,-2.701,-0.395,0.953,999.00,47.14,0,0
735.00,-2.701,-0.395,0.953,999.00,47.14,0,0
735.10,-2.701,-0.395,0.953,999.00,47.14,0,0
735.20,-2.701,-0.395,0.953,999.00,47.14,0,0
735.30,-2.701,-0.395,0.953,999.00,47.14,0,0
735.40,-2.701,-0.395,0.953,999.00,47.14,0,0
735.50,-2.701,-0.395,0.953,999.00,47.14,0,0
735.60,-2.701,-0.395,0.953,999.00,47.14,0,0
735.70,-2.701,-0.395,0.953,999.00,47.14,0,0
735.80,-2.701,-0.395,0.953,999.00,47.14,0,0
735.90,-2.701,-0.395,0.953,999.00,47.14,0,0
736.00,-2.701,-0.395,0.953,999.00,47.14,0,0
736.10,-2.701,-0.395,0.953,999.00,47.14,0,0
736.20,-2.701,-0.395,0.953,999.00,47.14,0,0
736.30,-2.701,-0.395,0.953,999.00,47.14,0,0
736.40,-2.701,-0.395,0.953,999.00,47.14,0,0
736.50,-2.701,-0.395,0.953,999.00,47.14,0,0
736.60,-2.701,-0.395,0.953,999.00,47.14,0,0
736.70,-2.701,-0.395,0.953,999.00,47.14,0,0
736.80,-2.701,-0.395,0.953,999.00,47.14,0,0
736.90,-2.701,-0.395,0.953,999.00,47.14,0,0
737.00,-2.701,-0.395,0.953,999.00,47.14,0,0
737.10,-2.701,-0.395,0.953,999.00,47.14,0,0
737.20,-2.701,-0.395,0.953,999.00,47.14,0,0
737.30,-2.701,-0.395,0.953,999.00,47.14,0,0
737.40,-2.701,-0.395,0.953,999.00,47.14,0,0
737.50,-2.701,-0.395,0.953,999.00,47.14,0,0
737.60,-2.701,-0.395,0.953,999.00,47.14,0,0
737.70,-2.701,-0.395,0.953,999.00,47.14,0,0
737.80,-2.701,-0.395,0.953,999.00,47.14,0,0
737.90,-2.701,-0.395,0.953,999.00,47.14,0,0
738.00,-2.701,-0.395,0.953,999.00,47.14,0,0
738.10,-2.701,-0.395,0.953,999.00,47.14,0,0
738.20,-2.701,-0.395,0.953,999.00,47.14,0,0
738.30,-2.701,-0.395,0.953,999.00,47.14,0,0
738.40,-2.701,-0.395,0.953,999.00,47.14,0,0
738.50,-2.701,-0.395,0.953,999.00,47.14,0,0
738.60,-2.701,-0.395,0.953,999.00,47.14,0,0
738.70,-2.701,-0.395,0.953,999.00,47.14,0,0
738.80,-2.701,-0.395,0.953,999.00,47.14,0,0
738.90,-2.701,-0.395,0.953,999.00,47.14,0,0
739.00,-2.701,-0.395,0.953,999.00,47.14,0,0
739.10,-2.701,-0.395,0.953,999.00,47.14,0,0
739.20,-2.701,-0.395,0.953,999.00,47.14,0,0
739.30,-2.701,-0.395,0.953,999.00,47.14,0,0
739.40,-2.701,-0.395,0.953,999.00,47.14,0,0
739.50,-2.701,-0.395,0.953,999.00,47.14,0,0
739.60,-2.701,-0.395,0.953,999.00,47.14,0,0
739.70,-2.701,-0.395,0.953,999.00,47.14,0,0
739.80,-2.701,-0.395,0.953,999.00,47.14,0,0
739.90,-2.701,-0.395,0.953,999.00,47.14,0,0
740.00,-2.701,-0.395,0.953,999.00,47.14,0,0
740.10,-2.701,-0.395,0.953,999.00,47.14,0,0
740.20,-2.701,-0.395,0.953,999.00,47.14,0,0
740.30,-2.701,-0.395,0.953,999.00,47.14,0,0
740.40,-2.701,-0.395,0.953,999.00,47.14,0,0
740.50,-2.701,-0.395,0.953,999.00,47.14,0,0
740.60,-2.701,-0.395,0.953,999.00,47.14,0,0
740.70,-2.701,-0.395,0.953,999.00,47.14,0,0
740.80,-2.701,-0.395,0.953,999.00,47.14,0,0
740.90,-2.701,-0.395,0.953,999.00,47.14,0,0
741.00,-2.701,-0.395,0.953,999.00,47.14,0,0
741.10,-2.701,-0.395,0.953,999.00,47.14,0,0
741.20,-2.701,-0.395,0.953,999.00,47.14,0,0
741.30,-2.701,-0.395,0.953,999.00,47.14,0,0
741.40,-2.701,-0.395,0.953,999.00,47.14,0,0
741.50,-2.701,-0.395,0.953,999.00,47.14,0,0
741.60,-2.701,-0.395,0.953,999.00,47.14,0,0
741.70,-2.701,-0.395,0.953,999.00,47.14,0,0
741.80,-2.701,-0.395,0.953,999.00,47.14,0,0
741.90,-2.701,-0.395,0.953,999.00,47.14,0,0
742.00,-2.701,-0.395,0.953,999.00,47.14,0,0
742.10,-2.701,-0.395,0.953,999.00,47.14,0,0
742.20,-2.701,-0.395,0.953,999.00,47.14,0,0
742.30,-2.701,-0.395,0.953,999.00,47.14,0,0
742.40,-2.701,-0.395,0.953,999.00,47.14,0,0
742.50,-2.701,-0.395,0.953,999.00,47.14,0,0
742.60,-2.701,-0.395,0.953,999.00,47.14,0,0
742.70,-2.701,-0.395,0.953,999.00,47.14,0,0
742.80,-2.701,-0.395,0.953,999.00,47.14,0,0
742.90,-2.701,-0.395,0.953,999.00,47.14,0,0
743.00,-2.701,-0.395,0.953,999.00,47.14,0,0
743.10,-2.701,-0.395,0.953,999.00,47.14,0,0
743.20,-2.701,-0.395,0.953,999.00,47.14,0,0
743.30,-2.701,-0.395,0.953,999.00,47.14,0,0
743.40,-2.701,-0.395,0.953,999.00,47.14,0,0
743.50,-2.701,-0.395,0.953,999.00,47.14,0,0
743.60,-2.701,-0.395,0.953,999.00,47.14,0,0
743.70,-2.701,-0.395,0.953,999.00,47.14,0,0
743.80,-2.701,-0.395,0.953,999.00,47.14,0,0
743.90,-2.701,-0.395,0.953,999.00,47.14,0,0
744.00,-2.701,-0.395,0.953,999.00,47.14,0,0
744.10,-2.701,-0.395,0.953,999.00,47.14,0,0
744.20,-2.701,-0.395,0.953,999.00,47.14,0,0
744.30,-2.701,-0.395,0.953,999.00,47.14,0,0
744.40,-2.701,-0.395,0.953,999.00,47.14,0,0
744.50,-2.701,-0.395,0.953,999.00,47.14,0,0
744.60,-2.701,-0.395,0.953,999.00,47.14,0,0
744.70,-2.701,-0.395,0.953,999.00,47.14,0,0
744.80,-2.701,-0.395,0.953,999.00,47.14,0,0
744.90,-2.701,-0.395,0.953,999.00,47.14,0,0
745.00,-2.701,-0.395,0.953,999.00,47.14,0,0
745.10,-2.701,-0.395,0.953,999.00,47.14,0,0
745.20,-2.701,-0.395,0.953,999.00,47.14,0,0
745.30,-2.701,-0.395,0.953,999.00,47.14,0,0
745.40,-2.701,-0.395,0.953,999.00,47.14,0,0
745.50,-2.701,-0.395,0.953,999.00,47.14,0,0
745.60,-2.701,-0.395,0.953,999.00,47.14,0,0
745.70,-2.701,-0.395,0.953,999.00,47.14,0,0
745.80,-2.701,-0.395,0.953,999.00,47.14,0,0
745.90,-2.701,-0.395,0.953,999.00,47.14,0,0
746.00,-2.701,-0.395,0.953,999.00,47.14,0,0
746.10,-2.701,-0.395,0.953,999.00,47.14,0,0
746.20,-2.701,-0.395,0.953,999.00,47.14,0,0
746.30,-2.701,-0.395,0.953,999.00,47.14,0,0
746.40,-2.701,-0.395,0.953,999.00,47.14,0,0
746.50,-2.701,-0.395,0.953,999.00,47.14,0,0
746.60,-2.701,-0.395,0.953,999.00,47.14,0,0
746.70,-2.701,-0.395,0.953,999.00,47.14,0,0
746.80,-2.701,-0.395,0.953,999.00,47.14,0,0
746.90,-2.701,-0.395,0.953,999.00,47.14,0,0
747.00,-2.701,-0.395,0.953,999.00,47.14,0,0
747.10,-2.701,-0.395,0.953,999.00,47.14,0,0
747.20,-2.701,-0.395,0.953,999.00,47.14,0,0
747.30,-2.701,-0.395,0.953,999.00,47.14,0,0
747.40,-2.701,-0.395,0.953,999.00,47.14,0,0
747.50,-2.701,-0.395,0.953,999.00,47.14,0,0
747.60,-2.701,-0.395,0.953,999.00,47.14,0,0
747.70,-2.701,-0.395,0.953,999.00,47.14,0,0
747.80,-2.701,-0.395,0.953,999.00,47.14,0,0
747.90,-2.701,-0.395,0.953,999.00,47.14,0,0
748.00,-2.701,-0.395,0.953,999.00,47.14,0,0
748.10,-2.701,-0.395,0.953,999.00,47.14,0,0
748.20,-2.701,-0.395,0.953,999.00,47.14,0,0
748.30,-2.701,-0.395,0.953,999.00,47.14,0,0
748.40,-2.701,-0.395,0.953,999.00,47.14,0,0
748.50,-2.701,-0.395,0.953,999.00,47.14,0,0
748.60,-2.701,-0.395,0.953,999.00,47.14,0,0
748.70,-2.701,-0.395,0.953,999.00,47.14,0,0
748.80,-2.701,-0.395,0.953,999.00,47.14,0,0
748.90,-2.701,-0.395,0.953,999.00,47.14,0,0
749.00,-2.701,-0.395,0.953,999.00,47.14,0,0
749.10,-2.701,-0.395,0.953,999.00,47.14,0,0
749.20,-2.701,-0.395,0.953,999.00,47.14,0,0
749.30,-2.701,-0.395,0.953,999.00,47.14,0,0
749.40,-2.701,-0.395,0.953,999.00,47.14,0,0
749.50,-2.701,-0.395,0.953,999.00,47.14,0,0
749.60,-2.701,-0.395,0.953,999.00,47.14,0,0
749.70,-2.701,-0.395,0.953,999.00,47.14,0,0
749.80,-2.701,-0.395,0.953,999.00,47.14,0,0
749.90,-2.701,-0.395,0.953,999.00,47.14,0,0
750.00,-2.701,-0.395,0.953,999.00,47.14,0,0
750.10,-2.701,-0.395,0.953,999.00,47.14,0,0
750.20,-2.701,-0.395,0.953,999.00,47.14,0,0
750.30,-2.701,-0.395,0.953,999.00,47.14,0,0
750.40,-2.701,-0.395,0.953,999.00,47.14,0,0
750.50,-2.701,-0.395,0.953,999.00,47.14,0,0
750.60,-2.701,-0.395,0.953,999.00,47.14,0,0
750.70,-2.701,-0.395,0.953,999.00,47.14,0,0
750.80,-2.701,-0.395,0.953,999.00,47.14,0,0
750.90,-2.701,-0.395,0.953,999.00,47.14,0,0
751.00,-2.701,-0.395,0.953,999.00,47.14,0,0
751.10,-2.701,-0.395,0.953,999.00,47.14,0,0
751.20,-2.701,-0.395,0.953,999.00,47.14,0,0
751.30,-2.701,-0.395,0.953,999.00,47.14,0,0
751.40,-2.701,-0.395,0.953,999.00,47.14,0,0
751.50,-2.701,-0.395,0.953,999.00,47.14,0,0
751.60,-2.701,-0.395,0.953,999.00,47.14,0,0
751.70,-2.701,-0.395,0.953,999.00,47.14,0,0
751.80,-2.701,-0.395,0.953,999.00,47.14,0,0
751.90,-2.701,-0.395,0.953,999.00,47.14,0,0
752.00,-2.701,-0.395,0.953,999.00,47.14,0,0
752.10,-2.701,-0.395,0.953,999.00,47.14,0,0
752.20,-2.701,-0.395,0.953,999.00,47.14,0,0
752.30,-2.701,-0.395,0.953,999.00,47.14,0,0
752.40,-2.701,-0.395,0.953,999.00,47.14,0,0
752.50,-2.701,-0.395,0.953,999.00,47.14,0,0
752.60,-2.701,-0.395,0.953,999.00,47.14,0,0
752.70,-2.701,-0.395,0.953,999.00,47.14,0,0
752.80,-2.701,-0.395,0.953,999.00,47.14,0,0
752.90,-2.701,-0.395,0.953,999.00,47.14,0,0
753.00,-2.701,-0.395,0.953,999.00,47.14,0,0
753.10,-2.701,-0.395,0.953,999.00,47.14,0,0
753.20,-2.701,-0.395,0.953,999.00,47.14,0,0
753.30,-2.701,-0.395,0.953,999.00,47.14,0,0
753.40,-2.701,-0.395,0.953,999.00,47.14,0,0
753.50,-2.701,-0.395,0.953,999.00,47.14,0,0
753.60,-2.701,-0.395,0.953,999.00,47.14,0,0
753.70,-2.701,-0.395,0.953,999.00,47.14,0,0
753.80,-2.701,-0.395,0.953,999.00,47.14,0,0
753.90,-2.701,-0.395,0.953,999.00,47.14,0,0
754.00,-2.701,-0.395,0.953,999.00,47.14,0,0
754.10,-2.701,-0.395,0.953,999.00,47.14,0,0
754.20,-2.701,-0.395,0.953,999.00,47.14,0,0
754.30,-2.701,-0.395,0.953,999.00,47.14,0,0
754.40,-2.701,-0.395,0.953,999.00,47.14,0,0
754.50,-2.701,-0.395,0.953,999.00,47.14,0,0
754.60,-2.701,-0.395,0.953,999.00,47.14,0,0
754.70,-2.701,-0.395,0.953,999.00,47.14,0,0
754.80,-2.701,-0.395,0.953,999.00,47.14,0,0
754.90,-2.701,-0.395,0.953,999.00,47.14,0,0
755.00,-2.701,-0.395,0.953,999.00,47.14,0,0
755.10,-2.701,-0.395,0.953,999.00,47.14,0,0
755.20,-2.701,-0.395,0.953,999.00,47.14,0,0
755.30,-2.701,-0.395,0.953,999.00,47.14,0,0
755.40,-2.701,-0.395,0.953,999.00,47.14,0,0
755.50,-2.701,-0.395,0.953,999.00,47.14,0,0
755.60,-2.701,-0.395,0.953,999.00,47.14,0,0
755.70,-2.701,-0.395,0.953,999.00,47.14,0,0
755.80,-2.701,-0.395,0.953,999.00,47.14,0,0
755.90,-2.701,-0.395,0.953,999.00,47.14,0,0
756.00,-2.701,-0.395,0.953,999.00,47.14,0,0
756.10,-2.701,-0.395,0.953,999.00,47.14,0,0
756.20,-2.701,-0.395,0.953,999.00,47.14,0,0
756.30,-2.701,-0.395,0.953,999.00,47.14,0,0
756.40,-2.701,-0.395,0.953,999.00,47.14,0,0
756.50,-2.701,-0.395,0.953,999.00,47.14,0,0
756.60,-2.701,-0.395,0.953,999.00,47.14,0,0
756.70,-2.701,-0.395,0.953,999.00,47.14,0,0
756.80,-2.701,-0.395,0.953,999.00,47.14,0,0
756.90,-2.701,-0.395,0.953,999.00,47.14,0,0
757.00,-2.701,-0.395,0.953,999.00,47.14,0,0
757.10,-2.701,-0.395,0.953,999.00,47.14,0,0
757.20,-2.701,-0.395,0.953,999.00,47.14,0,0
757.30,-2.701,-0.395,0.953,999.00,47.14,0,0
757.40,-2.701,-0.395,0.953,999.00,47.14,0,0
757.50,-2.701,-0.395,0.953,999.00,47.14,0,0
757.60,-2.701,-0.395,0.953,999.00,47.14,0,0
757.70,-2.701,-0.395,0.953,999.00,47.14,0,0
757.80,-2.701,-0.395,0.953,999.00,47.14,0,0
757.90,-2.701,-0.395,0.953,999.00,47.14,0,0
758.00,-2.701,-0.395,0.953,999.00,47.14,0,0
758.10,-2.701,-0.395,0.953,999.00,47.14,0,0
758.20,-2.701,-0.395,0.953,999.00,47.14,0,0
758.30,-2.701,-0.395,0.953,999.00,47.14,0,0
758.40,-2.701,-0.395,0.953,999.00,47.14,0,0
758.50,-2.701,-0.395,0.953,999.00,47.14,0,0
758.60,-2.701,-0.395,0.953,999.00,47.14,0,0
758.70,-2.701,-0.395,0.953,999.00,47.14,0,0
758.80,-2.701,-0.395,0.953,999.00,47.14,0,0
758.90,-2.701,-0.395,0.953,999.00,47.14,0,0
759.00,-2.701,-0.395,0.953,999.00,47.14,0,0
759.10,-2.701,-0.395,0.953,999.00,47.14,0,0
759.20,-2.701,-0.395,0.953,999.00,47.14,0,0
759.30,-2.701,-0.395,0.953,999.00,47.14,0,0
759.40,-2.701,-0.395,0.953,999.00,47.14,0,0
759.50,-2.701,-0.395,0.953,999.00,47.14,0,0
759.60,-2.701,-0.395,0.953,999.00,47.14,0,0
759.70,-2.701,-0.395,0.953,999.00,47.14,0,0
759.80,-2.701,-0.395,0.953,999.00,47.14,0,0
759.90,-2.701,-0.395,0.953,999.00,47.14,0,0
760.00,-2.701,-0.395,0.953,999.00,47.14,0,0
760.10,-2.701,-0.395,0.953,999.00,47.14,0,0
760.20,-2.701,-0.395,0.953,999.00,47.14,0,0
760.30,-2.701,-0.395,0.953,999.00,47.14,0,0
760.40,-2.701,-0.395,0.953,999.00,47.14,0,0
760.50,-2.701,-0.395,0.953,999.00,47.14,0,0
760.60,-2.701,-0.395,0.953,999.00,47.14,0,0
760.70,-2.701,-0.395,0.953,999.00,47.14,0,0
760.80,-2.701,-0.395,0.953,999.00,47.14,0,0
760.90,-2.701,-0.395,0.953,999.00,47.14,0,0
761.00,-2.701,-0.395,0.953,999.00,47.14,0,0
761.10,-2.701,-0.395,0.953,999.00,47.14,0,0
761.20,-2.701,-0.395,0.953,999.00,47.14,0,0
761.30,-2.701,-0.395,0.953,999.00,47.14,0,0
761.40,-2.701,-0.395,0.953,999.00,47.14,0,0
761.50,-2.701,-0.395,0.953,999.00,47.14,0,0
761.60,-2.701,-0.395,0.953,999.00,47.14,0,0
761.70,-2.701,-0.395,0.953,999.00,47.14,0,0
761.80,-2.701,-0.395,0.953,999.00,47.14,0,0
761.90,-2.701,-0.395,0.953,999.00,47.14,0,0
762.00,-2.701,-0.395,0.953,999.00,47.14,0,0
762.10,-2.701,-0.395,0.953,999.00,47.14,0,0
762.20,-2.701,-0.395,0.953,999.00,47.14,0,0
762.30,-2.701,-0.395,0.953,999.00,47.14,0,0
762.40,-2.701,-0.395,0.953,999.00,47.14,0,0
762.50,-2.701,-0.395,0.953,999.00,47.14,0,0
762.60,-2.701,-0.395,0.953,999.00,47.14,0,0
762.70,-2.701,-0.395,0.953,999.00,47.14,0,0
762.80,-2.701,-0.395,0.953,999.00,47.14,0,0
762.90,-2.701,-0.395,0.953,999.00,47.14,0,0
763.00,-2.701,-0.395,0.953,999.00,47.14,0,0
763.10,-2.701,-0.395,0.953,999.00,47.14,0,0
763.20,-2.701,-0.395,0.953,999.00,47.14,0,0
763.30,-2.701,-0.395,0.953,999.00,47.14,0,0
763.40,-2.701,-0.395,0.953,999.00,47.14,0,0
763.50,-2.701,-0.395,0.953,999.00,47.14,0,0
763.60,-2.701,-0.395,0.953,999.00,47.14,0,0
763.70,-2.701,-0.395,0.953,999.00,47.14,0,0
763.80,-2.701,-0.395,0.953,999.00,47.14,0,0
763.90,-2.701,-0.395,0.953,999.00,47.14,0,0
764.00,-2.701,-0.395,0.953,999.00,47.14,0,0
764.10,-2.701,-0.395,0.953,999.00,47.14,0,0
764.21,-2.701,-0.395,0.953,999.00,47.14,0,0
764.30,-2.701,-0.395,0.953,999.00,47.14,0,0
764.40,-2.701,-0.395,0.953,999.00,47.14,0,0
764.50,-2.701,-0.395,0.953,999.00,47.14,0,0
764.60,-2.701,-0.395,0.953,999.00,47.14,0,0
764.70,-2.701,-0.395,0.953,999.00,47.14,0,0
764.80,-2.701,-0.395,0.953,999.00,47.14,0,0
764.90,-2.701,-0.395,0.953,999.00,47.14,0,0
765.00,-2.701,-0.395,0.953,999.00,47.14,0,0
765.10,-2.701,-0.395,0.953,999.00,47.14,0,0
765.20,-2.701,-0.395,0.953,999.00,47.14,0,0
765.30,-2.701,-0.395,0.953,999.00,47.14,0,0
765.40,-2.701,-0.395,0.953,999.00,47.14,0,0
765.50,-2.701,-0.395,0.953,999.00,47.14,0,0
765.60,-2.701,-0.395,0.953,999.00,47.14,0,0
765.70,-2.701,-0.395,0.953,999.00,47.14,0,0
765.80,-2.701,-0.395,0.953,999.00,47.14,0,0
765.90,-2.701,-0.395,0.953,999.00,47.14,0,0
766.00,-2.701,-0.395,0.953,999.00,47.14,0,0
766.10,-2.701,-0.395,0.953,999.00,47.14,0,0
766.20,-2.701,-0.395,0.953,999.00,47.14,0,0
766.30,-2.701,-0.395,0.953,999.00,47.14,0,0
766.40,-2.701,-0.395,0.953,999.00,47.14,0,0
766.50,-2.701,-0.395,0.953,999.00,47.14,0,0
766.60,-2.701,-0.395,0.953,999.00,47.14,0,0
766.70,-2.701,-0.395,0.953,999.00,47.14,0,0
766.80,-2.701,-0.395,0.953,999.00,47.14,0,0
766.90,-2.701,-0.395,0.953,999.00,47.14,0,0
767.00,-2.701,-0.395,0.953,999.00,47.14,0,0
767.10,-2.701,-0.395,0.953,999.00,47.14,0,0
767.20,-2.701,-0.395,0.953,999.00,47.14,0,0
767.30,-2.701,-0.395,0.953,999.00,47.14,0,0
767.40,-2.701,-0.395,0.953,999.00,47.14,0,0
767.50,-2.701,-0.395,0.953,999.00,47.14,0,0
767.60,-2.701,-0.395,0.953,999.00,47.14,0,0
767.70,-2.701,-0.395,0.953,999.00,47.14,0,0
767.80,-2.701,-0.395,0.953,999.00,47.14,0,0
767.90,-2.701,-0.395,0.953,999.00,47.14,0,0
768.00,-2.701,-0.395,0.953,999.00,47.14,0,0
768.10,-2.701,-0.395,0.953,999.00,47.14,0,0
768.20,-2.701,-0.395,0.953,999.00,47.14,0,0
768.30,-2.701,-0.395,0.953,999.00,47.14,0,0
768.40,-2.701,-0.395,0.953,999.00,47.14,0,0
768.50,-2.701,-0.395,0.953,999.00,47.14,0,0
768.60,-2.701,-0.395,0.953,999.00,47.14,0,0
768.70,-2.701,-0.395,0.953,999.00,47.14,0,0
768.80,-2.701,-0.395,0.953,999.00,47.14,0,0
768.90,-2.701,-0.395,0.953,999.00,47.14,0,0
769.00,-2.701,-0.395,0.953,999.00,47.14,0,0
769.10,-2.701,-0.395,0.953,999.00,47.14,0,0
769.20,-2.701,-0.395,0.953,999.00,47.14,0,0
769.30,-2.701,-0.395,0.953,999.00,47.14,0,0
769.40,-2.701,-0.395,0.953,999.00,47.14,0,0
769.50,-2.701,-0.395,0.953,999.00,47.14,0,0
769.60,-2.701,-0.395,0.953,999.00,47.14,0,0
769.70,-2.701,-0.395,0.953,999.00,47.14,0,0
769.80,-2.701,-0.395,0.953,999.00,47.14,0,0
769.90,-2.701,-0.395,0.953,999.00,47.14,0,0
770.00,-2.701,-0.395,0.953,999.00,47.14,0,0
770.10,-2.701,-0.395,0.953,999.00,47.14,0,0
770.20,-2.701,-0.395,0.953,999.00,47.14,0,0
770.30,-2.701,-0.395,0.953,999.00,47.14,0,0
770.40,-2.701,-0.395,0.953,999.00,47.14,0,0
770.50,-2.701,-0.395,0.953,999.00,47.14,0,0
770.60,-2.701,-0.395,0.953,999.00,47.14,0,0
770.70,-2.701,-0.395,0.953,999.00,47.14,0,0
770.80,-2.701,-0.395,0.953,999.00,47.14,0,0
770.90,-2.701,-0.395,0.953,999.00,47.14,0,0
771.00,-2.701,-0.395,0.953,999.00,47.14,0,0
771.10,-2.701,-0.395,0.953,999.00,47.14,0,0
771.20,-2.701,-0.395,0.953,999.00,47.14,0,0
771.30,-2.701,-0.395,0.953,999.00,47.14,0,0
771.40,-2.701,-0.395,0.953,999.00,47.14,0,0
771.50,-2.701,-0.395,0.953,999.00,47.14,0,0
771.60,-2.701,-0.395,0.953,999.00,47.14,0,0
771.70,-2.701,-0.395,0.953,999.00,47.14,0,0
771.80,-2.701,-0.395,0.953,999.00,47.14,0,0
771.90,-2.701,-0.395,0.953,999.00,47.14,0,0
772.00,-2.701,-0.395,0.953,999.00,47.14,0,0
772.10,-2.701,-0.395,0.953,999.00,47.14,0,0
772.20,-2.701,-0.395,0.953,999.00,47.14,0,0
772.30,-2.701,-0.395,0.953,999.00,47.14,0,0
772.40,-2.701,-0.395,0.953,999.00,47.14,0,0
772.50,-2.701,-0.395,0.953,999.00,47.14,0,0
772.60,-2.701,-0.395,0.953,999.00,47.14,0,0
772.70,-2.701,-0.395,0.953,999.00,47.14,0,0
772.80,-2.701,-0.395,0.953,999.00,47.14,0,0
772.90,-2.701,-0.395,0.953,999.00,47.14,0,0
773.00,-2.701,-0.395,0.953,999.00,47.14,0,0
773.10,-2.701,-0.395,0.953,999.00,47.14,0,0
773.20,-2.701,-0.395,0.953,999.00,47.14,0,0
773.30,-2.701,-0.395,0.953,999.00,47.14,0,0
773.40,-2.701,-0.395,0.953,999.00,47.14,0,0
773.50,-2.701,-0.395,0.953,999.00,47.14,0,0
773.60,-2.701,-0.395,0.953,999.00,47.14,0,0
773.70,-2.701,-0.395,0.953,999.00,47.14,0,0
773.80,-2.701,-0.395,0.953,999.00,47.14,0,0
773.90,-2.701,-0.395,0.953,999.00,47.14,0,0
774.00,-2.701,-0.395,0.953,999.00,47.14,0,0
774.10,-2.701,-0.395,0.953,999.00,47.14,0,0
774.20,-2.701,-0.395,0.953,999.00,47.14,0,0
774.30,-2.701,-0.395,0.953,999.00,47.14,0,0
774.40,-2.701,-0.395,0.953,999.00,47.14,0,0
774.50,-2.701,-0.395,0.953,999.00,47.14,0,0
774.60,-2.701,-0.395,0.953,999.00,47.14,0,0
774.70,-2.701,-0.395,0.953,999.00,47.14,0,0
774.80,-2.701,-0.395,0.953,999.00,47.14,0,0
774.90,-2.701,-0.395,0.953,999.00,47.14,0,0
775.00,-2.701,-0.395,0.953,999.00,47.14,0,0
775.10,-2.701,-0.395,0.953,999.00,47.14,0,0
775.20,-2.701,-0.395,0.953,999.00,47.14,0,0
775.30,-2.701,-0.395,0.953,999.00,47.14,0,0
775.40,-2.701,-0.395,0.953,999.00,47.14,0,0
775.51,-2.701,-0.395,0.953,999.00,47.14,0,0
775.60,-2.701,-0.395,0.953,999.00,47.14,0,0
775.70,-2.701,-0.395,0.953,999.00,47.14,0,0
775.80,-2.701,-0.395,0.953,999.00,47.14,0,0
775.90,-2.701,-0.395,0.953,999.00,47.14,0,0
776.00,-2.701,-0.395,0.953,999.00,47.14,0,0
776.10,-2.701,-0.395,0.953,999.00,47.14,0,0
776.20,-2.701,-0.395,0.953,999.00,47.14,0,0
776.30,-2.701,-0.395,0.953,999.00,47.14,0,0
776.40,-2.701,-0.395,0.953,999.00,47.14,0,0
776.50,-2.701,-0.395,0.953,999.00,47.14,0,0
776.60,-2.701,-0.395,0.953,999.00,47.14,0,0
776.70,-2.701,-0.395,0.953,999.00,47.14,0,0
776.80,-2.701,-0.395,0.953,999.00,47.14,0,0
776.90,-2.701,-0.395,0.953,999.00,47.14,0,0
777.00,-2.701,-0.395,0.953,999.00,47.14,0,0
777.10,-2.701,-0.395,0.953,999.00,47.14,0,0
777.20,-2.701,-0.395,0.953,999.00,47.14,0,0
777.30,-2.701,-0.395,0.953,999.00,47.14,0,0
777.40,-2.701,-0.395,0.953,999.00,47.14,0,0
777.50,-2.701,-0.395,0.953,999.00,47.14,0,0
777.60,-2.701,-0.395,0.953,999.00,47.14,0,0
777.70,-2.701,-0.395,0.953,999.00,47.14,0,0
777.80,-2.701,-0.395,0.953,999.00,47.14,0,0
777.90,-2.701,-0.395,0.953,999.00,47.14,0,0
778.00,-2.701,-0.395,0.953,999.00,47.14,0,0
778.10,-2.701,-0.395,0.953,999.00,47.14,0,0
778.20,-2.701,-0.395,0.953,999.00,47.14,0,0
778.30,-2.701,-0.395,0.953,999.00,47.14,0,0
778.40,-2.701,-0.395,0.953,999.00,47.14,0,0
778.50,-2.701,-0.395,0.953,999.00,47.14,0,0
778.60,-2.701,-0.395,0.953,999.00,47.14,0,0
778.70,-2.701,-0.395,0.953,999.00,47.14,0,0
778.80,-2.701,-0.395,0.953,999.00,47.14,0,0
778.90,-2.701,-0.395,0.953,999.00,47.14,0,0
779.00,-2.701,-0.395,0.953,999.00,47.14,0,0
779.10,-2.701,-0.395,0.953,999.00,47.14,0,0
779.20,-2.701,-0.395,0.953,999.00,47.14,0,0
779.30,-2.701,-0.395,0.953,999.00,47.14,0,0
779.40,-2.701,-0.395,0.953,999.00,47.14,0,0
779.50,-2.701,-0.395,0.953,999.00,47.14,0,0
779.60,-2.701,-0.395,0.953,999.00,47.14,0,0
779.70,-2.701,-0.395,0.953,999.00,47.14,0,0
779.80,-2.701,-0.395,0.953,999.00,47.14,0,0
779.90,-2.701,-0.395,0.953,999.00,47.14,0,0
780.00,-2.701,-0.395,0.953,999.00,47.14,0,0
780.10,-2.701,-0.395,0.953,999.00,47.14,0,0
780.20,-2.701,-0.395,0.953,999.00,47.14,0,0
780.30,-2.701,-0.395,0.953,999.00,47.14,0,0
780.40,-2.701,-0.395,0.953,999.00,47.14,0,0
780.50,-2.701,-0.395,0.953,999.00,47.14,0,0
780.60,-2.701,-0.395,0.953,999.00,47.14,0,0
780.70,-2.701,-0.395,0.953,999.00,47.14,0,0
780.80,-2.701,-0.395,0.953,999.00,47.14,0,0
780.90,-2.701,-0.395,0.953,999.00,47.14,0,0
781.00,-2.701,-0.395,0.953,999.00,47.14,0,0
781.10,-2.701,-0.395,0.953,999.00,47.14,0,0
781.20,-2.701,-0.395,0.953,999.00,47.14,0,0
781.30,-2.701,-0.395,0.953,999.00,47.14,0,0
781.40,-2.701,-0.395,0.953,999.00,47.14,0,0
781.50,-2.701,-0.395,0.953,999.00,47.14,0,0
781.60,-2.701,-0.395,0.953,999.00,47.14,0,0
781.70,-2.701,-0.395,0.953,999.00,47.14,0,0
781.80,-2.701,-0.395,0.953,999.00,47.14,0,0
781.90,-2.701,-0.395,0.953,999.00,47.14,0,0
782.00,-2.701,-0.395,0.953,999.00,47.14,0,0
782.10,-2.701,-0.395,0.953,999.00,47.14,0,0
782.20,-2.701,-0.395,0.953,999.00,47.14,0,0
782.30,-2.701,-0.395,0.953,999.00,47.14,0,0
782.40,-2.701,-0.395,0.953,999.00,47.14,0,0
782.50,-2.701,-0.395,0.953,999.00,47.14,0,0
782.60,-2.701,-0.395,0.953,999.00,47.14,0,0
782.70,-2.701,-0.395,0.953,999.00,47.14,0,0
782.80,-2.701,-0.395,0.953,999.00,47.14,0,0
782.90,-2.701,-0.395,0.953,999.00,47.14,0,0
783.00,-2.701,-0.395,0.953,999.00,47.14,0,0
783.10,-2.701,-0.395,0.953,999.00,47.14,0,0
783.20,-2.701,-0.395,0.953,999.00,47.14,0,0
783.30,-2.701,-0.395,0.953,999.00,47.14,0,0
783.40,-2.701,-0.395,0.953,999.00,47.14,0,0
783.51,-2.701,-0.395,0.953,999.00,47.14,0,0
783.60,-2.701,-0.395,0.953,999.00,47.14,0,0
783.70,-2.701,-0.395,0.953,999.00,47.14,0,0
783.80,-2.701,-0.395,0.953,999.00,47.14,0,0
783.90,-2.701,-0.395,0.953,999.00,47.14,0,0
784.00,-2.701,-0.395,0.953,999.00,47.14,0,0
784.10,-2.701,-0.395,0.953,999.00,47.14,0,0
784.20,-2.701,-0.395,0.953,999.00,47.14,0,0
784.30,-2.701,-0.395,0.953,999.00,47.14,0,0
784.40,-2.701,-0.395,0.953,999.00,47.14,0,0
784.50,-2.701,-0.395,0.953,999.00,47.14,0,0
784.60,-2.701,-0.395,0.953,999.00,47.14,0,0
784.70,-2.701,-0.395,0.953,999.00,47.14,0,0
784.80,-2.701,-0.395,0.953,999.00,47.14,0,0
784.90,-2.701,-0.395,0.953,999.00,47.14,0,0
785.00,-2.701,-0.395,0.953,999.00,47.14,0,0
785.10,-2.701,-0.395,0.953,999.00,47.14,0,0
785.20,-2.701,-0.395,0.953,999.00,47.14,0,0
785.30,-2.701,-0.395,0.953,999.00,47.14,0,0
785.40,-2.701,-0.395,0.953,999.00,47.14,0,0
785.50,-2.701,-0.395,0.953,999.00,47.14,0,0
785.60,-2.701,-0.395,0.953,999.00,47.14,0,0
785.70,-2.701,-0.395,0.953,999.00,47.14,0,0
785.80,-2.701,-0.395,0.953,999.00,47.14,0,0
785.90,-2.701,-0.395,0.953,999.00,47.14,0,0
786.00,-2.701,-0.395,0.953,999.00,47.14,0,0
786.10,-2.701,-0.395,0.953,999.00,47.14,0,0
786.20,-2.701,-0.395,0.953,999.00,47.14,0,0
786.30,-2.701,-0.395,0.953,999.00,47.14,0,0
786.40,-2.701,-0.395,0.953,999.00,47.14,0,0
786.50,-2.701,-0.395,0.953,999.00,47.14,0,0
786.60,-2.701,-0.395,0.953,999.00,47.14,0,0
786.70,-2.701,-0.395,0.953,999.00,47.14,0,0
786.80,-2.701,-0.395,0.953,999.00,47.14,0,0
786.90,-2.701,-0.395,0.953,999.00,47.14,0,0
787.00,-2.701,-0.395,0.953,999.00,47.14,0,0
787.10,-2.701,-0.395,0.953,999.00,47.14,0,0
787.20,-2.701,-0.395,0.953,999.00,47.14,0,0
787.30,-2.701,-0.395,0.953,999.00,47.14,0,0
787.40,-2.701,-0.395,0.953,999.00,47.14,0,0
787.50,-2.701,-0.395,0.953,999.00,47.14,0,0
787.60,-2.701,-0.395,0.953,999.00,47.14,0,0
787.70,-2.701,-0.395,0.953,999.00,47.14,0,0
787.80,-2.701,-0.395,0.953,999.00,47.14,0,0
787.90,-2.701,-0.395,0.953,999.00,47.14,0,0
788.00,-2.701,-0.395,0.953,999.00,47.14,0,0
788.10,-2.701,-0.395,0.953,999.00,47.14,0,0
788.20,-2.701,-0.395,0.953,999.00,47.14,0,0
788.30,-2.701,-0.395,0.953,999.00,47.14,0,0
788.40,-2.701,-0.395,0.953,999.00,47.14,0,0
788.50,-2.701,-0.395,0.953,999.00,47.14,0,0
788.60,-2.701,-0.395,0.953,999.00,47.14,0,0
788.70,-2.701,-0.395,0.953,999.00,47.14,0,0
788.80,-2.701,-0.395,0.953,999.00,47.14,0,0
788.90,-2.701,-0.395,0.953,999.00,47.14,0,0
789.00,-2.701,-0.395,0.953,999.00,47.14,0,0
789.10,-2.701,-0.395,0.953,999.00,47.14,0,0
789.20,-2.701,-0.395,0.953,999.00,47.14,0,0
789.30,-2.701,-0.395,0.953,999.00,47.14,0,0
789.40,-2.701,-0.395,0.953,999.00,47.14,0,0
789.50,-2.701,-0.395,0.953,999.00,47.14,0,0
789.60,-2.701,-0.395,0.953,999.00,47.14,0,0
789.70,-2.701,-0.395,0.953,999.00,47.14,0,0
789.80,-2.701,-0.395,0.953,999.00,47.14,0,0
789.90,-2.701,-0.395,0.953,999.00,47.14,0,0
790.00,-2.701,-0.395,0.953,999.00,47.14,0,0
790.10,-2.701,-0.395,0.953,999.00,47.14,0,0
790.20,-2.701,-0.395,0.953,999.00,47.14,0,0
790.30,-2.701,-0.395,0.953,999.00,47.14,0,0
790.40,-2.701,-0.395,0.953,999.00,47.14,0,0
790.50,-2.701,-0.395,0.953,999.00,47.14,0,0
790.61,-2.701,-0.395,0.953,999.00,47.14,0,0
790.70,-2.701,-0.395,0.953,999.00,47.14,0,0
790.80,-2.701,-0.395,0.953,999.00,47.14,0,0
790.90,-2.701,-0.395,0.953,999.00,47.14,0,0
791.00,-2.701,-0.395,0.953,999.00,47.14,0,0
791.10,-2.701,-0.395,0.953,999.00,47.14,0,0
791.20,-2.701,-0.395,0.953,999.00,47.14,0,0
791.30,-2.701,-0.395,0.953,999.00,47.14,0,0
791.40,-2.701,-0.395,0.953,999.00,47.14,0,0
791.50,-2.701,-0.395,0.953,999.00,47.14,0,0
791.60,-2.701,-0.395,0.953,999.00,47.14,0,0
791.70,-2.701,-0.395,0.953,999.00,47.14,0,0
791.80,-2.701,-0.395,0.953,999.00,47.14,0,0
791.90,-2.701,-0.395,0.953,999.00,47.14,0,0
792.00,-2.701,-0.395,0.953,999.00,47.14,0,0
792.10,-2.701,-0.395,0.953,999.00,47.14,0,0
792.20,-2.701,-0.395,0.953,999.00,47.14,0,0
792.30,-2.701,-0.395,0.953,999.00,47.14,0,0
792.40,-2.701,-0.395,0.953,999.00,47.14,0,0
792.50,-2.701,-0.395,0.953,999.00,47.14,0,0
792.60,-2.701,-0.395,0.953,999.00,47.14,0,0
792.70,-2.701,-0.395,0.953,999.00,47.14,0,0
792.80,-2.701,-0.395,0.953,999.00,47.14,0,0
792.90,-2.701,-0.395,0.953,999.00,47.14,0,0
793.00,-2.701,-0.395,0.953,999.00,47.14,0,0
793.10,-2.701,-0.395,0.953,999.00,47.14,0,0
793.20,-2.701,-0.395,0.953,999.00,47.14,0,0
793.30,-2.701,-0.395,0.953,999.00,47.14,0,0
793.40,-2.701,-0.395,0.953,999.00,47.14,0,0
793.50,-2.701,-0.395,0.953,999.00,47.14,0,0
793.60,-2.701,-0.395,0.953,999.00,47.14,0,0
793.70,-2.701,-0.395,0.953,999.00,47.14,0,0
793.80,-2.701,-0.395,0.953,999.00,47.14,0,0
793.90,-2.701,-0.395,0.953,999.00,47.14,0,0
794.00,-2.701,-0.395,0.953,999.00,47.14,0,0
794.10,-2.701,-0.395,0.953,999.00,47.14,0,0
794.20,-2.701,-0.395,0.953,999.00,47.14,0,0
794.30,-2.701,-0.395,0.953,999.00,47.14,0,0
794.40,-2.701,-0.395,0.953,999.00,47.14,0,0
794.50,-2.701,-0.395,0.953,999.00,47.14,0,0
794.60,-2.701,-0.395,0.953,999.00,47.14,0,0
794.70,-2.701,-0.395,0.953,999.00,47.14,0,0
794.80,-2.701,-0.395,0.953,999.00,47.14,0,0
794.90,-2.701,-0.395,0.953,999.00,47.14,0,0
795.00,-2.701,-0.395,0.953,999.00,47.14,0,0
795.10,-2.701,-0.395,0.953,999.00,47.14,0,0
795.20,-2.701,-0.395,0.953,999.00,47.14,0,0
795.30,-2.701,-0.395,0.953,999.00,47.14,0,0
795.40,-2.701,-0.395,0.953,999.00,47.14,0,0
795.50,-2.701,-0.395,0.953,999.00,47.14,0,0
795.60,-2.701,-0.395,0.953,999.00,47.14,0,0
795.70,-2.701,-0.395,0.953,999.00,47.14,0,0
795.80,-2.701,-0.395,0.953,999.00,47.14,0,0
795.91,-2.701,-0.395,0.953,999.00,47.14,0,0
796.00,-2.701,-0.395,0.953,999.00,47.14,0,0
796.10,-2.701,-0.395,0.953,999.00,47.14,0,0
796.20,-2.701,-0.395,0.953,999.00,47.14,0,0
796.30,-2.701,-0.395,0.953,999.00,47.14,0,0
796.40,-2.701,-0.395,0.953,999.00,47.14,0,0
796.50,-2.701,-0.395,0.953,999.00,47.14,0,0
796.60,-2.701,-0.395,0.953,999.00,47.14,0,0
796.70,-2.701,-0.395,0.953,999.00,47.14,0,0
796.80,-2.701,-0.395,0.953,999.00,47.14,0,0
796.90,-2.701,-0.395,0.953,999.00,47.14,0,0
797.00,-2.701,-0.395,0.953,999.00,47.14,0,0
797.10,-2.701,-0.395,0.953,999.00,47.14,0,0
797.21,-2.701,-0.395,0.953,999.00,47.14,0,0
797.30,-2.701,-0.395,0.953,999.00,47.14,0,0
797.40,-2.701,-0.395,0.953,999.00,47.14,0,0
797.50,-2.701,-0.395,0.953,999.00,47.14,0,0
797.60,-2.701,-0.395,0.953,999.00,47.14,0,0
797.70,-2.701,-0.395,0.953,999.00,47.14,0,0
797.80,-2.701,-0.395,0.953,999.00,47.14,0,0
797.90,-2.701,-0.395,0.953,999.00,47.14,0,0
798.00,-2.701,-0.395,0.953,999.00,47.14,0,0
798.10,-2.701,-0.395,0.953,999.00,47.14,0,0
798.21,-2.701,-0.395,0.953,999.00,47.14,0,0
798.30,-2.701,-0.395,0.953,999.00,47.14,0,0
798.40,-2.701,-0.395,0.953,999.00,47.14,0,0
798.50,-2.701,-0.395,0.953,999.00,47.14,0,0
798.60,-2.701,-0.395,0.953,999.00,47.14,0,0
798.70,-2.701,-0.395,0.953,999.00,47.14,0,0
798.80,-2.701,-0.395,0.953,999.00,47.14,0,0
798.90,-2.701,-0.395,0.953,999.00,47.14,0,0
799.00,-2.701,-0.395,0.953,999.00,47.14,0,0
799.10,-2.701,-0.395,0.953,999.00,47.14,0,0
799.20,-2.701,-0.395,0.953,999.00,47.14,0,0
799.30,-2.701,-0.395,0.953,999.00,47.14,0,0
799.40,-2.701,-0.395,0.953,999.00,47.14,0,0
799.50,-2.701,-0.395,0.953,999.00,47.14,0,0
799.60,-2.701,-0.395,0.953,999.00,47.14,0,0
799.70,-2.701,-0.395,0.953,999.00,47.14,0,0
799.80,-2.701,-0.395,0.953,999.00,47.14,0,0
799.90,-2.701,-0.395,0.953,999.00,47.14,0,0
800.00,-2.701,-0.395,0.953,999.00,47.14,0,0
800.10,-2.701,-0.395,0.953,999.00,47.14,0,0
800.20,-2.701,-0.395,0.953,999.00,47.14,0,0
800.30,-2.701,-0.395,0.953,999.00,47.14,0,0
800.40,-2.701,-0.395,0.953,999.00,47.14,0,0
800.50,-2.701,-0.395,0.953,999.00,47.14,0,0
800.60,-2.701,-0.395,0.953,999.00,47.14,0,0
800.70,-2.701,-0.395,0.953,999.00,47.14,0,0
800.80,-2.701,-0.395,0.953,999.00,47.14,0,0
800.90,-2.701,-0.395,0.953,999.00,47.14,0,0
801.00,-2.701,-0.395,0.953,999.00,47.14,0,0
801.10,-2.701,-0.395,0.953,999.00,47.14,0,0
801.20,-2.701,-0.395,0.953,999.00,47.14,0,0
801.30,-2.701,-0.395,0.953,999.00,47.14,0,0
801.40,-2.701,-0.395,0.953,999.00,47.14,0,0
801.50,-2.701,-0.395,0.953,999.00,47.14,0,0
801.60,-2.701,-0.395,0.953,999.00,47.14,0,0
801.70,-2.701,-0.395,0.953,999.00,47.14,0,0
801.80,-2.701,-0.395,0.953,999.00,47.14,0,0
801.90,-2.701,-0.395,0.953,999.00,47.14,0,0
802.00,-2.701,-0.395,0.953,999.00,47.14,0,0
802.10,-2.701,-0.395,0.953,999.00,47.14,0,0
802.20,-2.701,-0.395,0.953,999.00,47.14,0,0
802.30,-2.701,-0.395,0.953,999.00,47.14,0,0
802.40,-2.701,-0.395,0.953,999.00,47.14,0,0
802.50,-2.701,-0.395,0.953,999.00,47.14,0,0
802.60,-2.701,-0.395,0.953,999.00,47.14,0,0
802.70,-2.701,-0.395,0.953,999.00,47.14,0,0
802.80,-2.701,-0.395,0.953,999.00,47.14,0,0
802.90,-2.701,-0.395,0.953,999.00,47.14,0,0
803.00,-2.701,-0.395,0.953,999.00,47.14,0,0
803.10,-2.701,-0.395,0.953,999.00,47.14,0,0
803.20,-2.701,-0.395,0.953,999.00,47.14,0,0
803.30,-2.701,-0.395,0.953,999.00,47.14,0,0
803.40,-2.701,-0.395,0.953,999.00,47.14,0,0
803.50,-2.701,-0.395,0.953,999.00,47.14,0,0
803.60,-2.701,-0.395,0.953,999.00,47.14,0,0
803.70,-2.701,-0.395,0.953,999.00,47.14,0,0
803.80,-2.701,-0.395,0.953,999.00,47.14,0,0
803.90,-2.701,-0.395,0.953,999.00,47.14,0,0
804.00,-2.701,-0.395,0.953,999.00,47.14,0,0
804.10,-2.701,-0.395,0.953,999.00,47.14,0,0
804.20,-2.701,-0.395,0.953,999.00,47.14,0,0
804.30,-2.701,-0.395,0.953,999.00,47.14,0,0
804.40,-2.701,-0.395,0.953,999.00,47.14,0,0
804.50,-2.701,-0.395,0.953,999.00,47.14,0,0
804.60,-2.701,-0.395,0.953,999.00,47.14,0,0
804.70,-2.701,-0.395,0.953,999.00,47.14,0,0
804.80,-2.701,-0.395,0.953,999.00,47.14,0,0
804.90,-2.701,-0.395,0.953,999.00,47.14,0,0
805.00,-2.701,-0.395,0.953,999.00,47.14,0,0
805.10,-2.701,-0.395,0.953,999.00,47.14,0,0
805.20,-2.701,-0.395,0.953,999.00,47.14,0,0
805.30,-2.701,-0.395,0.953,999.00,47.14,0,0
805.40,-2.701,-0.395,0.953,999.00,47.14,0,0
805.50,-2.701,-0.395,0.953,999.00,47.14,0,0
805.60,-2.701,-0.395,0.953,999.00,47.14,0,0
805.70,-2.701,-0.395,0.953,999.00,47.14,0,0
805.80,-2.701,-0.395,0.953,999.00,47.14,0,0
805.90,-2.701,-0.395,0.953,999.00,47.14,0,0
806.00,-2.701,-0.395,0.953,999.00,47.14,0,0
806.10,-2.701,-0.395,0.953,999.00,47.14,0,0
806.20,-2.701,-0.395,0.953,999.00,47.14,0,0
806.30,-2.701,-0.395,0.953,999.00,47.14,0,0
806.40,-2.701,-0.395,0.953,999.00,47.14,0,0
806.50,-2.701,-0.395,0.953,999.00,47.14,0,0
806.60,-2.701,-0.395,0.953,999.00,47.14,0,0
806.71,-2.701,-0.395,0.953,999.00,47.14,0,0
806.80,-2.701,-0.395,0.953,999.00,47.14,0,0
806.90,-2.701,-0.395,0.953,999.00,47.14,0,0
807.00,-2.701,-0.395,0.953,999.00,47.14,0,0
807.10,-2.701,-0.395,0.953,999.00,47.14,0,0
807.20,-2.701,-0.395,0.953,999.00,47.14,0,0
807.30,-2.701,-0.395,0.953,999.00,47.14,0,0
807.40,-2.701,-0.395,0.953,999.00,47.14,0,0
807.50,-2.701,-0.395,0.953,999.00,47.14,0,0
807.60,-2.701,-0.395,0.953,999.00,47.14,0,0
807.70,-2.701,-0.395,0.953,999.00,47.14,0,0
807.80,-2.701,-0.395,0.953,999.00,47.14,0,0
807.90,-2.701,-0.395,0.953,999.00,47.14,0,0
808.00,-2.701,-0.395,0.953,999.00,47.14,0,0
808.10,-2.701,-0.395,0.953,999.00,47.14,0,0
808.20,-2.701,-0.395,0.953,999.00,47.14,0,0
808.30,-2.701,-0.395,0.953,999.00,47.14,0,0
808.40,-2.701,-0.395,0.953,999.00,47.14,0,0
808.50,-2.701,-0.395,0.953,999.00,47.14,0,0
808.60,-2.701,-0.395,0.953,999.00,47.14,0,0
808.70,-2.701,-0.395,0.953,999.00,47.14,0,0
808.80,-2.701,-0.395,0.953,999.00,47.14,0,0
808.90,-2.701,-0.395,0.953,999.00,47.14,0,0
809.00,-2.701,-0.395,0.953,999.00,47.14,0,0
809.10,-2.701,-0.395,0.953,999.00,47.14,0,0
809.20,-2.701,-0.395,0.953,999.00,47.14,0,0
809.30,-2.701,-0.395,0.953,999.00,47.14,0,0
809.40,-2.701,-0.395,0.953,999.00,47.14,0,0
809.50,-2.701,-0.395,0.953,999.00,47.14,0,0
809.60,-2.701,-0.395,0.953,999.00,47.14,0,0
809.70,-2.701,-0.395,0.953,999.00,47.14,0,0
809.80,-2.701,-0.395,0.953,999.00,47.14,0,0
809.90,-2.701,-0.395,0.953,999.00,47.14,0,0
810.00,-2.701,-0.395,0.953,999.00,47.14,0,0
810.10,-2.701,-0.395,0.953,999.00,47.14,0,0
810.20,-2.701,-0.395,0.953,999.00,47.14,0,0
810.30,-2.701,-0.395,0.953,999.00,47.14,0,0
810.40,-2.701,-0.395,0.953,999.00,47.14,0,0
810.50,-2.701,-0.395,0.953,999.00,47.14,0,0
810.60,-2.701,-0.395,0.953,999.00,47.14,0,0
810.70,-2.701,-0.395,0.953,999.00,47.14,0,0
810.80,-2.701,-0.395,0.953,999.00,47.14,0,0
810.90,-2.701,-0.395,0.953,999.00,47.14,0,0
811.00,-2.701,-0.395,0.953,999.00,47.14,0,0
811.10,-2.701,-0.395,0.953,999.00,47.14,0,0
811.20,-2.701,-0.395,0.953,999.00,47.14,0,0
811.30,-2.701,-0.395,0.953,999.00,47.14,0,0
811.40,-2.701,-0.395,0.953,999.00,47.14,0,0
811.50,-2.701,-0.395,0.953,999.00,47.14,0,0
811.60,-2.701,-0.395,0.953,999.00,47.14,0,0
811.70,-2.701,-0.395,0.953,999.00,47.14,0,0
811.80,-2.701,-0.395,0.953,999.00,47.14,0,0
811.90,-2.701,-0.395,0.953,999.00,47.14,0,0
812.00,-2.701,-0.395,0.953,999.00,47.14,0,0
812.10,-2.701,-0.395,0.953,999.00,47.14,0,0
812.20,-2.701,-0.395,0.953,999.00,47.14,0,0
812.30,-2.701,-0.395,0.953,999.00,47.14,0,0
812.40,-2.701,-0.395,0.953,999.00,47.14,0,0
812.50,-2.701,-0.395,0.953,999.00,47.14,0,0
812.60,-2.701,-0.395,0.953,999.00,47.14,0,0
812.71,-2.701,-0.395,0.953,999.00,47.14,0,0
812.80,-2.701,-0.395,0.953,999.00,47.14,0,0
812.90,-2.701,-0.395,0.953,999.00,47.14,0,0
813.00,-2.701,-0.395,0.953,999.00,47.14,0,0
813.10,-2.701,-0.395,0.953,999.00,47.14,0,0
813.20,-2.701,-0.395,0.953,999.00,47.14,0,0
813.30,-2.701,-0.395,0.953,999.00,47.14,0,0
813.40,-2.701,-0.395,0.953,999.00,47.14,0,0
813.50,-2.701,-0.395,0.953,999.00,47.14,0,0
813.60,-2.701,-0.395,0.953,999.00,47.14,0,0
813.70,-2.701,-0.395,0.953,999.00,47.14,0,0
813.80,-2.701,-0.395,0.953,999.00,47.14,0,0
813.90,-2.701,-0.395,0.953,999.00,47.14,0,0
814.00,-2.701,-0.395,0.953,999.00,47.14,0,0
814.10,-2.701,-0.395,0.953,999.00,47.14,0,0
814.20,-2.701,-0.395,0.953,999.00,47.14,0,0
814.30,-2.701,-0.395,0.953,999.00,47.14,0,0
814.40,-2.701,-0.395,0.953,999.00,47.14,0,0
814.50,-2.701,-0.395,0.953,999.00,47.14,0,0
814.60,-2.701,-0.395,0.953,999.00,47.14,0,0
814.70,-2.701,-0.395,0.953,999.00,47.14,0,0
814.80,-2.701,-0.395,0.953,999.00,47.14,0,0
814.90,-2.701,-0.395,0.953,999.00,47.14,0,0
815.00,-2.701,-0.395,0.953,999.00,47.14,0,0
815.10,-2.701,-0.395,0.953,999.00,47.14,0,0
815.20,-2.701,-0.395,0.953,999.00,47.14,0,0
815.30,-2.701,-0.395,0.953,999.00,47.14,0,0
815.40,-2.701,-0.395,0.953,999.00,47.14,0,0
815.50,-2.701,-0.395,0.953,999.00,47.14,0,0
815.60,-2.701,-0.395,0.953,999.00,47.14,0,0
815.70,-2.701,-0.395,0.953,999.00,47.14,0,0
815.80,-2.701,-0.395,0.953,999.00,47.14,0,0
815.90,-2.701,-0.395,0.953,999.00,47.14,0,0
816.00,-2.701,-0.395,0.953,999.00,47.14,0,0
816.11,-2.701,-0.395,0.953,999.00,47.14,0,0
816.20,-2.701,-0.395,0.953,999.00,47.14,0,0
816.30,-2.701,-0.395,0.953,999.00,47.14,0,0
816.40,-2.701,-0.395,0.953,999.00,47.14,0,0
816.50,-2.701,-0.395,0.953,999.00,47.14,0,0
816.60,-2.701,-0.395,0.953,999.00,47.14,0,0
816.70,-2.701,-0.395,0.953,999.00,47.14,0,0
816.80,-2.701,-0.395,0.953,999.00,47.14,0,0
816.90,-2.701,-0.395,0.953,999.00,47.14,0,0
817.00,-2.701,-0.395,0.953,999.00,47.14,0,0
817.10,-2.701,-0.395,0.953,999.00,47.14,0,0
817.20,-2.701,-0.395,0.953,999.00,47.14,0,0
817.30,-2.701,-0.395,0.953,999.00,47.14,0,0
817.40,-2.701,-0.395,0.953,999.00,47.14,0,0
817.50,-2.701,-0.395,0.953,999.00,47.14,0,0
817.60,-2.701,-0.395,0.953,999.00,47.14,0,0
817.70,-2.701,-0.395,0.953,999.00,47.14,0,0
817.80,-2.701,-0.395,0.953,999.00,47.14,0,0
817.90,-2.701,-0.395,0.953,999.00,47.14,0,0
818.00,-2.701,-0.395,0.953,999.00,47.14,0,0
818.10,-2.701,-0.395,0.953,999.00,47.14,0,0
818.20,-2.701,-0.395,0.953,999.00,47.14,0,0
818.30,-2.701,-0.395,0.953,999.00,47.14,0,0
818.40,-2.701,-0.395,0.953,999.00,47.14,0,0
818.50,-2.701,-0.395,0.953,999.00,47.14,0,0
818.60,-2.701,-0.395,0.953,999.00,47.14,0,0
818.70,-2.701,-0.395,0.953,999.00,47.14,0,0
818.80,-2.701,-0.395,0.953,999.00,47.14,0,0
818.90,-2.701,-0.395,0.953,999.00,47.14,0,0
819.00,-2.701,-0.395,0.953,999.00,47.14,0,0
819.10,-2.701,-0.395,0.953,999.00,47.14,0,0
819.20,-2.701,-0.395,0.953,999.00,47.14,0,0
819.30,-2.701,-0.395,0.953,999.00,47.14,0,0
819.40,-2.701,-0.395,0.953,999.00,47.14,0,0
819.50,-2.701,-0.395,0.953,999.00,47.14,0,0
819.60,-2.701,-0.395,0.953,999.00,47.14,0,0
819.70,-2.701,-0.395,0.953,999.00,47.14,0,0
819.80,-2.701,-0.395,0.953,999.00,47.14,0,0
819.90,-2.701,-0.395,0.953,999.00,47.14,0,0
820.00,-2.701,-0.395,0.953,999.00,47.14,0,0
820.10,-2.701,-0.395,0.953,999.00,47.14,0,0
820.20,-2.701,-0.395,0.953,999.00,47.14,0,0
820.30,-2.701,-0.395,0.953,999.00,47.14,0,0
820.40,-2.701,-0.395,0.953,999.00,47.14,0,0
820.50,-2.701,-0.395,0.953,999.00,47.14,0,0
820.60,-2.701,-0.395,0.953,999.00,47.14,0,0
820.70,-2.701,-0.395,0.953,999.00,47.14,0,0
820.80,-2.701,-0.395,0.953,999.00,47.14,0,0
820.90,-2.701,-0.395,0.953,999.00,47.14,0,0
821.00,-2.701,-0.395,0.953,999.00,47.14,0,0
821.10,-2.701,-0.395,0.953,999.00,47.14,0,0
821.20,-2.701,-0.395,0.953,999.00,47.14,0,0
821.30,-2.701,-0.395,0.953,999.00,47.14,0,0
821.40,-2.701,-0.395,0.953,999.00,47.14,0,0
821.50,-2.701,-0.395,0.953,999.00,47.14,0,0
821.60,-2.701,-0.395,0.953,999.00,47.14,0,0
821.70,-2.701,-0.395,0.953,999.00,47.14,0,0
821.80,-2.701,-0.395,0.953,999.00,47.14,0,0
821.90,-2.701,-0.395,0.953,999.00,47.14,0,0
822.00,-2.701,-0.395,0.953,999.00,47.14,0,0
822.10,-2.701,-0.395,0.953,999.00,47.14,0,0
822.20,-2.701,-0.395,0.953,999.00,47.14,0,0
822.30,-2.701,-0.395,0.953,999.00,47.14,0,0
822.40,-2.701,-0.395,0.953,999.00,47.14,0,0
822.50,-2.701,-0.395,0.953,999.00,47.14,0,0
822.60,-2.701,-0.395,0.953,999.00,47.14,0,0
822.70,-2.701,-0.395,0.953,999.00,47.14,0,0
822.80,-2.701,-0.395,0.953,999.00,47.14,0,0
822.90,-2.701,-0.395,0.953,999.00,47.14,0,0
823.00,-2.701,-0.395,0.953,999.00,47.14,0,0
823.10,-2.701,-0.395,0.953,999.00,47.14,0,0
823.20,-2.701,-0.395,0.953,999.00,47.14,0,0
823.30,-2.701,-0.395,0.953,999.00,47.14,0,0
823.40,-2.701,-0.395,0.953,999.00,47.14,0,0
823.50,-2.701,-0.395,0.953,999.00,47.14,0,0
823.60,-2.701,-0.395,0.953,999.00,47.14,0,0
823.70,-2.701,-0.395,0.953,999.00,47.14,0,0
823.80,-2.701,-0.395,0.953,999.00,47.14,0,0
823.90,-2.701,-0.395,0.953,999.00,47.14,0,0
824.00,-2.701,-0.395,0.953,999.00,47.14,0,0
824.10,-2.701,-0.395,0.953,999.00,47.14,0,0
824.20,-2.701,-0.395,0.953,999.00,47.14,0,0
824.30,-2.701,-0.395,0.953,999.00,47.14,0,0
824.40,-2.701,-0.395,0.953,999.00,47.14,0,0
824.50,-2.701,-0.395,0.953,999.00,47.14,0,0
824.60,-2.701,-0.395,0.953,999.00,47.14,0,0
824.70,-2.701,-0.395,0.953,999.00,47.14,0,0
824.80,-2.701,-0.395,0.953,999.00,47.14,0,0
824.90,-2.701,-0.395,0.953,999.00,47.14,0,0
825.00,-2.701,-0.395,0.953,999.00,47.14,0,0
825.10,-2.701,-0.395,0.953,999.00,47.14,0,0
825.20,-2.701,-0.395,0.953,999.00,47.14,0,0
825.30,-2.701,-0.395,0.953,999.00,47.14,0,0
825.40,-2.701,-0.395,0.953,999.00,47.14,0,0
825.50,-2.701,-0.395,0.953,999.00,47.14,0,0
825.60,-2.701,-0.395,0.953,999.00,47.14,0,0
825.70,-2.701,-0.395,0.953,999.00,47.14,0,0
825.80,-2.701,-0.395,0.953,999.00,47.14,0,0
825.90,-2.701,-0.395,0.953,999.00,47.14,0,0
826.00,-2.701,-0.395,0.953,999.00,47.14,0,0
826.10,-2.701,-0.395,0.953,999.00,47.14,0,0
826.20,-2.701,-0.395,0.953,999.00,47.14,0,0
826.30,-2.701,-0.395,0.953,999.00,47.14,0,0
826.40,-2.701,-0.395,0.953,999.00,47.14,0,0
826.50,-2.701,-0.395,0.953,999.00,47.14,0,0
826.60,-2.701,-0.395,0.953,999.00,47.14,0,0
826.70,-2.701,-0.395,0.953,999.00,47.14,0,0
826.80,-2.701,-0.395,0.953,999.00,47.14,0,0
826.90,-2.701,-0.395,0.953,999.00,47.14,0,0
827.00,-2.701,-0.395,0.953,999.00,47.14,0,0
827.10,-2.701,-0.395,0.953,999.00,47.14,0,0
827.20,-2.701,-0.395,0.953,999.00,47.14,0,0
827.30,-2.701,-0.395,0.953,999.00,47.14,0,0
827.40,-2.701,-0.395,0.953,999.00,47.14,0,0
827.50,-2.701,-0.395,0.953,999.00,47.14,0,0
827.60,-2.701,-0.395,0.953,999.00,47.14,0,0
827.70,-2.701,-0.395,0.953,999.00,47.14,0,0
827.80,-2.701,-0.395,0.953,999.00,47.14,0,0
827.90,-2.701,-0.395,0.953,999.00,47.14,0,0
828.00,-2.701,-0.395,0.953,999.00,47.14,0,0
828.10,-2.701,-0.395,0.953,999.00,47.14,0,0
828.20,-2.701,-0.395,0.953,999.00,47.14,0,0
828.30,-2.701,-0.395,0.953,999.00,47.14,0,0
828.40,-2.701,-0.395,0.953,999.00,47.14,0,0
828.50,-2.701,-0.395,0.953,999.00,47.14,0,0
828.60,-2.701,-0.395,0.953,999.00,47.14,0,0
828.70,-2.701,-0.395,0.953,999.00,47.14,0,0
828.80,-2.701,-0.395,0.953,999.00,47.14,0,0
828.90,-2.701,-0.395,0.953,999.00,47.14,0,0
829.00,-2.701,-0.395,0.953,999.00,47.14,0,0
829.10,-2.701,-0.395,0.953,999.00,47.14,0,0
829.20,-2.701,-0.395,0.953,999.00,47.14,0,0
829.30,-2.701,-0.395,0.953,999.00,47.14,0,0
829.40,-2.701,-0.395,0.953,999.00,47.14,0,0
829.50,-2.701,-0.395,0.953,999.00,47.14,0,0
829.60,-2.701,-0.395,0.953,999.00,47.14,0,0
829.70,-2.701,-0.395,0.953,999.00,47.14,0,0
829.80,-2.701,-0.395,0.953,999.00,47.14,0,0
829.90,-2.701,-0.395,0.953,999.00,47.14,0,0
830.00,-2.701,-0.395,0.953,999.00,47.14,0,0
830.10,-2.701,-0.395,0.953,999.00,47.14,0,0
830.20,-2.701,-0.395,0.953,999.00,47.14,0,0
830.30,-2.701,-0.395,0.953,999.00,47.14,0,0
830.40,-2.701,-0.395,0.953,999.00,47.14,0,0
830.50,-2.701,-0.395,0.953,999.00,47.14,0,0
830.60,-2.701,-0.395,0.953,999.00,47.14,0,0
830.70,-2.701,-0.395,0.953,999.00,47.14,0,0
830.80,-2.701,-0.395,0.953,999.00,47.14,0,0
830.90,-2.701,-0.395,0.953,999.00,47.14,0,0
831.00,-2.701,-0.395,0.953,999.00,47.14,0,0
831.10,-2.701,-0.395,0.953,999.00,47.14,0,0
831.20,-2.701,-0.395,0.953,999.00,47.14,0,0
831.30,-2.701,-0.395,0.953,999.00,47.14,0,0
831.40,-2.701,-0.395,0.953,999.00,47.14,0,0
831.50,-2.701,-0.395,0.953,999.00,47.14,0,0
831.60,-2.701,-0.395,0.953,999.00,47.14,0,0
831.70,-2.701,-0.395,0.953,999.00,47.14,0,0
831.80,-2.701,-0.395,0.953,999.00,47.14,0,0
831.90,-2.701,-0.395,0.953,999.00,47.14,0,0
832.00,-2.701,-0.395,0.953,999.00,47.14,0,0
832.10,-2.701,-0.395,0.953,999.00,47.14,0,0
832.20,-2.701,-0.395,0.953,999.00,47.14,0,0
832.30,-2.701,-0.395,0.953,999.00,47.14,0,0
832.40,-2.701,-0.395,0.953,999.00,47.14,0,0
832.50,-2.701,-0.395,0.953,999.00,47.14,0,0
832.60,-2.701,-0.395,0.953,999.00,47.14,0,0
832.70,-2.701,-0.395,0.953,999.00,47.14,0,0
832.80,-2.701,-0.395,0.953,999.00,47.14,0,0
832.90,-2.701,-0.395,0.953,999.00,47.14,0,0
833.00,-2.701,-0.395,0.953,999.00,47.14,0,0
833.10,-2.701,-0.395,0.953,999.00,47.14,0,0
833.20,-2.701,-0.395,0.953,999.00,47.14,0,0
833.30,-2.701,-0.395,0.953,999.00,47.14,0,0
833.40,-2.701,-0.395,0.953,999.00,47.14,0,0
833.50,-2.701,-0.395,0.953,999.00,47.14,0,0
833.60,-2.701,-0.395,0.953,999.00,47.14,0,0
833.70,-2.701,-0.395,0.953,999.00,47.14,0,0
833.80,-2.701,-0.395,0.953,999.00,47.14,0,0
833.90,-2.701,-0.395,0.953,999.00,47.14,0,0
834.00,-2.701,-0.395,0.953,999.00,47.14,0,0
834.10,-2.701,-0.395,0.953,999.00,47.14,0,0
834.20,-2.701,-0.395,0.953,999.00,47.14,0,0
834.30,-2.701,-0.395,0.953,999.00,47.14,0,0
834.40,-2.701,-0.395,0.953,999.00,47.14,0,0
834.50,-2.701,-0.395,0.953,999.00,47.14,0,0
834.60,-2.701,-0.395,0.953,999.00,47.14,0,0
834.70,-2.701,-0.395,0.953,999.00,47.14,0,0
834.80,-2.701,-0.395,0.953,999.00,47.14,0,0
834.90,-2.701,-0.395,0.953,999.00,47.14,0,0
835.00,-2.701,-0.395,0.953,999.00,47.14,0,0
835.10,-2.701,-0.395,0.953,999.00,47.14,0,0
835.20,-2.701,-0.395,0.953,999.00,47.14,0,0
835.30,-2.701,-0.395,0.953,999.00,47.14,0,0
835.40,-2.701,-0.395,0.953,999.00,47.14,0,0
835.50,-2.701,-0.395,0.953,999.00,47.14,0,0
835.60,-2.701,-0.395,0.953,999.00,47.14,0,0
835.70,-2.701,-0.395,0.953,999.00,47.14,0,0
835.80,-2.701,-0.395,0.953,999.00,47.14,0,0
835.90,-2.701,-0.395,0.953,999.00,47.14,0,0
836.00,-2.701,-0.395,0.953,999.00,47.14,0,0
836.10,-2.701,-0.395,0.953,999.00,47.14,0,0
836.20,-2.701,-0.395,0.953,999.00,47.14,0,0
836.30,-2.701,-0.395,0.953,999.00,47.14,0,0
836.40,-2.701,-0.395,0.953,999.00,47.14,0,0
836.50,-2.701,-0.395,0.953,999.00,47.14,0,0
836.60,-2.701,-0.395,0.953,999.00,47.14,0,0
836.70,-2.701,-0.395,0.953,999.00,47.14,0,0
836.80,-2.701,-0.395,0.953,999.00,47.14,0,0
836.90,-2.701,-0.395,0.953,999.00,47.14,0,0
837.00,-2.701,-0.395,0.953,999.00,47.14,0,0
837.10,-2.701,-0.395,0.953,999.00,47.14,0,0
837.20,-2.701,-0.395,0.953,999.00,47.14,0,0
837.30,-2.701,-0.395,0.953,999.00,47.14,0,0
837.40,-2.701,-0.395,0.953,999.00,47.14,0,0
837.50,-2.701,-0.395,0.953,999.00,47.14,0,0
837.60,-2.701,-0.395,0.953,999.00,47.14,0,0
837.70,-2.701,-0.395,0.953,999.00,47.14,0,0
837.80,-2.701,-0.395,0.953,999.00,47.14,0,0
837.90,-2.701,-0.395,0.953,999.00,47.14,0,0
838.00,-2.701,-0.395,0.953,999.00,47.14,0,0
838.10,-2.701,-0.395,0.953,999.00,47.14,0,0
838.20,-2.701,-0.395,0.953,999.00,47.14,0,0
838.30,-2.701,-0.395,0.953,999.00,47.14,0,0
838.40,-2.701,-0.395,0.953,999.00,47.14,0,0
838.50,-2.701,-0.395,0.953,999.00,47.14,0,0
838.60,-2.701,-0.395,0.953,999.00,47.14,0,0
838.70,-2.701,-0.395,0.953,999.00,47.14,0,0
838.80,-2.701,-0.395,0.953,999.00,47.14,0,0
838.90,-2.701,-0.395,0.953,999.00,47.14,0,0
839.00,-2.701,-0.395,0.953,999.00,47.14,0,0
839.10,-2.701,-0.395,0.953,999.00,47.14,0,0
839.20,-2.701,-0.395,0.953,999.00,47.14,0,0
839.30,-2.701,-0.395,0.953,999.00,47.14,0,0
839.40,-2.701,-0.395,0.953,999.00,47.14,0,0
839.50,-2.701,-0.395,0.953,999.00,47.14,0,0
839.60,-2.701,-0.395,0.953,999.00,47.14,0,0
839.70,-2.701,-0.395,0.953,999.00,47.14,0,0
839.80,-2.701,-0.395,0.953,999.00,47.14,0,0
839.90,-2.701,-0.395,0.953,999.00,47.14,0,0
840.00,-2.701,-0.395,0.953,999.00,47.14,0,0
840.10,-2.701,-0.395,0.953,999.00,47.14,0,0
840.20,-2.701,-0.395,0.953,999.00,47.14,0,0
840.30,-2.701,-0.395,0.953,999.00,47.14,0,0
840.40,-2.701,-0.395,0.953,999.00,47.14,0,0
840.50,-2.701,-0.395,0.953,999.00,47.14,0,0
840.60,-2.701,-0.395,0.953,999.00,47.14,0,0
840.70,-2.701,-0.395,0.953,999.00,47.14,0,0
840.80,-2.701,-0.395,0.953,999.00,47.14,0,0
840.90,-2.701,-0.395,0.953,999.00,47.14,0,0
841.00,-2.701,-0.395,0.953,999.00,47.14,0,0
841.10,-2.701,-0.395,0.953,999.00,47.14,0,0
841.20,-2.701,-0.395,0.953,999.00,47.14,0,0
841.30,-2.701,-0.395,0.953,999.00,47.14,0,0
841.40,-2.701,-0.395,0.953,999.00,47.14,0,0
841.50,-2.701,-0.395,0.953,999.00,47.14,0,0
841.60,-2.701,-0.395,0.953,999.00,47.14,0,0
841.70,-2.701,-0.395,0.953,999.00,47.14,0,0
841.80,-2.701,-0.395,0.953,999.00,47.14,0,0
841.90,-2.701,-0.395,0.953,999.00,47.14,0,0
842.00,-2.701,-0.395,0.953,999.00,47.14,0,0
842.10,-2.701,-0.395,0.953,999.00,47.14,0,0
842.20,-2.701,-0.395,0.953,999.00,47.14,0,0
842.30,-2.701,-0.395,0.953,999.00,47.14,0,0
842.40,-2.701,-0.395,0.953,999.00,47.14,0,0
842.50,-2.701,-0.395,0.953,999.00,47.14,0,0
842.60,-2.701,-0.395,0.953,999.00,47.14,0,0
842.71,-2.701,-0.395,0.953,999.00,47.14,0,0
842.80,-2.701,-0.395,0.953,999.00,47.14,0,0
842.90,-2.701,-0.395,0.953,999.00,47.14,0,0
843.00,-2.701,-0.395,0.953,999.00,47.14,0,0
843.10,-2.701,-0.395,0.953,999.00,47.14,0,0
843.21,-2.701,-0.395,0.953,999.00,47.14,0,0
843.30,-2.701,-0.395,0.953,999.00,47.14,0,0
843.40,-2.701,-0.395,0.953,999.00,47.14,0,0
843.50,-2.701,-0.395,0.953,999.00,47.14,0,0
843.60,-2.701,-0.395,0.953,999.00,47.14,0,0
843.70,-2.701,-0.395,0.953,999.00,47.14,0,0
843.80,-2.701,-0.395,0.953,999.00,47.14,0,0
843.90,-2.701,-0.395,0.953,999.00,47.14,0,0
844.00,-2.701,-0.395,0.953,999.00,47.14,0,0
844.10,-2.701,-0.395,0.953,999.00,47.14,0,0
844.20,-2.701,-0.395,0.953,999.00,47.14,0,0
844.30,-2.701,-0.395,0.953,999.00,47.14,0,0
844.40,-2.701,-0.395,0.953,999.00,47.14,0,0
