time,uav_x,uav_y,uav_z,dist_min,path_length,infeasible_flag,collision_flag
0.08,-0.000,-0.000,0.020,1.89,0.01,0,0
0.18,-0.000,-0.000,0.020,1.91,0.01,0,0
0.30,-0.001,-0.001,0.023,1.94,0.01,0,0
0.40,-0.002,-0.004,0.041,1.96,0.03,0,0
0.50,-0.005,-0.011,0.084,1.99,0.07,0,0
0.60,-0.008,-0.018,0.127,2.01,0.12,0,0
0.70,-0.011,-0.026,0.180,2.04,0.17,0,0
0.80,-0.013,-0.034,0.238,2.08,0.23,0,0
0.90,-0.016,-0.042,0.313,2.11,0.31,0,0
1.00,-0.017,-0.046,0.365,2.16,0.36,0,0
1.10,-0.018,-0.049,0.427,2.21,0.42,0,0
1.20,-0.018,-0.049,0.520,2.26,0.51,0,0
1.31,-0.017,-0.047,0.576,2.32,0.57,0,0
1.41,-0.016,-0.043,0.627,2.38,0.62,0,0
1.51,-0.015,-0.039,0.672,2.44,0.67,0,0
1.61,-0.013,-0.035,0.711,2.50,0.70,0,0
1.71,-0.011,-0.029,0.766,2.57,0.76,0,0
1.81,-0.010,-0.025,0.797,2.63,0.79,0,0
1.91,-0.008,-0.021,0.832,2.70,0.83,0,0
2.01,-0.007,-0.018,0.855,2.76,0.85,0,0
2.11,-0.006,-0.015,0.874,2.82,0.87,0,0
2.20,-0.006,-0.013,0.893,2.88,0.89,0,0
2.31,-0.004,-0.009,0.918,2.95,0.91,0,0
2.41,-0.003,-0.007,0.931,3.01,0.93,0,0
2.51,-0.003,-0.005,0.942,3.07,0.94,0,0
2.60,-0.001,-0.002,0.955,3.13,0.95,0,0
2.71,-0.001,-0.000,0.963,3.19,0.96,0,0
2.81,0.000,0.001,0.971,3.25,0.97,0,0
2.91,0.001,0.003,0.976,3.31,0.97,0,0
3.01,0.001,0.004,0.980,3.37,0.98,0,0
3.11,0.002,0.005,0.987,3.43,0.98,0,0
3.21,0.002,0.005,0.989,3.49,0.99,0,0
3.31,0.002,0.006,0.991,3.54,0.99,0,0
3.43,0.002,0.006,0.994,3.60,0.99,0,0
3.51,0.002,0.006,0.996,3.66,0.99,0,0
3.61,0.002,0.006,0.997,3.71,0.99,0,0
3.71,0.002,0.005,0.998,3.76,1.00,0,0
3.81,0.002,0.005,0.999,3.81,1.00,0,0
3.91,0.002,0.005,1.000,3.87,1.00,0,0
4.00,0.002,0.004,1.000,3.92,1.00,0,0
4.11,0.001,0.004,1.000,3.97,1.00,0,0
4.21,0.001,0.003,1.001,4.01,1.00,0,0
4.31,0.001,0.003,1.001,4.06,1.00,0,0
4.41,0.001,0.002,1.001,4.10,1.00,0,0
4.50,0.001,0.002,1.001,4.14,1.00,0,0
4.61,0.001,0.001,1.001,4.19,1.00,0,0
4.71,0.000,0.001,1.001,4.22,1.00,0,0
4.81,0.000,0.001,1.001,4.26,1.00,0,0
4.91,0.000,0.000,1.001,4.30,1.00,0,0
5.00,0.000,-0.000,1.001,4.33,1.00,0,0
5.10,-0.000,-0.000,1.001,4.36,1.00,0,0
5.21,-0.000,-0.000,1.001,4.39,1.00,0,0
5.29,-0.000,-0.001,1.000,4.41,1.00,0,0
5.38,-0.000,-0.001,1.000,4.43,1.00,0,0
5.48,-0.000,-0.001,1.000,4.84,1.00,0,0
5.58,-0.000,-0.001,1.000,4.83,1.00,0,0
5.68,-0.000,-0.001,1.000,4.80,1.00,0,0
5.79,-0.000,-0.001,1.000,4.78,1.00,0,0
5.89,-0.000,-0.001,1.000,4.75,1.00,0,0
5.98,-0.000,-0.001,1.000,4.72,1.00,0,0
6.08,-0.000,-0.001,1.000,4.69,1.00,0,0
6.18,-0.000,-0.001,1.000,4.66,1.00,0,0
6.29,-0.000,-0.001,1.000,4.63,1.00,0,0
6.39,-0.000,-0.001,1.000,4.59,1.00,0,0
6.49,-0.000,-0.001,1.000,4.55,1.00,0,0
6.58,-0.000,-0.001,1.000,4.52,1.00,0,0
6.68,-0.000,-0.001,1.000,4.49,1.00,0,0
6.79,-0.000,-0.001,1.000,4.45,1.00,0,0
6.89,-0.000,-0.001,1.000,4.41,1.00,0,0
6.99,-0.000,-0.000,1.000,4.38,1.00,0,0
7.08,-0.000,-0.000,1.000,4.35,1.00,0,0
7.18,-0.000,-0.000,1.000,4.32,1.00,0,0
7.29,-0.000,-0.000,1.000,4.28,1.00,0,0
7.38,-0.000,-0.000,1.000,4.25,1.00,0,0
7.48,-0.000,-0.000,1.000,4.20,1.00,0,0
7.58,-0.000,-0.000,1.000,4.14,1.00,0,0
7.68,-0.000,-0.000,1.000,4.09,1.00,0,0
7.79,-0.000,-0.000,1.000,4.03,1.00,0,0
7.88,-0.000,-0.000,1.000,3.97,1.00,0,0
7.99,-0.000,-0.000,1.000,3.91,1.00,0,0
8.09,-0.000,-0.000,1.000,3.85,1.00,0,0
8.19,-0.000,-0.000,1.000,3.78,1.00,0,0
8.29,-0.000,-0.000,1.000,3.72,1.00,0,0
8.39,-0.000,-0.000,1.000,3.66,1.00,0,0
8.49,-0.000,-0.000,1.000,3.59,1.00,0,0
8.58,-0.000,-0.000,1.000,3.52,1.00,0,0
8.69,-0.000,-0.000,1.000,3.44,1.00,0,0
8.79,-0.000,-0.000,1.000,3.37,1.00,0,0
8.88,-0.000,-0.000,1.000,3.29,1.00,0,0
8.99,-0.000,-0.000,1.000,3.21,1.00,0,0
9.08,-0.000,-0.000,1.000,3.13,1.00,0,0
9.19,-0.000,-0.000,1.000,3.06,1.00,0,0
9.29,-0.000,-0.000,1.000,2.99,1.00,0,0
9.38,-0.000,-0.000,1.000,2.92,1.00,0,0
9.48,-0.000,-0.000,1.000,2.87,1.00,0,0
9.58,-0.000,-0.000,1.000,2.81,1.00,0,0
9.69,-0.000,-0.000,1.000,2.75,1.00,0,0
9.78,-0.000,-0.000,1.000,2.70,1.00,0,0
9.88,-0.000,-0.000,1.000,2.66,1.00,0,0
9.99,-0.000,-0.000,1.000,2.62,1.00,0,0
10.09,-0.000,-0.000,1.000,2.58,1.00,0,0
10.19,-0.000,-0.000,1.000,2.56,1.00,0,0
10.29,-0.000,-0.000,1.000,2.54,1.00,0,0
10.39,-0.000,-0.000,1.000,2.53,1.00,0,0
10.48,-0.000,-0.000,1.000,2.52,1.00,0,0
10.58,-0.000,-0.000,1.000,2.53,1.00,0,0
10.68,-0.000,-0.000,1.000,2.54,1.00,0,0
10.79,-0.000,-0.000,1.000,2.56,1.00,0,0
10.89,-0.000,-0.000,1.000,2.59,1.00,0,0
10.99,-0.000,-0.000,1.000,2.62,1.00,0,0
11.08,-0.000,-0.000,1.000,2.66,1.00,0,0
11.18,-0.000,-0.000,1.000,2.70,1.00,0,0
11.29,-0.000,-0.000,1.000,2.75,1.00,0,0
11.39,-0.000,-0.000,1.000,2.81,1.00,0,0
11.48,-0.000,-0.000,1.000,2.86,1.00,0,0
11.59,-0.000,-0.000,1.000,2.93,1.00,0,0
11.69,-0.000,-0.000,1.000,2.99,1.00,0,0
11.79,-0.000,-0.000,1.000,3.06,1.00,0,0
11.89,-0.000,-0.000,1.000,3.15,1.00,0,0
11.99,-0.000,-0.000,1.000,3.22,1.00,0,0
12.09,-0.000,-0.000,1.000,3.30,1.00,0,0
12.19,-0.000,-0.000,1.000,3.38,1.00,0,0
12.29,-0.000,-0.000,1.000,3.45,1.00,0,0
12.38,-0.000,-0.000,1.000,3.52,1.00,0,0
12.48,-0.000,-0.000,1.000,3.59,1.00,0,0
12.59,-0.000,-0.000,1.000,3.66,1.00,0,0
12.69,-0.000,-0.000,1.000,3.73,1.00,0,0
12.79,-0.000,-0.000,1.000,3.80,1.00,0,0
12.88,-0.000,-0.000,1.000,3.87,1.00,0,0
12.98,-0.000,-0.000,1.000,3.94,1.00,0,0
13.09,-0.000,-0.000,1.000,4.01,1.00,0,0
13.18,-0.000,-0.000,1.000,4.06,1.00,0,0
13.28,-0.000,-0.000,1.000,4.12,1.00,0,0
13.38,-0.000,-0.000,1.000,4.17,1.00,0,0
13.49,-0.000,-0.000,1.000,4.21,1.00,0,0
13.58,-0.000,-0.000,1.000,4.25,1.00,0,0
13.69,-0.000,-0.000,1.000,4.29,1.00,0,0
13.79,-0.000,-0.000,1.000,4.32,1.00,0,0
13.89,-0.000,-0.000,1.000,4.35,1.00,0,0
13.98,-0.000,-0.000,1.000,4.38,1.00,0,0
14.09,-0.000,-0.000,1.000,4.40,1.00,0,0
14.18,-0.000,-0.000,1.000,4.42,1.00,0,0
14.29,-0.000,-0.000,1.000,4.43,1.00,0,0
14.38,-0.000,-0.000,1.000,4.44,1.00,0,0
14.49,-0.000,-0.000,1.000,4.45,1.00,0,0
14.58,-0.000,-0.000,1.000,4.46,1.00,0,0
14.69,-0.000,-0.000,1.000,4.49,1.00,0,0
14.78,-0.000,-0.000,1.000,4.52,1.00,0,0
14.88,-0.000,-0.000,1.000,4.54,1.00,0,0
14.98,-0.000,-0.000,1.000,4.54,1.00,0,0
15.08,-0.000,-0.000,1.000,4.53,1.00,0,0
15.19,-0.000,-0.000,1.000,4.49,1.00,0,0
15.28,-0.000,-0.000,1.000,4.41,1.00,0,0
15.39,-0.000,-0.000,1.000,4.28,1.00,0,0
15.49,-0.000,-0.000,1.000,4.23,1.00,0,0
15.58,-0.000,-0.000,1.000,4.21,1.00,0,0
15.69,-0.000,-0.000,1.000,4.18,1.00,0,0
15.78,-0.000,-0.000,1.000,4.16,1.00,0,0
15.89,-0.000,-0.000,1.000,4.13,1.00,0,0
15.99,-0.000,-0.000,1.000,4.10,1.00,0,0
16.09,-0.000,-0.000,1.000,4.07,1.00,0,0
16.19,-0.000,-0.000,1.000,4.04,1.00,0,0
16.28,-0.000,-0.000,1.000,4.00,1.00,0,0
16.38,-0.000,-0.000,1.000,3.97,1.00,0,0
16.48,-0.000,-0.000,1.000,3.93,1.00,0,0
16.58,-0.000,-0.000,1.000,3.89,1.00,0,0
16.69,-0.000,-0.000,1.000,3.85,1.00,0,0
16.79,-0.000,-0.000,1.000,3.81,1.00,0,0
16.88,-0.000,-0.000,1.000,3.77,1.00,0,0
16.98,-0.000,-0.000,1.000,3.74,1.00,0,0
17.09,-0.000,-0.000,1.000,3.69,1.00,0,0
17.19,-0.000,-0.000,1.000,3.64,1.00,0,0
17.28,-0.000,-0.000,1.000,3.60,1.00,0,0
17.39,-0.000,-0.000,1.000,3.55,1.00,0,0
17.49,-0.000,-0.000,1.000,3.51,1.00,0,0
17.59,-0.000,-0.000,1.000,3.46,1.00,0,0
17.69,-0.000,-0.000,1.000,3.41,1.00,0,0
17.78,-0.000,-0.000,1.000,3.36,1.00,0,0
17.89,-0.000,-0.000,1.000,3.31,1.00,0,0
17.98,-0.000,-0.000,1.000,3.26,1.00,0,0
18.08,-0.000,-0.000,1.000,3.21,1.00,0,0
18.18,-0.000,-0.000,1.000,3.16,1.00,0,0
18.28,-0.000,-0.000,1.000,3.11,1.00,0,0
18.38,-0.000,-0.000,1.000,3.06,1.00,0,0
18.49,-0.000,-0.000,1.000,3.01,1.00,0,0
18.59,-0.000,-0.000,1.000,2.96,1.00,0,0
18.68,-0.000,-0.000,1.000,2.91,1.00,0,0
18.79,-0.000,-0.000,1.000,2.85,1.00,0,0
18.88,-0.000,-0.000,1.000,2.80,1.00,0,0
18.99,-0.000,-0.000,1.000,2.75,1.00,0,0
19.09,-0.000,-0.000,1.000,2.70,1.00,0,0
19.18,-0.000,-0.000,1.000,2.65,1.00,0,0
19.29,-0.000,-0.000,1.000,2.60,1.00,0,0
19.39,-0.000,-0.000,1.000,2.55,1.00,0,0
19.49,-0.000,-0.000,1.000,2.50,1.00,0,0
19.59,-0.000,-0.000,1.000,2.45,1.00,0,0
19.69,-0.000,-0.000,1.000,2.40,1.00,0,0
19.78,-0.000,-0.000,1.000,2.35,1.00,0,0
19.89,-0.000,-0.000,1.000,2.31,1.00,0,0
19.99,-0.000,-0.000,1.000,2.26,1.00,0,0
20.08,-0.000,-0.000,1.000,2.21,1.00,0,0
20.19,-0.000,-0.000,1.000,2.17,1.00,0,0
20.29,-0.000,-0.000,1.000,2.12,1.00,0,0
20.39,-0.000,-0.000,1.000,2.08,1.00,0,0
20.49,-0.000,-0.000,1.000,2.04,1.00,0,0
20.59,-0.000,-0.000,1.000,2.00,1.00,0,0
20.69,-0.000,-0.000,1.000,1.96,1.00,0,0
20.79,-0.000,-0.000,1.000,1.92,1.00,0,0
20.89,-0.000,-0.000,1.000,1.88,1.00,0,0
20.99,-0.000,-0.000,1.000,1.84,1.00,0,0
21.09,-0.000,-0.000,1.000,1.81,1.00,0,0
21.19,-0.000,-0.000,1.000,1.77,1.00,0,0
21.29,-0.000,-0.000,1.000,1.74,1.00,0,0
21.39,-0.000,-0.000,1.000,1.71,1.00,0,0
21.49,-0.000,-0.000,1.000,1.68,1.00,0,0
21.58,-0.000,-0.000,1.000,1.65,1.00,0,0
21.68,-0.000,-0.000,1.000,1.62,1.00,0,0
21.79,-0.000,-0.000,1.000,1.59,1.00,0,0
21.89,-0.000,-0.000,1.000,1.57,1.00,0,0
21.98,-0.000,-0.000,1.000,1.55,1.00,0,0
22.09,-0.000,-0.000,1.000,1.52,1.00,0,0
22.18,-0.000,-0.000,1.000,1.50,1.00,0,0
22.28,-0.000,-0.000,1.000,1.48,1.00,0,0
22.39,-0.000,-0.000,1.000,1.47,1.00,0,0
22.48,-0.000,-0.000,1.000,1.45,1.00,0,0
22.59,-0.000,-0.000,1.000,1.44,1.00,0,0
22.69,-0.000,-0.000,1.000,1.42,1.00,0,0
22.79,-0.000,-0.000,1.000,1.41,1.00,0,0
22.89,-0.000,-0.000,1.000,1.40,1.00,0,0
22.98,-0.000,-0.000,1.000,1.39,1.00,0,0
23.09,-0.000,-0.000,1.000,1.39,1.00,0,0
23.18,-0.000,-0.000,1.000,1.38,1.00,0,0
23.29,-0.000,-0.000,1.000,1.38,1.00,0,0
23.38,-0.000,-0.000,1.000,1.38,1.00,0,0
23.49,-0.000,-0.000,1.000,1.38,1.00,0,0
23.58,-0.000,-0.000,1.000,1.38,1.00,0,0
23.69,-0.000,-0.000,1.000,1.38,1.00,0,0
23.78,-0.000,-0.000,1.000,1.39,1.00,0,0
23.89,-0.000,-0.000,1.000,1.40,1.00,0,0
23.98,-0.000,-0.000,1.000,1.41,1.00,0,0
24.09,-0.000,-0.000,1.000,1.42,1.00,0,0
24.19,-0.000,-0.000,1.000,1.43,1.00,0,0
24.29,-0.000,-0.000,1.000,1.44,1.00,0,0
24.39,-0.000,-0.000,1.000,1.46,1.00,0,0
24.50,-0.000,-0.000,1.000,1.47,1.00,0,0
24.59,-0.000,-0.000,1.000,1.49,1.00,0,0
24.69,-0.000,-0.000,1.000,1.51,1.00,0,0
24.80,-0.000,-0.000,1.000,1.53,1.00,0,0
24.89,-0.000,-0.000,1.000,1.55,1.00,0,0
24.99,-0.000,-0.000,1.000,1.58,1.00,0,0
25.08,-0.000,-0.000,1.000,1.60,1.00,0,0
25.19,-0.000,-0.000,1.000,1.63,1.00,0,0
25.28,-0.000,-0.000,1.000,1.66,1.00,0,0
25.39,-0.000,-0.000,1.000,1.69,1.00,0,0
25.50,-0.000,-0.000,1.000,1.72,1.00,0,0
25.59,-0.000,-0.000,1.000,1.75,1.00,0,0
25.69,-0.000,-0.000,1.000,1.79,1.00,0,0
25.78,-0.000,-0.000,1.000,1.82,1.00,0,0
25.89,-0.000,-0.000,1.000,1.86,1.00,0,0
25.99,-0.000,-0.000,1.000,1.90,1.00,0,0
26.08,-0.000,-0.000,1.000,1.93,1.00,0,0
26.18,-0.000,-0.000,1.000,1.97,1.00,0,0
26.28,-0.000,-0.000,1.000,2.01,1.00,0,0
26.39,-0.000,-0.000,1.000,2.06,1.00,0,0
26.48,-0.000,-0.000,1.000,2.10,1.00,0,0
26.59,-0.000,-0.000,1.000,2.14,1.00,0,0
26.69,-0.000,-0.000,1.000,2.19,1.00,0,0
26.79,-0.000,-0.000,1.000,2.23,1.00,0,0
26.88,-0.000,-0.000,1.000,2.28,1.00,0,0
26.98,-0.000,-0.000,1.000,2.33,1.00,0,0
27.09,-0.000,-0.000,1.000,2.37,1.00,0,0
27.18,-0.000,-0.000,1.000,2.42,1.00,0,0
27.28,-0.000,-0.000,1.000,2.47,1.00,0,0
27.39,-0.000,-0.000,1.000,2.52,1.00,0,0
27.49,-0.000,-0.000,1.000,2.57,1.00,0,0
27.59,-0.000,-0.000,1.000,2.62,1.00,0,0
27.69,-0.000,-0.000,1.000,2.67,1.00,0,0
27.79,-0.000,-0.000,1.000,2.72,1.00,0,0
27.89,-0.000,-0.000,1.000,2.77,1.00,0,0
27.98,-0.000,-0.000,1.000,2.82,1.00,0,0
28.08,-0.000,-0.000,1.000,2.87,1.00,0,0
28.19,-0.000,-0.000,1.000,2.93,1.00,0,0
28.29,-0.000,-0.000,1.000,2.98,1.00,0,0
28.39,-0.000,-0.000,1.000,3.03,1.00,0,0
28.49,-0.000,-0.000,1.000,3.08,1.00,0,0
28.58,-0.000,-0.000,1.000,3.13,1.00,0,0
28.68,-0.000,-0.000,1.000,3.18,1.00,0,0
28.79,-0.000,-0.000,1.000,3.23,1.00,0,0
28.89,-0.000,-0.000,1.000,3.28,1.00,0,0
28.98,-0.000,-0.000,1.000,3.33,1.00,0,0
29.09,-0.000,-0.000,1.000,3.38,1.00,0,0
29.19,-0.000,-0.000,1.000,3.43,1.00,0,0
29.29,-0.000,-0.000,1.000,3.48,1.00,0,0
29.38,-0.000,-0.000,1.000,3.52,1.00,0,0
29.49,-0.000,-0.000,1.000,3.57,1.00,0,0
29.59,-0.000,-0.000,1.000,3.62,1.00,0,0
29.68,-0.000,-0.000,1.000,3.66,1.00,0,0
29.78,-0.000,-0.000,1.000,3.70,1.00,0,0
29.88,-0.000,-0.000,1.000,3.75,1.00,0,0
29.99,-0.000,-0.000,1.000,3.79,1.00,0,0
30.09,-0.000,-0.000,1.000,3.83,1.00,0,0
30.19,-0.000,-0.000,1.000,3.87,1.00,0,0
30.29,-0.000,-0.000,1.000,3.91,1.00,0,0
30.39,-0.000,-0.000,1.000,3.95,1.00,0,0
30.48,-0.000,-0.000,1.000,3.98,1.00,0,0
30.59,-0.000,-0.000,1.000,4.02,1.00,0,0
30.69,-0.000,-0.000,1.000,4.05,1.00,0,0
30.78,-0.000,-0.000,1.000,4.08,1.00,0,0
30.89,-0.000,-0.000,1.000,4.11,1.00,0,0
30.98,-0.000,-0.000,1.000,4.14,1.00,0,0
31.09,-0.000,-0.000,1.000,4.17,1.00,0,0
31.19,-0.000,-0.000,1.000,4.19,1.00,0,0
31.29,-0.000,-0.000,1.000,4.22,1.00,0,0
31.39,-0.000,-0.000,1.000,4.24,1.00,0,0
31.49,-0.000,-0.000,1.000,4.35,1.00,0,0
31.59,-0.000,-0.000,1.000,4.45,1.00,0,0
31.68,-0.000,-0.000,1.000,4.51,1.00,0,0
31.78,-0.000,-0.000,1.000,4.54,1.00,0,0
31.88,-0.000,-0.000,1.000,4.54,1.00,0,0
31.99,-0.000,-0.000,1.000,4.53,1.00,0,0
32.08,-0.000,-0.000,1.000,4.51,1.00,0,0
32.19,-0.000,-0.000,1.000,4.48,1.00,0,0
32.28,-0.000,-0.000,1.000,4.46,1.00,0,0
32.39,-0.000,-0.000,1.000,4.44,1.00,0,0
32.49,-0.000,-0.000,1.000,4.44,1.00,0,0
32.59,-0.000,-0.000,1.000,4.43,1.00,0,0
32.69,-0.000,-0.000,1.000,4.41,1.00,0,0
32.79,-0.000,-0.000,1.000,4.39,1.00,0,0
32.88,-0.000,-0.000,1.000,4.37,1.00,0,0
32.98,-0.000,-0.000,1.000,4.34,1.00,0,0
33.09,-0.000,-0.000,1.000,4.31,1.00,0,0
33.19,-0.000,-0.000,1.000,4.27,1.00,0,0
33.29,-0.000,-0.000,1.000,4.24,1.00,0,0
33.39,-0.000,-0.000,1.000,4.20,1.00,0,0
33.49,-0.000,-0.000,1.000,4.15,1.00,0,0
33.59,-0.000,-0.000,1.000,4.10,1.00,0,0
33.69,-0.000,-0.000,1.000,4.04,1.00,0,0
33.78,-0.000,-0.000,1.000,3.98,1.00,0,0
33.89,-0.000,-0.000,1.000,3.91,1.00,0,0
33.98,-0.000,-0.000,1.000,3.84,1.00,0,0
34.08,-0.000,-0.000,1.000,3.77,1.00,0,0
34.19,-0.000,-0.000,1.000,3.70,1.00,0,0
34.28,-0.000,-0.000,1.000,3.63,1.00,0,0
34.39,-0.000,-0.000,1.000,3.56,1.00,0,0
34.48,-0.000,-0.000,1.000,3.49,1.00,0,0
34.58,-0.000,-0.000,1.000,3.42,1.00,0,0
34.69,-0.000,-0.000,1.000,3.34,1.00,0,0
34.78,-0.000,-0.000,1.000,3.27,1.00,0,0
34.89,-0.000,-0.000,1.000,3.19,1.00,0,0
34.99,-0.000,-0.000,1.000,3.11,1.00,0,0
35.09,-0.000,-0.000,1.000,3.03,1.00,0,0
35.19,-0.000,-0.000,1.000,2.96,1.00,0,0
35.29,-0.000,-0.000,1.000,2.90,1.00,0,0
35.39,-0.000,-0.000,1.000,2.84,1.00,0,0
35.49,-0.000,-0.000,1.000,2.78,1.00,0,0
35.58,-0.000,-0.000,1.000,2.73,1.00,0,0
35.69,-0.000,-0.000,1.000,2.69,1.00,0,0
35.79,-0.000,-0.000,1.000,2.64,1.00,0,0
35.88,-0.000,-0.000,1.000,2.61,1.00,0,0
35.99,-0.000,-0.000,1.000,2.57,1.00,0,0
36.09,-0.000,-0.000,1.000,2.55,1.00,0,0
36.19,-0.000,-0.000,1.000,2.53,1.00,0,0
36.28,-0.000,-0.000,1.000,2.52,1.00,0,0
36.39,-0.000,-0.000,1.000,2.52,1.00,0,0
36.48,-0.000,-0.000,1.000,2.53,1.00,0,0
36.59,-0.000,-0.000,1.000,2.54,1.00,0,0
36.69,-0.000,-0.000,1.000,2.57,1.00,0,0
36.78,-0.000,-0.000,1.000,2.60,1.00,0,0
36.88,-0.000,-0.000,1.000,2.63,1.00,0,0
36.98,-0.000,-0.000,1.000,2.68,1.00,0,0
37.08,-0.000,-0.000,1.000,2.72,1.00,0,0
37.18,-0.000,-0.000,1.000,2.77,1.00,0,0
37.28,-0.000,-0.000,1.000,2.83,1.00,0,0
37.38,-0.000,-0.000,1.000,2.89,1.00,0,0
37.49,-0.000,-0.000,1.000,2.95,1.00,0,0
37.59,-0.000,-0.000,1.000,3.02,1.00,0,0
37.69,-0.000,-0.000,1.000,3.09,1.00,0,0
37.79,-0.000,-0.000,1.000,3.16,1.00,0,0
37.88,-0.000,-0.000,1.000,3.24,1.00,0,0
37.98,-0.000,-0.000,1.000,3.32,1.00,0,0
38.09,-0.000,-0.000,1.000,3.40,1.00,0,0
38.18,-0.000,-0.000,1.000,3.47,1.00,0,0
38.28,-0.000,-0.000,1.000,3.55,1.00,0,0
38.39,-0.000,-0.000,1.000,3.62,1.00,0,0
38.49,-0.000,-0.000,1.000,3.69,1.00,0,0
38.59,-0.000,-0.000,1.000,3.75,1.00,0,0
38.69,-0.000,-0.000,1.000,3.81,1.00,0,0
38.79,-0.000,-0.000,1.000,3.87,1.00,0,0
38.88,-0.000,-0.000,1.000,3.93,1.00,0,0
38.99,-0.000,-0.000,1.000,3.99,1.00,0,0
39.09,-0.000,-0.000,1.000,4.05,1.00,0,0
39.19,-0.000,-0.000,1.000,4.11,1.00,0,0
39.28,-0.000,-0.000,1.000,4.17,1.00,0,0
39.39,-0.000,-0.000,1.000,4.23,1.00,0,0
39.48,-0.000,-0.000,1.000,4.27,1.00,0,0
39.58,-0.000,-0.000,1.000,4.30,1.00,0,0
39.68,-0.000,-0.000,1.000,4.33,1.00,0,0
39.79,-0.000,-0.000,1.000,4.36,1.00,0,0
39.88,-0.000,-0.000,1.000,4.40,1.00,0,0
39.99,-0.000,-0.000,1.000,4.43,1.00,0,0
40.09,-0.000,-0.000,1.000,4.47,1.00,0,0
40.18,-0.000,-0.000,1.000,4.50,1.00,0,0
40.29,-0.000,-0.000,1.000,4.54,1.00,0,0
40.39,-0.000,-0.000,1.000,4.57,1.00,0,0
40.48,-0.000,-0.000,1.000,4.61,1.00,0,0
40.58,-0.000,-0.000,1.000,4.64,1.00,0,0
40.69,-0.000,-0.000,1.000,4.67,1.00,0,0
40.79,-0.000,-0.000,1.000,4.70,1.00,0,0
40.88,-0.000,-0.000,1.000,4.74,1.00,0,0
40.99,-0.000,-0.000,1.000,4.76,1.00,0,0
41.09,-0.000,-0.000,1.000,4.79,1.00,0,0
41.19,-0.000,-0.000,1.000,4.81,1.00,0,0
41.28,-0.000,-0.000,1.000,4.83,1.00,0,0
41.39,-0.000,-0.000,1.000,4.85,1.00,0,0
41.49,-0.000,-0.000,1.000,4.42,1.00,0,0
41.59,-0.000,-0.000,1.000,4.40,1.00,0,0
41.68,-0.000,-0.000,1.000,4.37,1.00,0,0
41.79,-0.000,-0.000,1.000,4.34,1.00,0,0
41.88,-0.000,-0.000,1.000,4.31,1.00,0,0
41.98,-0.000,-0.000,1.000,4.27,1.00,0,0
42.08,-0.000,-0.000,1.000,4.24,1.00,0,0
42.19,-0.000,-0.000,1.000,4.20,1.00,0,0
42.29,-0.000,-0.000,1.000,4.16,1.00,0,0
42.39,-0.000,-0.000,1.000,4.12,1.00,0,0
42.48,-0.000,-0.000,1.000,4.07,1.00,0,0
42.59,-0.000,-0.000,1.000,4.03,1.00,0,0
42.69,-0.000,-0.000,1.000,3.98,1.00,0,0
42.79,-0.000,-0.000,1.000,3.93,1.00,0,0
42.88,-0.000,-0.000,1.000,3.88,1.00,0,0
42.99,-0.000,-0.000,1.000,3.83,1.00,0,0
43.09,-0.000,-0.000,1.000,3.78,1.00,0,0
43.19,-0.000,-0.000,1.000,3.72,1.00,0,0
43.28,-0.000,-0.000,1.000,3.67,1.00,0,0
43.38,-0.000,-0.000,1.000,3.62,1.00,0,0
43.48,-0.000,-0.000,1.000,3.56,1.00,0,0
43.59,-0.000,-0.000,1.000,3.50,1.00,0,0
43.68,-0.000,-0.000,1.000,3.45,1.00,0,0
43.78,-0.000,-0.000,1.000,3.39,1.00,0,0
43.89,-0.000,-0.000,1.000,3.33,1.00,0,0
43.99,-0.000,-0.000,1.000,3.28,1.00,0,0
44.08,-0.000,-0.000,1.000,3.22,1.00,0,0
44.19,-0.000,-0.000,1.000,3.17,1.00,0,0
44.29,-0.000,-0.000,1.000,3.11,1.00,0,0
44.39,-0.000,-0.000,1.000,3.05,1.00,0,0
44.49,-0.000,-0.000,1.000,3.00,1.00,0,0
44.58,-0.000,-0.000,1.000,2.94,1.00,0,0
44.69,-0.000,-0.000,1.000,2.89,1.00,0,0
44.79,-0.000,-0.000,1.000,2.84,1.00,0,0
44.88,-0.000,-0.000,1.000,2.78,1.00,0,0
44.98,-0.000,-0.000,1.000,2.73,1.00,0,0
45.09,-0.000,-0.000,1.000,2.68,1.00,0,0
45.19,-0.000,-0.000,1.000,2.63,1.00,0,0
45.29,-0.000,-0.000,1.000,2.58,1.00,0,0
45.38,-0.000,-0.000,1.000,2.54,1.00,0,0
45.48,-0.000,-0.000,1.000,2.49,1.00,0,0
45.59,-0.000,-0.000,1.000,2.45,1.00,0,0
45.69,-0.000,-0.000,1.000,2.40,1.00,0,0
45.79,-0.000,-0.000,1.000,2.36,1.00,0,0
45.89,-0.000,-0.000,1.000,2.32,1.00,0,0
45.98,-0.000,-0.000,1.000,2.29,1.00,0,0
46.09,-0.000,-0.000,1.000,2.25,1.00,0,0
46.18,-0.000,-0.000,1.000,2.22,1.00,0,0
46.28,-0.000,-0.000,1.000,2.19,1.00,0,0
46.39,-0.000,-0.000,1.000,2.16,1.00,0,0
46.48,-0.000,-0.000,1.000,2.13,1.00,0,0
46.59,-0.000,-0.000,1.000,2.11,1.00,0,0
46.69,-0.000,-0.000,1.000,2.09,1.00,0,0
46.78,-0.000,-0.000,1.000,2.07,1.00,0,0
46.89,-0.000,-0.000,1.000,2.05,1.00,0,0
46.99,-0.000,-0.000,1.000,2.04,1.00,0,0
47.08,-0.000,-0.000,1.000,2.03,1.00,0,0
47.20,-0.000,-0.000,1.000,2.02,1.00,0,0
47.29,-0.000,-0.000,1.000,2.01,1.00,0,0
47.39,-0.000,-0.000,1.000,2.01,1.00,0,0
47.49,-0.000,-0.000,1.000,2.01,1.00,0,0
47.59,-0.000,-0.000,1.000,2.01,1.00,0,0
47.69,-0.000,-0.000,1.000,2.02,1.00,0,0
47.80,-0.000,-0.000,1.000,2.03,1.00,0,0
47.88,-0.000,-0.000,1.000,2.04,1.00,0,0
47.99,-0.000,-0.000,1.000,2.06,1.00,0,0
48.09,-0.000,-0.000,1.000,2.07,1.00,0,0
48.19,-0.000,-0.000,1.000,2.10,1.00,0,0
48.28,-0.000,-0.000,1.000,2.12,1.00,0,0
48.39,-0.000,-0.000,1.000,2.14,1.00,0,0
48.48,-0.000,-0.000,1.000,2.17,1.00,0,0
48.59,-0.000,-0.000,1.000,2.20,1.00,0,0
48.68,-0.000,-0.000,1.000,2.23,1.00,0,0
48.79,-0.000,-0.000,1.000,2.27,1.00,0,0
48.88,-0.000,-0.000,1.000,2.30,1.00,0,0
48.98,-0.000,-0.000,1.000,2.34,1.00,0,0
49.08,-0.000,-0.000,1.000,2.38,1.00,0,0
49.19,-0.000,-0.000,1.000,2.42,1.00,0,0
49.28,-0.000,-0.000,1.000,2.46,1.00,0,0
49.38,-0.000,-0.000,1.000,2.51,1.00,0,0
49.49,-0.000,-0.000,1.000,2.56,1.00,0,0
49.59,-0.000,-0.000,1.000,2.60,1.00,0,0
49.68,-0.000,-0.000,1.000,2.65,1.00,0,0
49.78,-0.000,-0.000,1.000,2.70,1.00,0,0
49.88,-0.000,-0.000,1.000,2.75,1.00,0,0
49.98,-0.000,-0.000,1.000,2.80,1.00,0,0
50.08,-0.000,-0.000,1.000,2.86,1.00,0,0
50.19,-0.000,-0.000,1.000,2.91,1.00,0,0
50.28,-0.000,-0.000,1.000,2.97,1.00,0,0
50.38,-0.000,-0.000,1.000,3.02,1.00,0,0
50.48,-0.000,-0.000,1.000,3.08,1.00,0,0
50.59,-0.000,-0.000,1.000,3.13,1.00,0,0
50.69,-0.000,-0.000,1.000,3.19,1.00,0,0
50.79,-0.000,-0.000,1.000,3.25,1.00,0,0
50.89,-0.000,-0.000,1.000,3.30,1.00,0,0
50.98,-0.000,-0.000,1.000,3.36,1.00,0,0
51.09,-0.000,-0.000,1.000,3.42,1.00,0,0
51.18,-0.000,-0.000,1.000,3.47,1.00,0,0
51.29,-0.000,-0.000,1.000,3.53,1.00,0,0
51.38,-0.000,-0.000,1.000,3.58,1.00,0,0
51.48,-0.000,-0.000,1.000,3.64,1.00,0,0
51.59,-0.000,-0.000,1.000,3.69,1.00,0,0
51.68,-0.000,-0.000,1.000,3.75,1.00,0,0
51.79,-0.000,-0.000,1.000,3.80,1.00,0,0
51.88,-0.000,-0.000,1.000,3.85,1.00,0,0
51.98,-0.000,-0.000,1.000,3.90,1.00,0,0
52.08,-0.000,-0.000,1.000,3.95,1.00,0,0
52.19,-0.000,-0.000,1.000,4.00,1.00,0,0
52.28,-0.000,-0.000,1.000,4.05,1.00,0,0
52.38,-0.000,-0.000,1.000,4.09,1.00,0,0
52.49,-0.000,-0.000,1.000,4.13,1.00,0,0
52.59,-0.000,-0.000,1.000,4.18,1.00,0,0
52.69,-0.000,-0.000,1.000,4.22,1.00,0,0
52.78,-0.000,-0.000,1.000,4.25,1.00,0,0
52.89,-0.000,-0.000,1.000,4.29,1.00,0,0
52.98,-0.000,-0.000,1.000,4.32,1.00,0,0
53.09,-0.000,-0.000,1.000,4.36,1.00,0,0
53.18,-0.000,-0.000,1.000,4.38,1.00,0,0
53.29,-0.000,-0.000,1.000,4.41,1.00,0,0
53.38,-0.000,-0.000,1.000,4.43,1.00,0,0
53.48,-0.000,-0.000,1.000,4.84,1.00,0,0
53.59,-0.000,-0.000,1.000,4.83,1.00,0,0
53.68,-0.000,-0.000,1.000,4.80,1.00,0,0
53.78,-0.000,-0.000,1.000,4.78,1.00,0,0
53.88,-0.000,-0.000,1.000,4.75,1.00,0,0
53.99,-0.000,-0.000,1.000,4.72,1.00,0,0
54.09,-0.000,-0.000,1.000,4.69,1.00,0,0
54.19,-0.000,-0.000,1.000,4.66,1.00,0,0
54.29,-0.000,-0.000,1.000,4.63,1.00,0,0
54.39,-0.000,-0.000,1.000,4.59,1.00,0,0
54.48,-0.000,-0.000,1.000,4.56,1.00,0,0
54.59,-0.000,-0.000,1.000,4.52,1.00,0,0
54.69,-0.000,-0.000,1.000,4.49,1.00,0,0
54.79,-0.000,-0.000,1.000,4.45,1.00,0,0
54.88,-0.000,-0.000,1.000,4.42,1.00,0,0
54.98,-0.000,-0.000,1.000,4.38,1.00,0,0
55.09,-0.000,-0.000,1.000,4.35,1.00,0,0
55.19,-0.000,-0.000,1.000,4.32,1.00,0,0
55.28,-0.000,-0.000,1.000,4.28,1.00,0,0
55.38,-0.000,-0.000,1.000,4.25,1.00,0,0
55.49,-0.000,-0.000,1.000,4.20,1.00,0,0
55.59,-0.000,-0.000,1.000,4.14,1.00,0,0
55.69,-0.000,-0.000,1.000,4.09,1.00,0,0
55.78,-0.000,-0.000,1.000,4.03,1.00,0,0
55.88,-0.000,-0.000,1.000,3.97,1.00,0,0
55.98,-0.000,-0.000,1.000,3.91,1.00,0,0
56.09,-0.000,-0.000,1.000,3.85,1.00,0,0
56.19,-0.000,-0.000,1.000,3.79,1.00,0,0
56.29,-0.000,-0.000,1.000,3.72,1.00,0,0
56.39,-0.000,-0.000,1.000,3.66,1.00,0,0
56.49,-0.000,-0.000,1.000,3.59,1.00,0,0
56.58,-0.000,-0.000,1.000,3.52,1.00,0,0
56.69,-0.000,-0.000,1.000,3.44,1.00,0,0
56.79,-0.000,-0.000,1.000,3.37,1.00,0,0
56.88,-0.000,-0.000,1.000,3.29,1.00,0,0
56.99,-0.000,-0.000,1.000,3.21,1.00,0,0
57.08,-0.000,-0.000,1.000,3.13,1.00,0,0
57.19,-0.000,-0.000,1.000,3.06,1.00,0,0
57.29,-0.000,-0.000,1.000,2.99,1.00,0,0
57.39,-0.000,-0.000,1.000,2.92,1.00,0,0
57.48,-0.000,-0.000,1.000,2.87,1.00,0,0
57.59,-0.000,-0.000,1.000,2.81,1.00,0,0
57.69,-0.000,-0.000,1.000,2.75,1.00,0,0
57.79,-0.000,-0.000,1.000,2.70,1.00,0,0
57.88,-0.000,-0.000,1.000,2.66,1.00,0,0
57.99,-0.000,-0.000,1.000,2.62,1.00,0,0
58.09,-0.000,-0.000,1.000,2.58,1.00,0,0
58.19,-0.000,-0.000,1.000,2.56,1.00,0,0
58.28,-0.000,-0.000,1.000,2.54,1.00,0,0
58.39,-0.000,-0.000,1.000,2.53,1.00,0,0
58.48,-0.000,-0.000,1.000,2.52,1.00,0,0
58.59,-0.000,-0.000,1.000,2.53,1.00,0,0
58.69,-0.000,-0.000,1.000,2.54,1.00,0,0
58.79,-0.000,-0.000,1.000,2.56,1.00,0,0
58.89,-0.000,-0.000,1.000,2.59,1.00,0,0
58.99,-0.000,-0.000,1.000,2.62,1.00,0,0
59.09,-0.000,-0.000,1.000,2.66,1.00,0,0
59.19,-0.000,-0.000,1.000,2.71,1.00,0,0
59.29,-0.000,-0.000,1.000,2.75,1.00,0,0
59.39,-0.000,-0.000,1.000,2.81,1.00,0,0
59.49,-0.000,-0.000,1.000,2.86,1.00,0,0
59.58,-0.000,-0.000,1.000,2.92,1.00,0,0
59.68,-0.000,-0.000,1.000,2.99,1.00,0,0
59.79,-0.000,-0.000,1.000,3.07,1.00,0,0
59.89,-0.000,-0.000,1.000,3.14,1.00,0,0
59.99,-0.000,-0.000,1.000,3.22,1.00,0,0
60.09,-0.000,-0.000,1.000,3.30,1.00,0,0
60.18,-0.000,-0.000,1.000,3.37,1.00,0,0
60.28,-0.000,-0.000,1.000,3.45,1.00,0,0
60.38,-0.000,-0.000,1.000,3.52,1.00,0,0
60.48,-0.000,-0.000,1.000,3.59,1.00,0,0
60.59,-0.000,-0.000,1.000,3.66,1.00,0,0
60.69,-0.000,-0.000,1.000,3.73,1.00,0,0
60.79,-0.000,-0.000,1.000,3.80,1.00,0,0
60.88,-0.000,-0.000,1.000,3.87,1.00,0,0
60.98,-0.000,-0.000,1.000,3.94,1.00,0,0
61.09,-0.000,-0.000,1.000,4.00,1.00,0,0
61.19,-0.000,-0.000,1.000,4.07,1.00,0,0
61.29,-0.000,-0.000,1.000,4.12,1.00,0,0
61.39,-0.000,-0.000,1.000,4.17,1.00,0,0
61.48,-0.000,-0.000,1.000,4.21,1.00,0,0
61.59,-0.000,-0.000,1.000,4.25,1.00,0,0
61.69,-0.000,-0.000,1.000,4.29,1.00,0,0
61.78,-0.000,-0.000,1.000,4.32,1.00,0,0
61.88,-0.000,-0.000,1.000,4.35,1.00,0,0
61.98,-0.000,-0.000,1.000,4.38,1.00,0,0
62.09,-0.000,-0.000,1.000,4.40,1.00,0,0
62.19,-0.000,-0.000,1.000,4.42,1.00,0,0
62.28,-0.000,-0.000,1.000,4.43,1.00,0,0
62.38,-0.000,-0.000,1.000,4.44,1.00,0,0
62.49,-0.000,-0.000,1.000,4.45,1.00,0,0
62.59,-0.000,-0.000,1.000,4.46,1.00,0,0
62.68,-0.000,-0.000,1.000,4.49,1.00,0,0
62.79,-0.000,-0.000,1.000,4.52,1.00,0,0
62.89,-0.000,-0.000,1.000,4.54,1.00,0,0
62.99,-0.000,-0.000,1.000,4.54,1.00,0,0
63.09,-0.000,-0.000,1.000,4.53,1.00,0,0
63.18,-0.000,-0.000,1.000,4.49,1.00,0,0
63.29,-0.000,-0.000,1.000,4.41,1.00,0,0
63.38,-0.000,-0.000,1.000,4.29,1.00,0,0
63.48,-0.000,-0.000,1.000,4.23,1.00,0,0
63.59,-0.000,-0.000,1.000,4.21,1.00,0,0
63.69,-0.000,-0.000,1.000,4.18,1.00,0,0
63.78,-0.000,-0.000,1.000,4.16,1.00,0,0
63.89,-0.000,-0.000,1.000,4.13,1.00,0,0
63.98,-0.000,-0.000,1.000,4.10,1.00,0,0
64.09,-0.000,-0.000,1.000,4.07,1.00,0,0
64.18,-0.000,-0.000,1.000,4.04,1.00,0,0
64.28,-0.000,-0.000,1.000,4.00,1.00,0,0
64.39,-0.000,-0.000,1.000,3.97,1.00,0,0
64.48,-0.000,-0.000,1.000,3.93,1.00,0,0
64.59,-0.000,-0.000,1.000,3.89,1.00,0,0
64.68,-0.000,-0.000,1.000,3.85,1.00,0,0
64.79,-0.000,-0.000,1.000,3.81,1.00,0,0
64.89,-0.000,-0.000,1.000,3.77,1.00,0,0
64.98,-0.000,-0.000,1.000,3.73,1.00,0,0
65.09,-0.000,-0.000,1.000,3.69,1.00,0,0
65.19,-0.000,-0.000,1.000,3.64,1.00,0,0
65.28,-0.000,-0.000,1.000,3.60,1.00,0,0
65.39,-0.000,-0.000,1.000,3.55,1.00,0,0
65.49,-0.000,-0.000,1.000,3.51,1.00,0,0
65.59,-0.000,-0.000,1.000,3.46,1.00,0,0
65.68,-0.000,-0.000,1.000,3.41,1.00,0,0
65.78,-0.000,-0.000,1.000,3.36,1.00,0,0
65.89,-0.000,-0.000,1.000,3.31,1.00,0,0
65.99,-0.000,-0.000,1.000,3.26,1.00,0,0
66.08,-0.000,-0.000,1.000,3.21,1.00,0,0
66.19,-0.000,-0.000,1.000,3.16,1.00,0,0
66.28,-0.000,-0.000,1.000,3.11,1.00,0,0
66.38,-0.000,-0.000,1.000,3.06,1.00,0,0
66.48,-0.000,-0.000,1.000,3.01,1.00,0,0
66.59,-0.000,-0.000,1.000,2.96,1.00,0,0
66.69,-0.000,-0.000,1.000,2.91,1.00,0,0
66.78,-0.000,-0.000,1.000,2.86,1.00,0,0
66.88,-0.000,-0.000,1.000,2.80,1.00,0,0
66.98,-0.000,-0.000,1.000,2.75,1.00,0,0
67.09,-0.000,-0.000,1.000,2.70,1.00,0,0
67.19,-0.000,-0.000,1.000,2.65,1.00,0,0
67.29,-0.000,-0.000,1.000,2.60,1.00,0,0
67.39,-0.000,-0.000,1.000,2.55,1.00,0,0
67.48,-0.000,-0.000,1.000,2.50,1.00,0,0
67.59,-0.000,-0.000,1.000,2.45,1.00,0,0
67.69,-0.000,-0.000,1.000,2.40,1.00,0,0
67.78,-0.000,-0.000,1.000,2.35,1.00,0,0
67.89,-0.000,-0.000,1.000,2.31,1.00,0,0
67.98,-0.000,-0.000,1.000,2.26,1.00,0,0
68.08,-0.000,-0.000,1.000,2.21,1.00,0,0
68.19,-0.000,-0.000,1.000,2.17,1.00,0,0
68.28,-0.000,-0.000,1.000,2.12,1.00,0,0
68.39,-0.000,-0.000,1.000,2.08,1.00,0,0
68.48,-0.000,-0.000,1.000,2.04,1.00,0,0
68.59,-0.000,-0.000,1.000,2.00,1.00,0,0
68.68,-0.000,-0.000,1.000,1.96,1.00,0,0
68.79,-0.000,-0.000,1.000,1.92,1.00,0,0
68.88,-0.000,-0.000,1.000,1.88,1.00,0,0
68.99,-0.000,-0.000,1.000,1.84,1.00,0,0
69.09,-0.000,-0.000,1.000,1.81,1.00,0,0
69.19,-0.000,-0.000,1.000,1.77,1.00,0,0
69.28,-0.000,-0.000,1.000,1.74,1.00,0,0
69.38,-0.000,-0.000,1.000,1.71,1.00,0,0
69.48,-0.000,-0.000,1.000,1.68,1.00,0,0
69.59,-0.000,-0.000,1.000,1.65,1.00,0,0
69.68,-0.000,-0.000,1.000,1.62,1.00,0,0
69.78,-0.000,-0.000,1.000,1.59,1.00,0,0
69.88,-0.000,-0.000,1.000,1.57,1.00,0,0
69.98,-0.000,-0.000,1.000,1.55,1.00,0,0
70.08,-0.000,-0.000,1.000,1.52,1.00,0,0
70.19,-0.000,-0.000,1.000,1.50,1.00,0,0
70.28,-0.000,-0.000,1.000,1.48,1.00,0,0
70.39,-0.000,-0.000,1.000,1.47,1.00,0,0
70.49,-0.000,-0.000,1.000,1.45,1.00,0,0
70.59,-0.000,-0.000,1.000,1.44,1.00,0,0
70.68,-0.000,-0.000,1.000,1.42,1.00,0,0
70.78,-0.000,-0.000,1.000,1.41,1.00,0,0
70.88,-0.000,-0.000,1.000,1.40,1.00,0,0
70.99,-0.000,-0.000,1.000,1.39,1.00,0,0
71.09,-0.000,-0.000,1.000,1.39,1.00,0,0
71.18,-0.000,-0.000,1.000,1.38,1.00,0,0
71.28,-0.000,-0.000,1.000,1.38,1.00,0,0
71.39,-0.000,-0.000,1.000,1.38,1.00,0,0
71.48,-0.000,-0.000,1.000,1.38,1.00,0,0
71.59,-0.000,-0.000,1.000,1.38,1.00,0,0
71.69,-0.000,-0.000,1.000,1.38,1.00,0,0
71.79,-0.000,-0.000,1.000,1.39,1.00,0,0
71.89,-0.000,-0.000,1.000,1.40,1.00,0,0
71.98,-0.000,-0.000,1.000,1.41,1.00,0,0
72.09,-0.000,-0.000,1.000,1.42,1.00,0,0
72.19,-0.000,-0.000,1.000,1.43,1.00,0,0
72.28,-0.000,-0.000,1.000,1.44,1.00,0,0
72.39,-0.000,-0.000,1.000,1.46,1.00,0,0
72.48,-0.000,-0.000,1.000,1.47,1.00,0,0
72.59,-0.000,-0.000,1.000,1.49,1.00,0,0
72.69,-0.000,-0.000,1.000,1.51,1.00,0,0
72.78,-0.000,-0.000,1.000,1.53,1.00,0,0
72.88,-0.000,-0.000,1.000,1.55,1.00,0,0
72.98,-0.000,-0.000,1.000,1.58,1.00,0,0
73.09,-0.000,-0.000,1.000,1.60,1.00,0,0
73.18,-0.000,-0.000,1.000,1.63,1.00,0,0
73.28,-0.000,-0.000,1.000,1.66,1.00,0,0
73.39,-0.000,-0.000,1.000,1.69,1.00,0,0
73.48,-0.000,-0.000,1.000,1.72,1.00,0,0
73.58,-0.000,-0.000,1.000,1.75,1.00,0,0
73.69,-0.000,-0.000,1.000,1.79,1.00,0,0
73.79,-0.000,-0.000,1.000,1.82,1.00,0,0
73.89,-0.000,-0.000,1.000,1.86,1.00,0,0
73.99,-0.000,-0.000,1.000,1.90,1.00,0,0
74.09,-0.000,-0.000,1.000,1.93,1.00,0,0
74.19,-0.000,-0.000,1.000,1.98,1.00,0,0
74.28,-0.000,-0.000,1.000,2.01,1.00,0,0
74.38,-0.000,-0.000,1.000,2.06,1.00,0,0
74.48,-0.000,-0.000,1.000,2.10,1.00,0,0
74.59,-0.000,-0.000,1.000,2.14,1.00,0,0
74.68,-0.000,-0.000,1.000,2.19,1.00,0,0
74.78,-0.000,-0.000,1.000,2.23,1.00,0,0
74.88,-0.000,-0.000,1.000,2.28,1.00,0,0
74.98,-0.000,-0.000,1.000,2.33,1.00,0,0
75.08,-0.000,-0.000,1.000,2.37,1.00,0,0
75.18,-0.000,-0.000,1.000,2.42,1.00,0,0
75.29,-0.000,-0.000,1.000,2.47,1.00,0,0
75.39,-0.000,-0.000,1.000,2.52,1.00,0,0
75.49,-0.000,-0.000,1.000,2.57,1.00,0,0
75.59,-0.000,-0.000,1.000,2.62,1.00,0,0
75.69,-0.000,-0.000,1.000,2.67,1.00,0,0
75.78,-0.000,-0.000,1.000,2.72,1.00,0,0
75.88,-0.000,-0.000,1.000,2.77,1.00,0,0
75.98,-0.000,-0.000,1.000,2.82,1.00,0,0
76.09,-0.000,-0.000,1.000,2.88,1.00,0,0
76.19,-0.000,-0.000,1.000,2.93,1.00,0,0
76.28,-0.000,-0.000,1.000,2.98,1.00,0,0
76.39,-0.000,-0.000,1.000,3.03,1.00,0,0
76.48,-0.000,-0.000,1.000,3.08,1.00,0,0
76.58,-0.000,-0.000,1.000,3.13,1.00,0,0
76.69,-0.000,-0.000,1.000,3.18,1.00,0,0
76.78,-0.000,-0.000,1.000,3.23,1.00,0,0
76.89,-0.000,-0.000,1.000,3.28,1.00,0,0
76.98,-0.000,-0.000,1.000,3.33,1.00,0,0
77.10,-0.000,-0.000,1.000,3.39,1.00,0,0
77.18,-0.000,-0.000,1.000,3.43,1.00,0,0
77.28,-0.000,-0.000,1.000,3.47,1.00,0,0
77.39,-0.000,-0.000,1.000,3.52,1.00,0,0
77.48,-0.000,-0.000,1.000,3.57,1.00,0,0
77.59,-0.000,-0.000,1.000,3.62,1.00,0,0
77.69,-0.000,-0.000,1.000,3.66,1.00,0,0
77.78,-0.000,-0.000,1.000,3.71,1.00,0,0
77.89,-0.000,-0.000,1.000,3.75,1.00,0,0
77.99,-0.000,-0.000,1.000,3.79,1.00,0,0
78.08,-0.000,-0.000,1.000,3.83,1.00,0,0
78.18,-0.000,-0.000,1.000,3.87,1.00,0,0
78.28,-0.000,-0.000,1.000,3.91,1.00,0,0
78.39,-0.000,-0.000,1.000,3.95,1.00,0,0
78.49,-0.000,-0.000,1.000,3.98,1.00,0,0
78.58,-0.000,-0.000,1.000,4.02,1.00,0,0
78.69,-0.000,-0.000,1.000,4.05,1.00,0,0
78.78,-0.000,-0.000,1.000,4.08,1.00,0,0
78.89,-0.000,-0.000,1.000,4.11,1.00,0,0
78.98,-0.000,-0.000,1.000,4.14,1.00,0,0
79.08,-0.000,-0.000,1.000,4.17,1.00,0,0
79.18,-0.000,-0.000,1.000,4.19,1.00,0,0
79.28,-0.000,-0.000,1.000,4.22,1.00,0,0
79.38,-0.000,-0.000,1.000,4.24,1.00,0,0
79.48,-0.000,-0.000,1.000,4.34,1.00,0,0
79.58,-0.000,-0.000,1.000,4.45,1.00,0,0
79.69,-0.000,-0.000,1.000,4.51,1.00,0,0
79.78,-0.000,-0.000,1.000,4.54,1.00,0,0
79.89,-0.000,-0.000,1.000,4.54,1.00,0,0
79.99,-0.000,-0.000,1.000,4.53,1.00,0,0
80.08,-0.000,-0.000,1.000,4.51,1.00,0,0
80.18,-0.000,-0.000,1.000,4.48,1.00,0,0
80.29,-0.000,-0.000,1.000,4.46,1.00,0,0
80.39,-0.000,-0.000,1.000,4.44,1.00,0,0
80.48,-0.000,-0.000,1.000,4.44,1.00,0,0
80.59,-0.000,-0.000,1.000,4.43,1.00,0,0
80.69,-0.000,-0.000,1.000,4.41,1.00,0,0
80.78,-0.000,-0.000,1.000,4.39,1.00,0,0
80.89,-0.000,-0.000,1.000,4.37,1.00,0,0
80.98,-0.000,-0.000,1.000,4.34,1.00,0,0
81.09,-0.000,-0.000,1.000,4.31,1.00,0,0
81.19,-0.000,-0.000,1.000,4.27,1.00,0,0
81.28,-0.000,-0.000,1.000,4.24,1.00,0,0
81.39,-0.000,-0.000,1.000,4.20,1.00,0,0
81.48,-0.000,-0.000,1.000,4.15,1.00,0,0
81.59,-0.000,-0.000,1.000,4.10,1.00,0,0
81.68,-0.000,-0.000,1.000,4.04,1.00,0,0
81.79,-0.000,-0.000,1.000,3.98,1.00,0,0
81.89,-0.000,-0.000,1.000,3.91,1.00,0,0
81.98,-0.000,-0.000,1.000,3.84,1.00,0,0
82.09,-0.000,-0.000,1.000,3.77,1.00,0,0
82.19,-0.000,-0.000,1.000,3.70,1.00,0,0
82.28,-0.000,-0.000,1.000,3.63,1.00,0,0
82.38,-0.000,-0.000,1.000,3.56,1.00,0,0
82.49,-0.000,-0.000,1.000,3.49,1.00,0,0
82.59,-0.000,-0.000,1.000,3.42,1.00,0,0
82.69,-0.000,-0.000,1.000,3.34,1.00,0,0
82.78,-0.000,-0.000,1.000,3.27,1.00,0,0
82.89,-0.000,-0.000,1.000,3.19,1.00,0,0
82.98,-0.000,-0.000,1.000,3.11,1.00,0,0
83.08,-0.000,-0.000,1.000,3.04,1.00,0,0
83.18,-0.000,-0.000,1.000,2.97,1.00,0,0
83.28,-0.000,-0.000,1.000,2.90,1.00,0,0
83.39,-0.000,-0.000,1.000,2.84,1.00,0,0
83.49,-0.000,-0.000,1.000,2.78,1.00,0,0
83.58,-0.000,-0.000,1.000,2.73,1.00,0,0
83.69,-0.000,-0.000,1.000,2.69,1.00,0,0
83.79,-0.000,-0.000,1.000,2.64,1.00,0,0
83.89,-0.000,-0.000,1.000,2.61,1.00,0,0
83.98,-0.000,-0.000,1.000,2.58,1.00,0,0
84.09,-0.000,-0.000,1.000,2.55,1.00,0,0
84.19,-0.000,-0.000,1.000,2.53,1.00,0,0
84.28,-0.000,-0.000,1.000,2.52,1.00,0,0
84.39,-0.000,-0.000,1.000,2.52,1.00,0,0
84.48,-0.000,-0.000,1.000,2.53,1.00,0,0
84.58,-0.000,-0.000,1.000,2.54,1.00,0,0
84.69,-0.000,-0.000,1.000,2.57,1.00,0,0
84.79,-0.000,-0.000,1.000,2.60,1.00,0,0
84.89,-0.000,-0.000,1.000,2.63,1.00,0,0
84.98,-0.000,-0.000,1.000,2.68,1.00,0,0
85.08,-0.000,-0.000,1.000,2.72,1.00,0,0
85.19,-0.000,-0.000,1.000,2.78,1.00,0,0
85.28,-0.000,-0.000,1.000,2.83,1.00,0,0
85.38,-0.000,-0.000,1.000,2.89,1.00,0,0
85.49,-0.000,-0.000,1.000,2.95,1.00,0,0
85.58,-0.000,-0.000,1.000,3.02,1.00,0,0
85.69,-0.000,-0.000,1.000,3.09,1.00,0,0
85.78,-0.000,-0.000,1.000,3.16,1.00,0,0
85.89,-0.000,-0.000,1.000,3.24,1.00,0,0
85.98,-0.000,-0.000,1.000,3.32,1.00,0,0
86.08,-0.000,-0.000,1.000,3.40,1.00,0,0
86.18,-0.000,-0.000,1.000,3.47,1.00,0,0
86.29,-0.000,-0.000,1.000,3.55,1.00,0,0
86.39,-0.000,-0.000,1.000,3.62,1.00,0,0
86.48,-0.000,-0.000,1.000,3.68,1.00,0,0
86.58,-0.000,-0.000,1.000,3.75,1.00,0,0
86.68,-0.000,-0.000,1.000,3.81,1.00,0,0
86.78,-0.000,-0.000,1.000,3.87,1.00,0,0
86.89,-0.000,-0.000,1.000,3.93,1.00,0,0
86.99,-0.000,-0.000,1.000,3.99,1.00,0,0
87.08,-0.000,-0.000,1.000,4.05,1.00,0,0
87.19,-0.000,-0.000,1.000,4.11,1.00,0,0
87.29,-0.000,-0.000,1.000,4.17,1.00,0,0
87.39,-0.000,-0.000,1.000,4.23,1.00,0,0
87.48,-0.000,-0.000,1.000,4.27,1.00,0,0
87.59,-0.000,-0.000,1.000,4.30,1.00,0,0
87.69,-0.000,-0.000,1.000,4.33,1.00,0,0
87.78,-0.000,-0.000,1.000,4.36,1.00,0,0
87.88,-0.000,-0.000,1.000,4.40,1.00,0,0
87.99,-0.000,-0.000,1.000,4.43,1.00,0,0
88.09,-0.000,-0.000,1.000,4.47,1.00,0,0
88.19,-0.000,-0.000,1.000,4.50,1.00,0,0
88.28,-0.000,-0.000,1.000,4.54,1.00,0,0
88.39,-0.000,-0.000,1.000,4.57,1.00,0,0
88.48,-0.000,-0.000,1.000,4.61,1.00,0,0
88.58,-0.000,-0.000,1.000,4.64,1.00,0,0
88.68,-0.000,-0.000,1.000,4.67,1.00,0,0
88.78,-0.000,-0.000,1.000,4.71,1.00,0,0
88.89,-0.000,-0.000,1.000,4.74,1.00,0,0
88.98,-0.000,-0.000,1.000,4.76,1.00,0,0
89.08,-0.000,-0.000,1.000,4.79,1.00,0,0
89.18,-0.000,-0.000,1.000,4.81,1.00,0,0
89.28,-0.000,-0.000,1.000,4.83,1.00,0,0
89.39,-0.000,-0.000,1.000,4.85,1.00,0,0
89.49,-0.000,-0.000,1.000,4.42,1.00,0,0
89.59,-0.000,-0.000,1.000,4.40,1.00,0,0
89.68,-0.000,-0.000,1.000,4.37,1.00,0,0
89.78,-0.000,-0.000,1.000,4.34,1.00,0,0
89.88,-0.000,-0.000,1.000,4.31,1.00,0,0
89.98,-0.000,-0.000,1.000,4.27,1.00,0,0
90.08,-0.000,-0.000,1.000,4.24,1.00,0,0
90.19,-0.000,-0.000,1.000,4.20,1.00,0,0
90.28,-0.000,-0.000,1.000,4.16,1.00,0,0
90.39,-0.000,-0.000,1.000,4.12,1.00,0,0
90.49,-0.000,-0.000,1.000,4.07,1.00,0,0
90.58,-0.000,-0.000,1.000,4.03,1.00,0,0
90.69,-0.000,-0.000,1.000,3.98,1.00,0,0
90.79,-0.000,-0.000,1.000,3.93,1.00,0,0
90.90,-0.000,-0.000,1.000,3.88,1.00,0,0
90.98,-0.000,-0.000,1.000,3.83,1.00,0,0
91.08,-0.000,-0.000,1.000,3.78,1.00,0,0
91.18,-0.000,-0.000,1.000,3.72,1.00,0,0
91.29,-0.000,-0.000,1.000,3.67,1.00,0,0
91.39,-0.000,-0.000,1.000,3.62,1.00,0,0
91.48,-0.000,-0.000,1.000,3.56,1.00,0,0
91.58,-0.000,-0.000,1.000,3.51,1.00,0,0
91.69,-0.000,-0.000,1.000,3.45,1.00,0,0
91.79,-0.000,-0.000,1.000,3.39,1.00,0,0
91.88,-0.000,-0.000,1.000,3.34,1.00,0,0
91.98,-0.000,-0.000,1.000,3.28,1.00,0,0
92.09,-0.000,-0.000,1.000,3.22,1.00,0,0
92.19,-0.000,-0.000,1.000,3.16,1.00,0,0
92.28,-0.000,-0.000,1.000,3.11,1.00,0,0
92.39,-0.000,-0.000,1.000,3.05,1.00,0,0
92.48,-0.000,-0.000,1.000,3.00,1.00,0,0
92.58,-0.000,-0.000,1.000,2.95,1.00,0,0
92.69,-0.000,-0.000,1.000,2.89,1.00,0,0
92.79,-0.000,-0.000,1.000,2.84,1.00,0,0
92.89,-0.000,-0.000,1.000,2.78,1.00,0,0
92.98,-0.000,-0.000,1.000,2.73,1.00,0,0
93.08,-0.000,-0.000,1.000,2.68,1.00,0,0
93.18,-0.000,-0.000,1.000,2.63,1.00,0,0
93.28,-0.000,-0.000,1.000,2.58,1.00,0,0
93.39,-0.000,-0.000,1.000,2.53,1.00,0,0
93.48,-0.000,-0.000,1.000,2.49,1.00,0,0
93.59,-0.000,-0.000,1.000,2.45,1.00,0,0
93.69,-0.000,-0.000,1.000,2.40,1.00,0,0
93.79,-0.000,-0.000,1.000,2.36,1.00,0,0
93.89,-0.000,-0.000,1.000,2.32,1.00,0,0
93.99,-0.000,-0.000,1.000,2.29,1.00,0,0
94.09,-0.000,-0.000,1.000,2.25,1.00,0,0
94.19,-0.000,-0.000,1.000,2.22,1.00,0,0
94.29,-0.000,-0.000,1.000,2.19,1.00,0,0
94.38,-0.000,-0.000,1.000,2.16,1.00,0,0
94.49,-0.000,-0.000,1.000,2.13,1.00,0,0
94.59,-0.000,-0.000,1.000,2.11,1.00,0,0
94.68,-0.000,-0.000,1.000,2.09,1.00,0,0
94.78,-0.000,-0.000,1.000,2.07,1.00,0,0
94.88,-0.000,-0.000,1.000,2.05,1.00,0,0
94.98,-0.000,-0.000,1.000,2.04,1.00,0,0
95.09,-0.000,-0.000,1.000,2.03,1.00,0,0
95.19,-0.000,-0.000,1.000,2.02,1.00,0,0
95.28,-0.000,-0.000,1.000,2.01,1.00,0,0
95.38,-0.000,-0.000,1.000,2.01,1.00,0,0
95.49,-0.000,-0.000,1.000,2.01,1.00,0,0
95.59,-0.000,-0.000,1.000,2.01,1.00,0,0
95.68,-0.000,-0.000,1.000,2.02,1.00,0,0
95.78,-0.000,-0.000,1.000,2.03,1.00,0,0
95.89,-0.000,-0.000,1.000,2.04,1.00,0,0
95.98,-0.000,-0.000,1.000,2.06,1.00,0,0
96.08,-0.000,-0.000,1.000,2.07,1.00,0,0
96.18,-0.000,-0.000,1.000,2.09,1.00,0,0
96.29,-0.000,-0.000,1.000,2.12,1.00,0,0
96.39,-0.000,-0.000,1.000,2.14,1.00,0,0
96.49,-0.000,-0.000,1.000,2.17,1.00,0,0
96.58,-0.000,-0.000,1.000,2.20,1.00,0,0
96.68,-0.000,-0.000,1.000,2.23,1.00,0,0
96.79,-0.000,-0.000,1.000,2.27,1.00,0,0
96.89,-0.000,-0.000,1.000,2.30,1.00,0,0
96.98,-0.000,-0.000,1.000,2.34,1.00,0,0
97.09,-0.000,-0.000,1.000,2.38,1.00,0,0
97.19,-0.000,-0.000,1.000,2.42,1.00,0,0
97.29,-0.000,-0.000,1.000,2.46,1.00,0,0
97.38,-0.000,-0.000,1.000,2.51,1.00,0,0
97.49,-0.000,-0.000,1.000,2.56,1.00,0,0
97.59,-0.000,-0.000,1.000,2.60,1.00,0,0
97.69,-0.000,-0.000,1.000,2.65,1.00,0,0
97.78,-0.000,-0.000,1.000,2.70,1.00,0,0
97.89,-0.000,-0.000,1.000,2.75,1.00,0,0
97.99,-0.000,-0.000,1.000,2.80,1.00,0,0
98.08,-0.000,-0.000,1.000,2.86,1.00,0,0
98.19,-0.000,-0.000,1.000,2.91,1.00,0,0
98.29,-0.000,-0.000,1.000,2.97,1.00,0,0
98.39,-0.000,-0.000,1.000,3.02,1.00,0,0
98.49,-0.000,-0.000,1.000,3.08,1.00,0,0
98.59,-0.000,-0.000,1.000,3.13,1.00,0,0
98.69,-0.000,-0.000,1.000,3.19,1.00,0,0
98.78,-0.000,-0.000,1.000,3.25,1.00,0,0
98.89,-0.000,-0.000,1.000,3.30,1.00,0,0
98.98,-0.000,-0.000,1.000,3.36,1.00,0,0
99.09,-0.000,-0.000,1.000,3.42,1.00,0,0
99.19,-0.000,-0.000,1.000,3.47,1.00,0,0
99.28,-0.000,-0.000,1.000,3.53,1.00,0,0
99.38,-0.000,-0.000,1.000,3.58,1.00,0,0
99.49,-0.000,-0.000,1.000,3.64,1.00,0,0
99.59,-0.000,-0.000,1.000,3.69,1.00,0,0
99.69,-0.000,-0.000,1.000,3.75,1.00,0,0
99.78,-0.000,-0.000,1.000,3.80,1.00,0,0
99.88,-0.000,-0.000,1.000,3.85,1.00,0,0
99.99,-0.000,-0.000,1.000,3.90,1.00,0,0
100.09,-0.000,-0.000,1.000,3.95,1.00,0,0
100.19,-0.000,-0.000,1.000,4.00,1.00,0,0
100.28,-0.000,-0.000,1.000,4.04,1.00,0,0
100.38,-0.000,-0.000,1.000,4.09,1.00,0,0
100.48,-0.000,-0.000,1.000,4.13,1.00,0,0
100.58,-0.000,-0.000,1.000,4.18,1.00,0,0
100.68,-0.000,-0.000,1.000,4.22,1.00,0,0
100.78,-0.000,-0.000,1.000,4.25,1.00,0,0
100.89,-0.000,-0.000,1.000,4.29,1.00,0,0
100.99,-0.000,-0.000,1.000,4.32,1.00,0,0
101.08,-0.000,-0.000,1.000,4.35,1.00,0,0
101.19,-0.000,-0.000,1.000,4.38,1.00,0,0
101.28,-0.000,-0.000,1.000,4.41,1.00,0,0
101.39,-0.000,-0.000,1.000,4.43,1.00,0,0
101.48,-0.000,-0.000,1.000,4.84,1.00,0,0
101.58,-0.000,-0.000,1.000,4.83,1.00,0,0
101.69,-0.000,-0.000,1.000,4.80,1.00,0,0
101.78,-0.000,-0.000,1.000,4.78,1.00,0,0
101.88,-0.000,-0.000,1.000,4.75,1.00,0,0
101.98,-0.000,-0.000,1.000,4.72,1.00,0,0
102.08,-0.000,-0.000,1.000,4.69,1.00,0,0
102.19,-0.000,-0.000,1.000,4.66,1.00,0,0
102.28,-0.000,-0.000,1.000,4.63,1.00,0,0
102.38,-0.000,-0.000,1.000,4.59,1.00,0,0
102.49,-0.000,-0.000,1.000,4.56,1.00,0,0
102.60,-0.000,-0.000,1.000,4.52,1.00,0,0
102.69,-0.000,-0.000,1.000,4.49,1.00,0,0
102.78,-0.000,-0.000,1.000,4.45,1.00,0,0
102.89,-0.000,-0.000,1.000,4.42,1.00,0,0
102.98,-0.000,-0.000,1.000,4.38,1.00,0,0
103.08,-0.000,-0.000,1.000,4.35,1.00,0,0
103.19,-0.000,-0.000,1.000,4.32,1.00,0,0
103.29,-0.000,-0.000,1.000,4.28,1.00,0,0
103.38,-0.000,-0.000,1.000,4.25,1.00,0,0
103.49,-0.000,-0.000,1.000,4.20,1.00,0,0
103.59,-0.000,-0.000,1.000,4.14,1.00,0,0
103.69,-0.000,-0.000,1.000,4.09,1.00,0,0
103.78,-0.000,-0.000,1.000,4.03,1.00,0,0
103.89,-0.000,-0.000,1.000,3.97,1.00,0,0
103.98,-0.000,-0.000,1.000,3.91,1.00,0,0
104.09,-0.000,-0.000,1.000,3.85,1.00,0,0
104.19,-0.000,-0.000,1.000,3.79,1.00,0,0
104.28,-0.000,-0.000,1.000,3.72,1.00,0,0
104.39,-0.000,-0.000,1.000,3.66,1.00,0,0
104.48,-0.000,-0.000,1.000,3.59,1.00,0,0
104.58,-0.000,-0.000,1.000,3.52,1.00,0,0
104.69,-0.000,-0.000,1.000,3.44,1.00,0,0
104.78,-0.000,-0.000,1.000,3.37,1.00,0,0
104.88,-0.000,-0.000,1.000,3.29,1.00,0,0
104.98,-0.000,-0.000,1.000,3.21,1.00,0,0
105.08,-0.000,-0.000,1.000,3.13,1.00,0,0
105.19,-0.000,-0.000,1.000,3.06,1.00,0,0
105.29,-0.000,-0.000,1.000,2.99,1.00,0,0
105.39,-0.000,-0.000,1.000,2.92,1.00,0,0
105.48,-0.000,-0.000,1.000,2.87,1.00,0,0
105.59,-0.000,-0.000,1.000,2.81,1.00,0,0
105.69,-0.000,-0.000,1.000,2.75,1.00,0,0
105.78,-0.000,-0.000,1.000,2.70,1.00,0,0
105.88,-0.000,-0.000,1.000,2.66,1.00,0,0
105.99,-0.000,-0.000,1.000,2.62,1.00,0,0
106.09,-0.000,-0.000,1.000,2.58,1.00,0,0
106.19,-0.000,-0.000,1.000,2.56,1.00,0,0
106.29,-0.000,-0.000,1.000,2.54,1.00,0,0
106.38,-0.000,-0.000,1.000,2.53,1.00,0,0
106.48,-0.000,-0.000,1.000,2.52,1.00,0,0
106.58,-0.000,-0.000,1.000,2.53,1.00,0,0
106.68,-0.000,-0.000,1.000,2.54,1.00,0,0
106.79,-0.000,-0.000,1.000,2.56,1.00,0,0
106.89,-0.000,-0.000,1.000,2.59,1.00,0,0
106.99,-0.000,-0.000,1.000,2.62,1.00,0,0
107.09,-0.000,-0.000,1.000,2.66,1.00,0,0
107.18,-0.000,-0.000,1.000,2.70,1.00,0,0
107.28,-0.000,-0.000,1.000,2.75,1.00,0,0
107.39,-0.000,-0.000,1.000,2.81,1.00,0,0
107.49,-0.000,-0.000,1.000,2.86,1.00,0,0
107.59,-0.000,-0.000,1.000,2.92,1.00,0,0
107.69,-0.000,-0.000,1.000,2.99,1.00,0,0
107.78,-0.000,-0.000,1.000,3.06,1.00,0,0
107.89,-0.000,-0.000,1.000,3.14,1.00,0,0
107.99,-0.000,-0.000,1.000,3.22,1.00,0,0
108.09,-0.000,-0.000,1.000,3.30,1.00,0,0
108.19,-0.000,-0.000,1.000,3.37,1.00,0,0
108.29,-0.000,-0.000,1.000,3.45,1.00,0,0
108.38,-0.000,-0.000,1.000,3.52,1.00,0,0
108.48,-0.000,-0.000,1.000,3.59,1.00,0,0
108.59,-0.000,-0.000,1.000,3.66,1.00,0,0
108.68,-0.000,-0.000,1.000,3.73,1.00,0,0
108.79,-0.000,-0.000,1.000,3.80,1.00,0,0
108.89,-0.000,-0.000,1.000,3.87,1.00,0,0
108.98,-0.000,-0.000,1.000,3.94,1.00,0,0
109.08,-0.000,-0.000,1.000,4.00,1.00,0,0
109.19,-0.000,-0.000,1.000,4.07,1.00,0,0
109.28,-0.000,-0.000,1.000,4.12,1.00,0,0
109.39,-0.000,-0.000,1.000,4.17,1.00,0,0
109.48,-0.000,-0.000,1.000,4.21,1.00,0,0
109.58,-0.000,-0.000,1.000,4.25,1.00,0,0
109.69,-0.000,-0.000,1.000,4.29,1.00,0,0
109.78,-0.000,-0.000,1.000,4.32,1.00,0,0
109.89,-0.000,-0.000,1.000,4.35,1.00,0,0
109.98,-0.000,-0.000,1.000,4.38,1.00,0,0
110.09,-0.000,-0.000,1.000,4.40,1.00,0,0
110.20,-0.000,-0.000,1.000,4.42,1.00,0,0
110.28,-0.000,-0.000,1.000,4.43,1.00,0,0
110.39,-0.000,-0.000,1.000,4.44,1.00,0,0
110.49,-0.000,-0.000,1.000,4.45,1.00,0,0
110.59,-0.000,-0.000,1.000,4.47,1.00,0,0
110.69,-0.000,-0.000,1.000,4.49,1.00,0,0
110.78,-0.000,-0.000,1.000,4.52,1.00,0,0
110.88,-0.000,-0.000,1.000,4.54,1.00,0,0
110.99,-0.000,-0.000,1.000,4.54,1.00,0,0
111.08,-0.000,-0.000,1.000,4.53,1.00,0,0
111.19,-0.000,-0.000,1.000,4.49,1.00,0,0
111.28,-0.000,-0.000,1.000,4.41,1.00,0,0
111.39,-0.000,-0.000,1.000,4.29,1.00,0,0
111.48,-0.000,-0.000,1.000,4.23,1.00,0,0
111.59,-0.000,-0.000,1.000,4.21,1.00,0,0
111.68,-0.000,-0.000,1.000,4.18,1.00,0,0
111.79,-0.000,-0.000,1.000,4.16,1.00,0,0
111.89,-0.000,-0.000,1.000,4.13,1.00,0,0
111.98,-0.000,-0.000,1.000,4.10,1.00,0,0
112.09,-0.000,-0.000,1.000,4.07,1.00,0,0
112.18,-0.000,-0.000,1.000,4.04,1.00,0,0
112.28,-0.000,-0.000,1.000,4.00,1.00,0,0
112.38,-0.000,-0.000,1.000,3.97,1.00,0,0
112.49,-0.000,-0.000,1.000,3.93,1.00,0,0
112.59,-0.000,-0.000,1.000,3.89,1.00,0,0
112.69,-0.000,-0.000,1.000,3.85,1.00,0,0
112.78,-0.000,-0.000,1.000,3.81,1.00,0,0
112.89,-0.000,-0.000,1.000,3.77,1.00,0,0
112.99,-0.000,-0.000,1.000,3.73,1.00,0,0
113.09,-0.000,-0.000,1.000,3.69,1.00,0,0
113.18,-0.000,-0.000,1.000,3.64,1.00,0,0
113.29,-0.000,-0.000,1.000,3.60,1.00,0,0
113.39,-0.000,-0.000,1.000,3.55,1.00,0,0
113.48,-0.000,-0.000,1.000,3.51,1.00,0,0
113.58,-0.000,-0.000,1.000,3.46,1.00,0,0
113.69,-0.000,-0.000,1.000,3.41,1.00,0,0
113.78,-0.000,-0.000,1.000,3.36,1.00,0,0
113.89,-0.000,-0.000,1.000,3.31,1.00,0,0
113.99,-0.000,-0.000,1.000,3.26,1.00,0,0
114.09,-0.000,-0.000,1.000,3.21,1.00,0,0
114.20,-0.000,-0.000,1.000,3.16,1.00,0,0
114.29,-0.000,-0.000,1.000,3.11,1.00,0,0
114.38,-0.000,-0.000,1.000,3.06,1.00,0,0
114.48,-0.000,-0.000,1.000,3.01,1.00,0,0
114.58,-0.000,-0.000,1.000,2.96,1.00,0,0
114.69,-0.000,-0.000,1.000,2.90,1.00,0,0
114.78,-0.000,-0.000,1.000,2.85,1.00,0,0
114.89,-0.000,-0.000,1.000,2.80,1.00,0,0
114.99,-0.000,-0.000,1.000,2.75,1.00,0,0
115.08,-0.000,-0.000,1.000,2.70,1.00,0,0
115.19,-0.000,-0.000,1.000,2.65,1.00,0,0
115.28,-0.000,-0.000,1.000,2.60,1.00,0,0
115.38,-0.000,-0.000,1.000,2.55,1.00,0,0
115.48,-0.000,-0.000,1.000,2.50,1.00,0,0
115.59,-0.000,-0.000,1.000,2.45,1.00,0,0
115.68,-0.000,-0.000,1.000,2.40,1.00,0,0
115.78,-0.000,-0.000,1.000,2.35,1.00,0,0
115.89,-0.000,-0.000,1.000,2.31,1.00,0,0
115.98,-0.000,-0.000,1.000,2.26,1.00,0,0
116.08,-0.000,-0.000,1.000,2.21,1.00,0,0
116.19,-0.000,-0.000,1.000,2.17,1.00,0,0
116.28,-0.000,-0.000,1.000,2.12,1.00,0,0
116.38,-0.000,-0.000,1.000,2.08,1.00,0,0
116.49,-0.000,-0.000,1.000,2.04,1.00,0,0
116.58,-0.000,-0.000,1.000,2.00,1.00,0,0
116.69,-0.000,-0.000,1.000,1.96,1.00,0,0
116.78,-0.000,-0.000,1.000,1.92,1.00,0,0
116.88,-0.000,-0.000,1.000,1.88,1.00,0,0
116.98,-0.000,-0.000,1.000,1.84,1.00,0,0
117.09,-0.000,-0.000,1.000,1.81,1.00,0,0
117.19,-0.000,-0.000,1.000,1.77,1.00,0,0
117.28,-0.000,-0.000,1.000,1.74,1.00,0,0
117.39,-0.000,-0.000,1.000,1.71,1.00,0,0
117.48,-0.000,-0.000,1.000,1.68,1.00,0,0
117.59,-0.000,-0.000,1.000,1.65,1.00,0,0
117.69,-0.000,-0.000,1.000,1.62,1.00,0,0
117.79,-0.000,-0.000,1.000,1.59,1.00,0,0
117.88,-0.000,-0.000,1.000,1.57,1.00,0,0
117.98,-0.000,-0.000,1.000,1.54,1.00,0,0
118.08,-0.000,-0.000,1.000,1.52,1.00,0,0
118.18,-0.000,-0.000,1.000,1.50,1.00,0,0
118.29,-0.000,-0.000,1.000,1.48,1.00,0,0
118.38,-0.000,-0.000,1.000,1.47,1.00,0,0
118.48,-0.000,-0.000,1.000,1.45,1.00,0,0
118.58,-0.000,-0.000,1.000,1.44,1.00,0,0
118.68,-0.000,-0.000,1.000,1.42,1.00,0,0
118.79,-0.000,-0.000,1.000,1.41,1.00,0,0
118.88,-0.000,-0.000,1.000,1.40,1.00,0,0
118.99,-0.000,-0.000,1.000,1.39,1.00,0,0
119.09,-0.000,-0.000,1.000,1.39,1.00,0,0
119.19,-0.000,-0.000,1.000,1.38,1.00,0,0
119.28,-0.000,-0.000,1.000,1.38,1.00,0,0
119.39,-0.000,-0.000,1.000,1.38,1.00,0,0
119.48,-0.000,-0.000,1.000,1.38,1.00,0,0
119.59,-0.000,-0.000,1.000,1.38,1.00,0,0
119.68,-0.000,-0.000,1.000,1.38,1.00,0,0
119.79,-0.000,-0.000,1.000,1.39,1.00,0,0
119.89,-0.000,-0.000,1.000,1.40,1.00,0,0
119.99,-0.000,-0.000,1.000,1.41,1.00,0,0
120.09,-0.000,-0.000,1.000,1.42,1.00,0,0
120.19,-0.000,-0.000,1.000,1.43,1.00,0,0
120.29,-0.000,-0.000,1.000,1.44,1.00,0,0
120.39,-0.000,-0.000,1.000,1.46,1.00,0,0
120.48,-0.000,-0.000,1.000,1.47,1.00,0,0
120.59,-0.000,-0.000,1.000,1.49,1.00,0,0
120.69,-0.000,-0.000,1.000,1.51,1.00,0,0
120.79,-0.000,-0.000,1.000,1.53,1.00,0,0
120.89,-0.000,-0.000,1.000,1.55,1.00,0,0
120.98,-0.000,-0.000,1.000,1.58,1.00,0,0
121.08,-0.000,-0.000,1.000,1.60,1.00,0,0
121.18,-0.000,-0.000,1.000,1.63,1.00,0,0
121.28,-0.000,-0.000,1.000,1.66,1.00,0,0
121.38,-0.000,-0.000,1.000,1.69,1.00,0,0
121.48,-0.000,-0.000,1.000,1.72,1.00,0,0
121.59,-0.000,-0.000,1.000,1.75,1.00,0,0
121.68,-0.000,-0.000,1.000,1.79,1.00,0,0
121.78,-0.000,-0.000,1.000,1.82,1.00,0,0
121.88,-0.000,-0.000,1.000,1.86,1.00,0,0
121.98,-0.000,-0.000,1.000,1.90,1.00,0,0
122.09,-0.000,-0.000,1.000,1.93,1.00,0,0
122.19,-0.000,-0.000,1.000,1.97,1.00,0,0
122.28,-0.000,-0.000,1.000,2.01,1.00,0,0
122.39,-0.000,-0.000,1.000,2.06,1.00,0,0
122.48,-0.000,-0.000,1.000,2.10,1.00,0,0
122.59,-0.000,-0.000,1.000,2.14,1.00,0,0
122.69,-0.000,-0.000,1.000,2.19,1.00,0,0
122.79,-0.000,-0.000,1.000,2.23,1.00,0,0
122.89,-0.000,-0.000,1.000,2.28,1.00,0,0
122.98,-0.000,-0.000,1.000,2.33,1.00,0,0
123.09,-0.000,-0.000,1.000,2.37,1.00,0,0
123.18,-0.000,-0.000,1.000,2.42,1.00,0,0
123.29,-0.000,-0.000,1.000,2.47,1.00,0,0
123.39,-0.000,-0.000,1.000,2.52,1.00,0,0
123.48,-0.000,-0.000,1.000,2.57,1.00,0,0
123.59,-0.000,-0.000,1.000,2.62,1.00,0,0
123.68,-0.000,-0.000,1.000,2.67,1.00,0,0
123.78,-0.000,-0.000,1.000,2.72,1.00,0,0
123.89,-0.000,-0.000,1.000,2.77,1.00,0,0
123.98,-0.000,-0.000,1.000,2.82,1.00,0,0
124.08,-0.000,-0.000,1.000,2.87,1.00,0,0
124.18,-0.000,-0.000,1.000,2.93,1.00,0,0
124.28,-0.000,-0.000,1.000,2.98,1.00,0,0
124.38,-0.000,-0.000,1.000,3.03,1.00,0,0
124.49,-0.000,-0.000,1.000,3.08,1.00,0,0
124.58,-0.000,-0.000,1.000,3.13,1.00,0,0
124.68,-0.000,-0.000,1.000,3.18,1.00,0,0
124.79,-0.000,-0.000,1.000,3.23,1.00,0,0
124.88,-0.000,-0.000,1.000,3.28,1.00,0,0
124.99,-0.000,-0.000,1.000,3.33,1.00,0,0
125.09,-0.000,-0.000,1.000,3.38,1.00,0,0
125.19,-0.000,-0.000,1.000,3.43,1.00,0,0
125.28,-0.000,-0.000,1.000,3.48,1.00,0,0
125.39,-0.000,-0.000,1.000,3.52,1.00,0,0
125.48,-0.000,-0.000,1.000,3.57,1.00,0,0
125.58,-0.000,-0.000,1.000,3.62,1.00,0,0
125.69,-0.000,-0.000,1.000,3.66,1.00,0,0
125.79,-0.000,-0.000,1.000,3.71,1.00,0,0
125.88,-0.000,-0.000,1.000,3.75,1.00,0,0
125.98,-0.000,-0.000,1.000,3.79,1.00,0,0
126.08,-0.000,-0.000,1.000,3.83,1.00,0,0
126.19,-0.000,-0.000,1.000,3.87,1.00,0,0
126.28,-0.000,-0.000,1.000,3.91,1.00,0,0
126.39,-0.000,-0.000,1.000,3.95,1.00,0,0
126.49,-0.000,-0.000,1.000,3.98,1.00,0,0
126.59,-0.000,-0.000,1.000,4.02,1.00,0,0
126.69,-0.000,-0.000,1.000,4.05,1.00,0,0
126.79,-0.000,-0.000,1.000,4.08,1.00,0,0
126.89,-0.000,-0.000,1.000,4.11,1.00,0,0
127.00,-0.000,-0.000,1.000,4.14,1.00,0,0
127.08,-0.000,-0.000,1.000,4.17,1.00,0,0
127.19,-0.000,-0.000,1.000,4.19,1.00,0,0
127.29,-0.000,-0.000,1.000,4.22,1.00,0,0
127.38,-0.000,-0.000,1.000,4.24,1.00,0,0
127.48,-0.000,-0.000,1.000,4.35,1.00,0,0
127.58,-0.000,-0.000,1.000,4.45,1.00,0,0
127.69,-0.000,-0.000,1.000,4.51,1.00,0,0
127.79,-0.000,-0.000,1.000,4.54,1.00,0,0
127.89,-0.000,-0.000,1.000,4.54,1.00,0,0
127.99,-0.000,-0.000,1.000,4.53,1.00,0,0
128.08,-0.000,-0.000,1.000,4.51,1.00,0,0
128.18,-0.000,-0.000,1.000,4.48,1.00,0,0
128.28,-0.000,-0.000,1.000,4.46,1.00,0,0
128.38,-0.000,-0.000,1.000,4.44,1.00,0,0
128.48,-0.000,-0.000,1.000,4.44,1.00,0,0
128.59,-0.000,-0.000,1.000,4.43,1.00,0,0
128.69,-0.000,-0.000,1.000,4.41,1.00,0,0
128.78,-0.000,-0.000,1.000,4.39,1.00,0,0
128.88,-0.000,-0.000,1.000,4.37,1.00,0,0
128.98,-0.000,-0.000,1.000,4.34,1.00,0,0
129.09,-0.000,-0.000,1.000,4.31,1.00,0,0
129.18,-0.000,-0.000,1.000,4.27,1.00,0,0
129.28,-0.000,-0.000,1.000,4.24,1.00,0,0
129.39,-0.000,-0.000,1.000,4.19,1.00,0,0
129.49,-0.000,-0.000,1.000,4.15,1.00,0,0
129.58,-0.000,-0.000,1.000,4.10,1.00,0,0
129.68,-0.000,-0.000,1.000,4.04,1.00,0,0
129.78,-0.000,-0.000,1.000,3.98,1.00,0,0
129.88,-0.000,-0.000,1.000,3.91,1.00,0,0
129.99,-0.000,-0.000,1.000,3.84,1.00,0,0
130.09,-0.000,-0.000,1.000,3.77,1.00,0,0
130.19,-0.000,-0.000,1.000,3.70,1.00,0,0
130.28,-0.000,-0.000,1.000,3.63,1.00,0,0
130.38,-0.000,-0.000,1.000,3.56,1.00,0,0
130.48,-0.000,-0.000,1.000,3.49,1.00,0,0
130.59,-0.000,-0.000,1.000,3.42,1.00,0,0
130.69,-0.000,-0.000,1.000,3.34,1.00,0,0
130.78,-0.000,-0.000,1.000,3.27,1.00,0,0
130.88,-0.000,-0.000,1.000,3.19,1.00,0,0
130.98,-0.000,-0.000,1.000,3.11,1.00,0,0
131.09,-0.000,-0.000,1.000,3.04,1.00,0,0
131.19,-0.000,-0.000,1.000,2.96,1.00,0,0
131.29,-0.000,-0.000,1.000,2.90,1.00,0,0
131.38,-0.000,-0.000,1.000,2.84,1.00,0,0
131.49,-0.000,-0.000,1.000,2.78,1.00,0,0
131.58,-0.000,-0.000,1.000,2.73,1.00,0,0
131.68,-0.000,-0.000,1.000,2.69,1.00,0,0
131.78,-0.000,-0.000,1.000,2.64,1.00,0,0
131.89,-0.000,-0.000,1.000,2.61,1.00,0,0
131.98,-0.000,-0.000,1.000,2.58,1.00,0,0
132.08,-0.000,-0.000,1.000,2.55,1.00,0,0
132.19,-0.000,-0.000,1.000,2.53,1.00,0,0
132.28,-0.000,-0.000,1.000,2.52,1.00,0,0
132.39,-0.000,-0.000,1.000,2.52,1.00,0,0
132.49,-0.000,-0.000,1.000,2.53,1.00,0,0
132.58,-0.000,-0.000,1.000,2.54,1.00,0,0
132.69,-0.000,-0.000,1.000,2.57,1.00,0,0
132.78,-0.000,-0.000,1.000,2.60,1.00,0,0
132.89,-0.000,-0.000,1.000,2.63,1.00,0,0
132.98,-0.000,-0.000,1.000,2.68,1.00,0,0
133.08,-0.000,-0.000,1.000,2.72,1.00,0,0
133.19,-0.000,-0.000,1.000,2.77,1.00,0,0
133.29,-0.000,-0.000,1.000,2.83,1.00,0,0
133.39,-0.000,-0.000,1.000,2.89,1.00,0,0
133.49,-0.000,-0.000,1.000,2.95,1.00,0,0
133.59,-0.000,-0.000,1.000,3.02,1.00,0,0
133.69,-0.000,-0.000,1.000,3.09,1.00,0,0
133.79,-0.000,-0.000,1.000,3.16,1.00,0,0
133.89,-0.000,-0.000,1.000,3.24,1.00,0,0
133.99,-0.000,-0.000,1.000,3.32,1.00,0,0
134.08,-0.000,-0.000,1.000,3.40,1.00,0,0
134.19,-0.000,-0.000,1.000,3.48,1.00,0,0
134.28,-0.000,-0.000,1.000,3.55,1.00,0,0
134.38,-0.000,-0.000,1.000,3.62,1.00,0,0
134.48,-0.000,-0.000,1.000,3.69,1.00,0,0
134.58,-0.000,-0.000,1.000,3.75,1.00,0,0
134.68,-0.000,-0.000,1.000,3.81,1.00,0,0
134.78,-0.000,-0.000,1.000,3.87,1.00,0,0
134.89,-0.000,-0.000,1.000,3.93,1.00,0,0
134.99,-0.000,-0.000,1.000,3.99,1.00,0,0
135.09,-0.000,-0.000,1.000,4.05,1.00,0,0
135.18,-0.000,-0.000,1.000,4.11,1.00,0,0
135.29,-0.000,-0.000,1.000,4.17,1.00,0,0
135.38,-0.000,-0.000,1.000,4.23,1.00,0,0
135.49,-0.000,-0.000,1.000,4.27,1.00,0,0
135.59,-0.000,-0.000,1.000,4.30,1.00,0,0
135.69,-0.000,-0.000,1.000,4.33,1.00,0,0
135.78,-0.000,-0.000,1.000,4.36,1.00,0,0
135.89,-0.000,-0.000,1.000,4.40,1.00,0,0
135.98,-0.000,-0.000,1.000,4.43,1.00,0,0
136.09,-0.000,-0.000,1.000,4.47,1.00,0,0
136.18,-0.000,-0.000,1.000,4.50,1.00,0,0
136.29,-0.000,-0.000,1.000,4.54,1.00,0,0
136.38,-0.000,-0.000,1.000,4.57,1.00,0,0
136.48,-0.000,-0.000,1.000,4.61,1.00,0,0
136.59,-0.000,-0.000,1.000,4.64,1.00,0,0
136.68,-0.000,-0.000,1.000,4.67,1.00,0,0
136.78,-0.000,-0.000,1.000,4.71,1.00,0,0
136.89,-0.000,-0.000,1.000,4.74,1.00,0,0
136.99,-0.000,-0.000,1.000,4.76,1.00,0,0
137.09,-0.000,-0.000,1.000,4.79,1.00,0,0
137.18,-0.000,-0.000,1.000,4.81,1.00,0,0
137.28,-0.000,-0.000,1.000,4.83,1.00,0,0
137.38,-0.000,-0.000,1.000,4.85,1.00,0,0
137.49,-0.000,-0.000,1.000,4.42,1.00,0,0
137.59,-0.000,-0.000,1.000,4.40,1.00,0,0
137.68,-0.000,-0.000,1.000,4.37,1.00,0,0
137.79,-0.000,-0.000,1.000,4.34,1.00,0,0
137.88,-0.000,-0.000,1.000,4.31,1.00,0,0
137.98,-0.000,-0.000,1.000,4.28,1.00,0,0
138.08,-0.000,-0.000,1.000,4.24,1.00,0,0
138.18,-0.000,-0.000,1.000,4.20,1.00,0,0
138.28,-0.000,-0.000,1.000,4.16,1.00,0,0
138.38,-0.000,-0.000,1.000,4.12,1.00,0,0
138.48,-0.000,-0.000,1.000,4.07,1.00,0,0
138.59,-0.000,-0.000,1.000,4.03,1.00,0,0
138.68,-0.000,-0.000,1.000,3.98,1.00,0,0
138.78,-0.000,-0.000,1.000,3.93,1.00,0,0
138.88,-0.000,-0.000,1.000,3.88,1.00,0,0
138.99,-0.000,-0.000,1.000,3.83,1.00,0,0
139.10,-0.000,-0.000,1.000,3.78,1.00,0,0
139.18,-0.000,-0.000,1.000,3.73,1.00,0,0
139.28,-0.000,-0.000,1.000,3.67,1.00,0,0
139.38,-0.000,-0.000,1.000,3.62,1.00,0,0
139.48,-0.000,-0.000,1.000,3.56,1.00,0,0
139.58,-0.000,-0.000,1.000,3.51,1.00,0,0
139.69,-0.000,-0.000,1.000,3.45,1.00,0,0
139.78,-0.000,-0.000,1.000,3.39,1.00,0,0
139.89,-0.000,-0.000,1.000,3.34,1.00,0,0
139.98,-0.000,-0.000,1.000,3.28,1.00,0,0
140.08,-0.000,-0.000,1.000,3.22,1.00,0,0
140.18,-0.000,-0.000,1.000,3.17,1.00,0,0
140.28,-0.000,-0.000,1.000,3.11,1.00,0,0
140.38,-0.000,-0.000,1.000,3.05,1.00,0,0
140.48,-0.000,-0.000,1.000,3.00,1.00,0,0
140.59,-0.000,-0.000,1.000,2.94,1.00,0,0
140.68,-0.000,-0.000,1.000,2.89,1.00,0,0
140.78,-0.000,-0.000,1.000,2.84,1.00,0,0
140.89,-0.000,-0.000,1.000,2.78,1.00,0,0
140.98,-0.000,-0.000,1.000,2.73,1.00,0,0
141.08,-0.000,-0.000,1.000,2.68,1.00,0,0
141.18,-0.000,-0.000,1.000,2.63,1.00,0,0
141.29,-0.000,-0.000,1.000,2.58,1.00,0,0
141.39,-0.000,-0.000,1.000,2.54,1.00,0,0
141.48,-0.000,-0.000,1.000,2.49,1.00,0,0
141.58,-0.000,-0.000,1.000,2.45,1.00,0,0
141.68,-0.000,-0.000,1.000,2.40,1.00,0,0
141.79,-0.000,-0.000,1.000,2.36,1.00,0,0
141.89,-0.000,-0.000,1.000,2.32,1.00,0,0
141.99,-0.000,-0.000,1.000,2.29,1.00,0,0
142.09,-0.000,-0.000,1.000,2.25,1.00,0,0
142.18,-0.000,-0.000,1.000,2.22,1.00,0,0
142.28,-0.000,-0.000,1.000,2.19,1.00,0,0
142.38,-0.000,-0.000,1.000,2.16,1.00,0,0
142.49,-0.000,-0.000,1.000,2.13,1.00,0,0
142.58,-0.000,-0.000,1.000,2.11,1.00,0,0
142.68,-0.000,-0.000,1.000,2.09,1.00,0,0
142.79,-0.000,-0.000,1.000,2.07,1.00,0,0
142.89,-0.000,-0.000,1.000,2.05,1.00,0,0
142.99,-0.000,-0.000,1.000,2.04,1.00,0,0
143.08,-0.000,-0.000,1.000,2.03,1.00,0,0
143.19,-0.000,-0.000,1.000,2.02,1.00,0,0
143.28,-0.000,-0.000,1.000,2.01,1.00,0,0
143.39,-0.000,-0.000,1.000,2.01,1.00,0,0
143.49,-0.000,-0.000,1.000,2.01,1.00,0,0
143.59,-0.000,-0.000,1.000,2.01,1.00,0,0
143.68,-0.000,-0.000,1.000,2.02,1.00,0,0
143.79,-0.000,-0.000,1.000,2.03,1.00,0,0
143.88,-0.000,-0.000,1.000,2.04,1.00,0,0
143.99,-0.000,-0.000,1.000,2.06,1.00,0,0
144.09,-0.000,-0.000,1.000,2.08,1.00,0,0
144.19,-0.000,-0.000,1.000,2.09,1.00,0,0
144.29,-0.000,-0.000,1.000,2.12,1.00,0,0
144.39,-0.000,-0.000,1.000,2.14,1.00,0,0
144.49,-0.000,-0.000,1.000,2.17,1.00,0,0
144.59,-0.000,-0.000,1.000,2.20,1.00,0,0
144.69,-0.000,-0.000,1.000,2.23,1.00,0,0
144.79,-0.000,-0.000,1.000,2.26,1.00,0,0
144.89,-0.000,-0.000,1.000,2.30,1.00,0,0
144.98,-0.000,-0.000,1.000,2.34,1.00,0,0
145.09,-0.000,-0.000,1.000,2.38,1.00,0,0
145.18,-0.000,-0.000,1.000,2.42,1.00,0,0
145.28,-0.000,-0.000,1.000,2.46,1.00,0,0
145.38,-0.000,-0.000,1.000,2.51,1.00,0,0
145.48,-0.000,-0.000,1.000,2.55,1.00,0,0
145.59,-0.000,-0.000,1.000,2.60,1.00,0,0
145.68,-0.000,-0.000,1.000,2.65,1.00,0,0
145.78,-0.000,-0.000,1.000,2.70,1.00,0,0
145.89,-0.000,-0.000,1.000,2.75,1.00,0,0
145.98,-0.000,-0.000,1.000,2.80,1.00,0,0
146.09,-0.000,-0.000,1.000,2.86,1.00,0,0
146.18,-0.000,-0.000,1.000,2.91,1.00,0,0
146.29,-0.000,-0.000,1.000,2.97,1.00,0,0
146.38,-0.000,-0.000,1.000,3.02,1.00,0,0
146.49,-0.000,-0.000,1.000,3.08,1.00,0,0
146.59,-0.000,-0.000,1.000,3.13,1.00,0,0
146.68,-0.000,-0.000,1.000,3.19,1.00,0,0
146.78,-0.000,-0.000,1.000,3.25,1.00,0,0
146.88,-0.000,-0.000,1.000,3.30,1.00,0,0
146.99,-0.000,-0.000,1.000,3.36,1.00,0,0
147.08,-0.000,-0.000,1.000,3.42,1.00,0,0
147.19,-0.000,-0.000,1.000,3.47,1.00,0,0
147.29,-0.000,-0.000,1.000,3.53,1.00,0,0
147.39,-0.000,-0.000,1.000,3.58,1.00,0,0
147.48,-0.000,-0.000,1.000,3.64,1.00,0,0
147.59,-0.000,-0.000,1.000,3.69,1.00,0,0
147.69,-0.000,-0.000,1.000,3.75,1.00,0,0
147.79,-0.000,-0.000,1.000,3.80,1.00,0,0
147.88,-0.000,-0.000,1.000,3.85,1.00,0,0
147.99,-0.000,-0.000,1.000,3.90,1.00,0,0
148.08,-0.000,-0.000,1.000,3.95,1.00,0,0
148.18,-0.000,-0.000,1.000,4.00,1.00,0,0
148.28,-0.000,-0.000,1.000,4.05,1.00,0,0
148.39,-0.000,-0.000,1.000,4.09,1.00,0,0
148.48,-0.000,-0.000,1.000,4.13,1.00,0,0
148.58,-0.000,-0.000,1.000,4.17,1.00,0,0
148.69,-0.000,-0.000,1.000,4.22,1.00,0,0
148.78,-0.000,-0.000,1.000,4.25,1.00,0,0
148.89,-0.000,-0.000,1.000,4.29,1.00,0,0
148.98,-0.000,-0.000,1.000,4.32,1.00,0,0
149.09,-0.000,-0.000,1.000,4.35,1.00,0,0
149.18,-0.000,-0.000,1.000,4.38,1.00,0,0
149.28,-0.000,-0.000,1.000,4.41,1.00,0,0
149.38,-0.000,-0.000,1.000,4.43,1.00,0,0
149.48,-0.000,-0.000,1.000,4.84,1.00,0,0
149.59,-0.000,-0.000,1.000,4.83,1.00,0,0
149.69,-0.000,-0.000,1.000,4.80,1.00,0,0
149.78,-0.000,-0.000,1.000,4.78,1.00,0,0
149.88,-0.000,-0.000,1.000,4.75,1.00,0,0
149.99,-0.000,-0.000,1.000,4.72,1.00,0,0
150.08,-0.000,-0.000,1.000,4.69,1.00,0,0
150.19,-0.000,-0.000,1.000,4.66,1.00,0,0
150.28,-0.000,-0.000,1.000,4.63,1.00,0,0
150.39,-0.000,-0.000,1.000,4.59,1.00,0,0
150.48,-0.000,-0.000,1.000,4.56,1.00,0,0
150.59,-0.000,-0.000,1.000,4.52,1.00,0,0
150.68,-0.000,-0.000,1.000,4.49,1.00,0,0
150.79,-0.000,-0.000,1.000,4.45,1.00,0,0
150.88,-0.000,-0.000,1.000,4.42,1.00,0,0
150.99,-0.000,-0.000,1.000,4.38,1.00,0,0
151.08,-0.000,-0.000,1.000,4.35,1.00,0,0
151.18,-0.000,-0.000,1.000,4.32,1.00,0,0
151.28,-0.000,-0.000,1.000,4.28,1.00,0,0
151.38,-0.000,-0.000,1.000,4.25,1.00,0,0
151.49,-0.000,-0.000,1.000,4.20,1.00,0,0
151.59,-0.000,-0.000,1.000,4.14,1.00,0,0
151.68,-0.000,-0.000,1.000,4.09,1.00,0,0
151.78,-0.000,-0.000,1.000,4.03,1.00,0,0
151.89,-0.000,-0.000,1.000,3.97,1.00,0,0
151.98,-0.000,-0.000,1.000,3.91,1.00,0,0
152.09,-0.000,-0.000,1.000,3.85,1.00,0,0
152.18,-0.000,-0.000,1.000,3.79,1.00,0,0
152.29,-0.000,-0.000,1.000,3.72,1.00,0,0
152.38,-0.000,-0.000,1.000,3.66,1.00,0,0
152.49,-0.000,-0.000,1.000,3.59,1.00,0,0
152.58,-0.000,-0.000,1.000,3.52,1.00,0,0
152.68,-0.000,-0.000,1.000,3.44,1.00,0,0
152.78,-0.000,-0.000,1.000,3.37,1.00,0,0
152.89,-0.000,-0.000,1.000,3.29,1.00,0,0
152.98,-0.000,-0.000,1.000,3.21,1.00,0,0
153.08,-0.000,-0.000,1.000,3.13,1.00,0,0
153.19,-0.000,-0.000,1.000,3.06,1.00,0,0
153.28,-0.000,-0.000,1.000,2.99,1.00,0,0
153.38,-0.000,-0.000,1.000,2.92,1.00,0,0
153.48,-0.000,-0.000,1.000,2.87,1.00,0,0
153.58,-0.000,-0.000,1.000,2.81,1.00,0,0
153.69,-0.000,-0.000,1.000,2.75,1.00,0,0
153.79,-0.000,-0.000,1.000,2.70,1.00,0,0
153.88,-0.000,-0.000,1.000,2.66,1.00,0,0
153.99,-0.000,-0.000,1.000,2.62,1.00,0,0
154.09,-0.000,-0.000,1.000,2.58,1.00,0,0
154.19,-0.000,-0.000,1.000,2.56,1.00,0,0
154.28,-0.000,-0.000,1.000,2.54,1.00,0,0
154.39,-0.000,-0.000,1.000,2.53,1.00,0,0
154.49,-0.000,-0.000,1.000,2.52,1.00,0,0
154.58,-0.000,-0.000,1.000,2.53,1.00,0,0
154.68,-0.000,-0.000,1.000,2.54,1.00,0,0
154.79,-0.000,-0.000,1.000,2.56,1.00,0,0
154.88,-0.000,-0.000,1.000,2.59,1.00,0,0
154.98,-0.000,-0.000,1.000,2.62,1.00,0,0
155.08,-0.000,-0.000,1.000,2.66,1.00,0,0
155.19,-0.000,-0.000,1.000,2.71,1.00,0,0
155.28,-0.000,-0.000,1.000,2.75,1.00,0,0
155.39,-0.000,-0.000,1.000,2.81,1.00,0,0
155.49,-0.000,-0.000,1.000,2.86,1.00,0,0
155.59,-0.000,-0.000,1.000,2.93,1.00,0,0
155.69,-0.000,-0.000,1.000,2.99,1.00,0,0
155.78,-0.000,-0.000,1.000,3.07,1.00,0,0
155.89,-0.000,-0.000,1.000,3.14,1.00,0,0
156.00,-0.000,-0.000,1.000,3.23,1.00,0,0
156.08,-0.000,-0.000,1.000,3.30,1.00,0,0
156.19,-0.000,-0.000,1.000,3.38,1.00,0,0
156.29,-0.000,-0.000,1.000,3.45,1.00,0,0
156.38,-0.000,-0.000,1.000,3.52,1.00,0,0
156.48,-0.000,-0.000,1.000,3.59,1.00,0,0
156.58,-0.000,-0.000,1.000,3.66,1.00,0,0
156.68,-0.000,-0.000,1.000,3.73,1.00,0,0
156.78,-0.000,-0.000,1.000,3.80,1.00,0,0
156.89,-0.000,-0.000,1.000,3.87,1.00,0,0
156.98,-0.000,-0.000,1.000,3.94,1.00,0,0
157.09,-0.000,-0.000,1.000,4.01,1.00,0,0
157.19,-0.000,-0.000,1.000,4.07,1.00,0,0
157.29,-0.000,-0.000,1.000,4.12,1.00,0,0
157.38,-0.000,-0.000,1.000,4.17,1.00,0,0
157.48,-0.000,-0.000,1.000,4.21,1.00,0,0
157.59,-0.000,-0.000,1.000,4.25,1.00,0,0
157.68,-0.000,-0.000,1.000,4.29,1.00,0,0
157.79,-0.000,-0.000,1.000,4.32,1.00,0,0
157.89,-0.000,-0.000,1.000,4.35,1.00,0,0
157.98,-0.000,-0.000,1.000,4.38,1.00,0,0
158.08,-0.000,-0.000,1.000,4.40,1.00,0,0
158.18,-0.000,-0.000,1.000,4.42,1.00,0,0
158.28,-0.000,-0.000,1.000,4.43,1.00,0,0
158.38,-0.000,-0.000,1.000,4.44,1.00,0,0
158.49,-0.000,-0.000,1.000,4.45,1.00,0,0
158.58,-0.000,-0.000,1.000,4.46,1.00,0,0
158.68,-0.000,-0.000,1.000,4.49,1.00,0,0
158.78,-0.000,-0.000,1.000,4.52,1.00,0,0
158.88,-0.000,-0.000,1.000,4.54,1.00,0,0
158.99,-0.000,-0.000,1.000,4.54,1.00,0,0
159.09,-0.000,-0.000,1.000,4.53,1.00,0,0
159.19,-0.000,-0.000,1.000,4.49,1.00,0,0
159.28,-0.000,-0.000,1.000,4.41,1.00,0,0
159.38,-0.000,-0.000,1.000,4.29,1.00,0,0
159.49,-0.000,-0.000,1.000,4.23,1.00,0,0
159.59,-0.000,-0.000,1.000,4.21,1.00,0,0
159.69,-0.000,-0.000,1.000,4.18,1.00,0,0
159.78,-0.000,-0.000,1.000,4.16,1.00,0,0
159.88,-0.000,-0.000,1.000,4.13,1.00,0,0
159.99,-0.000,-0.000,1.000,4.10,1.00,0,0
160.09,-0.000,-0.000,1.000,4.07,1.00,0,0
160.18,-0.000,-0.000,1.000,4.04,1.00,0,0
160.28,-0.000,-0.000,1.000,4.00,1.00,0,0
160.39,-0.000,-0.000,1.000,3.97,1.00,0,0
160.48,-0.000,-0.000,1.000,3.93,1.00,0,0
160.58,-0.000,-0.000,1.000,3.89,1.00,0,0
160.68,-0.000,-0.000,1.000,3.86,1.00,0,0
160.78,-0.000,-0.000,1.000,3.82,1.00,0,0
160.88,-0.000,-0.000,1.000,3.77,1.00,0,0
160.99,-0.000,-0.000,1.000,3.73,1.00,0,0
161.08,-0.000,-0.000,1.000,3.69,1.00,0,0
161.18,-0.000,-0.000,1.000,3.64,1.00,0,0
161.29,-0.000,-0.000,1.000,3.60,1.00,0,0
161.39,-0.000,-0.000,1.000,3.55,1.00,0,0
161.48,-0.000,-0.000,1.000,3.51,1.00,0,0
161.58,-0.000,-0.000,1.000,3.46,1.00,0,0
161.68,-0.000,-0.000,1.000,3.41,1.00,0,0
161.79,-0.000,-0.000,1.000,3.36,1.00,0,0
161.88,-0.000,-0.000,1.000,3.31,1.00,0,0
161.98,-0.000,-0.000,1.000,3.26,1.00,0,0
162.09,-0.000,-0.000,1.000,3.21,1.00,0,0
162.18,-0.000,-0.000,1.000,3.16,1.00,0,0
162.28,-0.000,-0.000,1.000,3.11,1.00,0,0
162.38,-0.000,-0.000,1.000,3.06,1.00,0,0
162.48,-0.000,-0.000,1.000,3.01,1.00,0,0
162.58,-0.000,-0.000,1.000,2.96,1.00,0,0
162.68,-0.000,-0.000,1.000,2.91,1.00,0,0
162.78,-0.000,-0.000,1.000,2.85,1.00,0,0
162.88,-0.000,-0.000,1.000,2.80,1.00,0,0
162.99,-0.000,-0.000,1.000,2.75,1.00,0,0
163.08,-0.000,-0.000,1.000,2.70,1.00,0,0
163.18,-0.000,-0.000,1.000,2.65,1.00,0,0
163.29,-0.000,-0.000,1.000,2.60,1.00,0,0
163.38,-0.000,-0.000,1.000,2.55,1.00,0,0
163.48,-0.000,-0.000,1.000,2.50,1.00,0,0
163.59,-0.000,-0.000,1.000,2.45,1.00,0,0
163.69,-0.000,-0.000,1.000,2.40,1.00,0,0
163.78,-0.000,-0.000,1.000,2.35,1.00,0,0
163.89,-0.000,-0.000,1.000,2.31,1.00,0,0
163.98,-0.000,-0.000,1.000,2.26,1.00,0,0
164.08,-0.000,-0.000,1.000,2.21,1.00,0,0
164.18,-0.000,-0.000,1.000,2.17,1.00,0,0
164.28,-0.000,-0.000,1.000,2.13,1.00,0,0
164.39,-0.000,-0.000,1.000,2.08,1.00,0,0
164.48,-0.000,-0.000,1.000,2.04,1.00,0,0
164.59,-0.000,-0.000,1.000,2.00,1.00,0,0
164.68,-0.000,-0.000,1.000,1.96,1.00,0,0
164.78,-0.000,-0.000,1.000,1.92,1.00,0,0
164.89,-0.000,-0.000,1.000,1.88,1.00,0,0
164.98,-0.000,-0.000,1.000,1.84,1.00,0,0
165.09,-0.000,-0.000,1.000,1.81,1.00,0,0
165.19,-0.000,-0.000,1.000,1.77,1.00,0,0
165.28,-0.000,-0.000,1.000,1.74,1.00,0,0
165.38,-0.000,-0.000,1.000,1.71,1.00,0,0
165.49,-0.000,-0.000,1.000,1.68,1.00,0,0
165.58,-0.000,-0.000,1.000,1.65,1.00,0,0
165.68,-0.000,-0.000,1.000,1.62,1.00,0,0
165.78,-0.000,-0.000,1.000,1.59,1.00,0,0
165.88,-0.000,-0.000,1.000,1.57,1.00,0,0
165.98,-0.000,-0.000,1.000,1.54,1.00,0,0
166.08,-0.000,-0.000,1.000,1.52,1.00,0,0
166.19,-0.000,-0.000,1.000,1.50,1.00,0,0
166.28,-0.000,-0.000,1.000,1.48,1.00,0,0
166.39,-0.000,-0.000,1.000,1.47,1.00,0,0
166.49,-0.000,-0.000,1.000,1.45,1.00,0,0
166.59,-0.000,-0.000,1.000,1.44,1.00,0,0
166.69,-0.000,-0.000,1.000,1.42,1.00,0,0
166.79,-0.000,-0.000,1.000,1.41,1.00,0,0
166.89,-0.000,-0.000,1.000,1.40,1.00,0,0
166.98,-0.000,-0.000,1.000,1.39,1.00,0,0
167.08,-0.000,-0.000,1.000,1.39,1.00,0,0
167.18,-0.000,-0.000,1.000,1.38,1.00,0,0
167.29,-0.000,-0.000,1.000,1.38,1.00,0,0
167.39,-0.000,-0.000,1.000,1.38,1.00,0,0
167.48,-0.000,-0.000,1.000,1.38,1.00,0,0
167.58,-0.000,-0.000,1.000,1.38,1.00,0,0
167.68,-0.000,-0.000,1.000,1.38,1.00,0,0
167.78,-0.000,-0.000,1.000,1.39,1.00,0,0
167.89,-0.000,-0.000,1.000,1.40,1.00,0,0
167.98,-0.000,-0.000,1.000,1.41,1.00,0,0
168.09,-0.000,-0.000,1.000,1.42,1.00,0,0
168.19,-0.000,-0.000,1.000,1.43,1.00,0,0
168.29,-0.000,-0.000,1.000,1.44,1.00,0,0
168.38,-0.000,-0.000,1.000,1.46,1.00,0,0
168.48,-0.000,-0.000,1.000,1.47,1.00,0,0
168.59,-0.000,-0.000,1.000,1.49,1.00,0,0
168.68,-0.000,-0.000,1.000,1.51,1.00,0,0
168.78,-0.000,-0.000,1.000,1.53,1.00,0,0
168.88,-0.000,-0.000,1.000,1.55,1.00,0,0
168.98,-0.000,-0.000,1.000,1.58,1.00,0,0
169.09,-0.000,-0.000,1.000,1.60,1.00,0,0
169.19,-0.000,-0.000,1.000,1.63,1.00,0,0
169.28,-0.000,-0.000,1.000,1.66,1.00,0,0
169.38,-0.000,-0.000,1.000,1.69,1.00,0,0
169.48,-0.000,-0.000,1.000,1.72,1.00,0,0
169.58,-0.000,-0.000,1.000,1.75,1.00,0,0
169.69,-0.000,-0.000,1.000,1.79,1.00,0,0
169.78,-0.000,-0.000,1.000,1.82,1.00,0,0
169.89,-0.000,-0.000,1.000,1.86,1.00,0,0
169.98,-0.000,-0.000,1.000,1.89,1.00,0,0
170.09,-0.000,-0.000,1.000,1.93,1.00,0,0
170.19,-0.000,-0.000,1.000,1.97,1.00,0,0
170.28,-0.000,-0.000,1.000,2.01,1.00,0,0
170.38,-0.000,-0.000,1.000,2.06,1.00,0,0
170.48,-0.000,-0.000,1.000,2.10,1.00,0,0
170.58,-0.000,-0.000,1.000,2.14,1.00,0,0
170.68,-0.000,-0.000,1.000,2.19,1.00,0,0
170.78,-0.000,-0.000,1.000,2.23,1.00,0,0
170.88,-0.000,-0.000,1.000,2.28,1.00,0,0
170.98,-0.000,-0.000,1.000,2.33,1.00,0,0
171.08,-0.000,-0.000,1.000,2.37,1.00,0,0
171.18,-0.000,-0.000,1.000,2.42,1.00,0,0
171.28,-0.000,-0.000,1.000,2.47,1.00,0,0
171.38,-0.000,-0.000,1.000,2.52,1.00,0,0
171.48,-0.000,-0.000,1.000,2.57,1.00,0,0
171.58,-0.000,-0.000,1.000,2.62,1.00,0,0
171.68,-0.000,-0.000,1.000,2.67,1.00,0,0
171.79,-0.000,-0.000,1.000,2.72,1.00,0,0
171.88,-0.000,-0.000,1.000,2.77,1.00,0,0
171.98,-0.000,-0.000,1.000,2.82,1.00,0,0
172.08,-0.000,-0.000,1.000,2.88,1.00,0,0
172.18,-0.000,-0.000,1.000,2.93,1.00,0,0
172.28,-0.000,-0.000,1.000,2.98,1.00,0,0
172.39,-0.000,-0.000,1.000,3.03,1.00,0,0
172.48,-0.000,-0.000,1.000,3.08,1.00,0,0
172.58,-0.000,-0.000,1.000,3.13,1.00,0,0
172.68,-0.000,-0.000,1.000,3.18,1.00,0,0
172.78,-0.000,-0.000,1.000,3.23,1.00,0,0
172.89,-0.000,-0.000,1.000,3.28,1.00,0,0
172.99,-0.000,-0.000,1.000,3.33,1.00,0,0
173.09,-0.000,-0.000,1.000,3.38,1.00,0,0
173.18,-0.000,-0.000,1.000,3.43,1.00,0,0
173.28,-0.000,-0.000,1.000,3.48,1.00,0,0
173.39,-0.000,-0.000,1.000,3.53,1.00,0,0
173.48,-0.000,-0.000,1.000,3.57,1.00,0,0
173.59,-0.000,-0.000,1.000,3.62,1.00,0,0
173.68,-0.000,-0.000,1.000,3.66,1.00,0,0
173.79,-0.000,-0.000,1.000,3.70,1.00,0,0
173.88,-0.000,-0.000,1.000,3.75,1.00,0,0
173.99,-0.000,-0.000,1.000,3.79,1.00,0,0
174.08,-0.000,-0.000,1.000,3.83,1.00,0,0
174.19,-0.000,-0.000,1.000,3.87,1.00,0,0
174.29,-0.000,-0.000,1.000,3.91,1.00,0,0
174.38,-0.000,-0.000,1.000,3.95,1.00,0,0
174.48,-0.000,-0.000,1.000,3.98,1.00,0,0
174.59,-0.000,-0.000,1.000,4.02,1.00,0,0
174.68,-0.000,-0.000,1.000,4.05,1.00,0,0
174.78,-0.000,-0.000,1.000,4.08,1.00,0,0
174.88,-0.000,-0.000,1.000,4.11,1.00,0,0
174.98,-0.000,-0.000,1.000,4.14,1.00,0,0
175.08,-0.000,-0.000,1.000,4.17,1.00,0,0
175.19,-0.000,-0.000,1.000,4.19,1.00,0,0
175.28,-0.000,-0.000,1.000,4.22,1.00,0,0
175.38,-0.000,-0.000,1.000,4.24,1.00,0,0
175.48,-0.000,-0.000,1.000,4.34,1.00,0,0
175.58,-0.000,-0.000,1.000,4.45,1.00,0,0
175.68,-0.000,-0.000,1.000,4.51,1.00,0,0
175.79,-0.000,-0.000,1.000,4.54,1.00,0,0
175.88,-0.000,-0.000,1.000,4.54,1.00,0,0
175.98,-0.000,-0.000,1.000,4.53,1.00,0,0
176.08,-0.000,-0.000,1.000,4.51,1.00,0,0
176.19,-0.000,-0.000,1.000,4.48,1.00,0,0
176.28,-0.000,-0.000,1.000,4.46,1.00,0,0
176.38,-0.000,-0.000,1.000,4.44,1.00,0,0
176.48,-0.000,-0.000,1.000,4.44,1.00,0,0
176.59,-0.000,-0.000,1.000,4.43,1.00,0,0
176.69,-0.000,-0.000,1.000,4.41,1.00,0,0
176.79,-0.000,-0.000,1.000,4.39,1.00,0,0
176.88,-0.000,-0.000,1.000,4.37,1.00,0,0
176.98,-0.000,-0.000,1.000,4.34,1.00,0,0
177.09,-0.000,-0.000,1.000,4.31,1.00,0,0
177.18,-0.000,-0.000,1.000,4.27,1.00,0,0
177.28,-0.000,-0.000,1.000,4.24,1.00,0,0
177.38,-0.000,-0.000,1.000,4.20,1.00,0,0
177.48,-0.000,-0.000,1.000,4.15,1.00,0,0
177.58,-0.000,-0.000,1.000,4.10,1.00,0,0
177.68,-0.000,-0.000,1.000,4.04,1.00,0,0
177.79,-0.000,-0.000,1.000,3.98,1.00,0,0
177.88,-0.000,-0.000,1.000,3.91,1.00,0,0
177.98,-0.000,-0.000,1.000,3.84,1.00,0,0
178.09,-0.000,-0.000,1.000,3.77,1.00,0,0
178.18,-0.000,-0.000,1.000,3.70,1.00,0,0
178.29,-0.000,-0.000,1.000,3.63,1.00,0,0
178.38,-0.000,-0.000,1.000,3.56,1.00,0,0
178.49,-0.000,-0.000,1.000,3.49,1.00,0,0
178.58,-0.000,-0.000,1.000,3.42,1.00,0,0
178.69,-0.000,-0.000,1.000,3.34,1.00,0,0
178.78,-0.000,-0.000,1.000,3.27,1.00,0,0
178.89,-0.000,-0.000,1.000,3.19,1.00,0,0
178.99,-0.000,-0.000,1.000,3.11,1.00,0,0
179.08,-0.000,-0.000,1.000,3.04,1.00,0,0
179.18,-0.000,-0.000,1.000,2.96,1.00,0,0
179.29,-0.000,-0.000,1.000,2.90,1.00,0,0
179.39,-0.000,-0.000,1.000,2.84,1.00,0,0
179.49,-0.000,-0.000,1.000,2.78,1.00,0,0
179.58,-0.000,-0.000,1.000,2.73,1.00,0,0
179.68,-0.000,-0.000,1.000,2.69,1.00,0,0
179.78,-0.000,-0.000,1.000,2.64,1.00,0,0
179.89,-0.000,-0.000,1.000,2.61,1.00,0,0
179.98,-0.000,-0.000,1.000,2.58,1.00,0,0
180.09,-0.000,-0.000,1.000,2.55,1.00,0,0
180.18,-0.000,-0.000,1.000,2.53,1.00,0,0
180.29,-0.000,-0.000,1.000,2.52,1.00,0,0
180.39,-0.000,-0.000,1.000,2.52,1.00,0,0
180.48,-0.000,-0.000,1.000,2.53,1.00,0,0
180.59,-0.000,-0.000,1.000,2.54,1.00,0,0
180.68,-0.000,-0.000,1.000,2.57,1.00,0,0
180.78,-0.000,-0.000,1.000,2.60,1.00,0,0
180.88,-0.000,-0.000,1.000,2.63,1.00,0,0
180.98,-0.000,-0.000,1.000,2.68,1.00,0,0
181.09,-0.000,-0.000,1.000,2.73,1.00,0,0
181.18,-0.000,-0.000,1.000,2.78,1.00,0,0
181.29,-0.000,-0.000,1.000,2.83,1.00,0,0
181.39,-0.000,-0.000,1.000,2.89,1.00,0,0
181.48,-0.000,-0.000,1.000,2.95,1.00,0,0
181.58,-0.000,-0.000,1.000,3.02,1.00,0,0
181.68,-0.000,-0.000,1.000,3.09,1.00,0,0
181.79,-0.000,-0.000,1.000,3.17,1.00,0,0
181.88,-0.000,-0.000,1.000,3.24,1.00,0,0
181.99,-0.000,-0.000,1.000,3.32,1.00,0,0
182.08,-0.000,-0.000,1.000,3.40,1.00,0,0
182.18,-0.000,-0.000,1.000,3.47,1.00,0,0
182.28,-0.000,-0.000,1.000,3.55,1.00,0,0
182.39,-0.000,-0.000,1.000,3.62,1.00,0,0
182.48,-0.000,-0.000,1.000,3.69,1.00,0,0
182.58,-0.000,-0.000,1.000,3.75,1.00,0,0
182.69,-0.000,-0.000,1.000,3.81,1.00,0,0
182.79,-0.000,-0.000,1.000,3.87,1.00,0,0
182.88,-0.000,-0.000,1.000,3.93,1.00,0,0
182.99,-0.000,-0.000,1.000,4.00,1.00,0,0
183.08,-0.000,-0.000,1.000,4.05,1.00,0,0
183.18,-0.000,-0.000,1.000,4.11,1.00,0,0
183.29,-0.000,-0.000,1.000,4.17,1.00,0,0
183.39,-0.000,-0.000,1.000,4.23,1.00,0,0
183.48,-0.000,-0.000,1.000,4.27,1.00,0,0
183.58,-0.000,-0.000,1.000,4.30,1.00,0,0
183.68,-0.000,-0.000,1.000,4.33,1.00,0,0
183.78,-0.000,-0.000,1.000,4.36,1.00,0,0
183.89,-0.000,-0.000,1.000,4.40,1.00,0,0
183.98,-0.000,-0.000,1.000,4.43,1.00,0,0
184.09,-0.000,-0.000,1.000,4.47,1.00,0,0
184.18,-0.000,-0.000,1.000,4.50,1.00,0,0
184.29,-0.000,-0.000,1.000,4.54,1.00,0,0
184.38,-0.000,-0.000,1.000,4.57,1.00,0,0
184.49,-0.000,-0.000,1.000,4.61,1.00,0,0
184.58,-0.000,-0.000,1.000,4.64,1.00,0,0
184.68,-0.000,-0.000,1.000,4.67,1.00,0,0
184.78,-0.000,-0.000,1.000,4.71,1.00,0,0
184.89,-0.000,-0.000,1.000,4.73,1.00,0,0
184.98,-0.000,-0.000,1.000,4.76,1.00,0,0
185.09,-0.000,-0.000,1.000,4.79,1.00,0,0
185.18,-0.000,-0.000,1.000,4.81,1.00,0,0
185.28,-0.000,-0.000,1.000,4.83,1.00,0,0
185.40,-0.000,-0.000,1.000,4.85,1.00,0,0
185.49,-0.000,-0.000,1.000,4.42,1.00,0,0
185.59,-0.000,-0.000,1.000,4.40,1.00,0,0
185.68,-0.000,-0.000,1.000,4.37,1.00,0,0
185.78,-0.000,-0.000,1.000,4.34,1.00,0,0
185.88,-0.000,-0.000,1.000,4.31,1.00,0,0
185.99,-0.000,-0.000,1.000,4.27,1.00,0,0
186.08,-0.000,-0.000,1.000,4.24,1.00,0,0
186.18,-0.000,-0.000,1.000,4.20,1.00,0,0
186.28,-0.000,-0.000,1.000,4.16,1.00,0,0
186.39,-0.000,-0.000,1.000,4.12,1.00,0,0
186.49,-0.000,-0.000,1.000,4.07,1.00,0,0
186.59,-0.000,-0.000,1.000,4.03,1.00,0,0
186.68,-0.000,-0.000,1.000,3.98,1.00,0,0
186.79,-0.000,-0.000,1.000,3.93,1.00,0,0
186.89,-0.000,-0.000,1.000,3.88,1.00,0,0
186.98,-0.000,-0.000,1.000,3.83,1.00,0,0
187.08,-0.000,-0.000,1.000,3.78,1.00,0,0
187.18,-0.000,-0.000,1.000,3.73,1.00,0,0
187.28,-0.000,-0.000,1.000,3.67,1.00,0,0
187.38,-0.000,-0.000,1.000,3.62,1.00,0,0
187.48,-0.000,-0.000,1.000,3.56,1.00,0,0
187.59,-0.000,-0.000,1.000,3.50,1.00,0,0
187.69,-0.000,-0.000,1.000,3.45,1.00,0,0
187.79,-0.000,-0.000,1.000,3.39,1.00,0,0
187.89,-0.000,-0.000,1.000,3.34,1.00,0,0
187.98,-0.000,-0.000,1.000,3.28,1.00,0,0
188.08,-0.000,-0.000,1.000,3.22,1.00,0,0
188.18,-0.000,-0.000,1.000,3.17,1.00,0,0
188.28,-0.000,-0.000,1.000,3.11,1.00,0,0
188.39,-0.000,-0.000,1.000,3.05,1.00,0,0
188.48,-0.000,-0.000,1.000,3.00,1.00,0,0
188.58,-0.000,-0.000,1.000,2.94,1.00,0,0
188.68,-0.000,-0.000,1.000,2.89,1.00,0,0
188.78,-0.000,-0.000,1.000,2.84,1.00,0,0
188.88,-0.000,-0.000,1.000,2.78,1.00,0,0
188.99,-0.000,-0.000,1.000,2.73,1.00,0,0
189.09,-0.000,-0.000,1.000,2.68,1.00,0,0
189.18,-0.000,-0.000,1.000,2.63,1.00,0,0
189.29,-0.000,-0.000,1.000,2.58,1.00,0,0
189.39,-0.000,-0.000,1.000,2.54,1.00,0,0
189.48,-0.000,-0.000,1.000,2.49,1.00,0,0
189.59,-0.000,-0.000,1.000,2.44,1.00,0,0
189.69,-0.000,-0.000,1.000,2.40,1.00,0,0
189.78,-0.000,-0.000,1.000,2.36,1.00,0,0
189.89,-0.000,-0.000,1.000,2.32,1.00,0,0
189.99,-0.000,-0.000,1.000,2.29,1.00,0,0
190.09,-0.000,-0.000,1.000,2.25,1.00,0,0
190.18,-0.000,-0.000,1.000,2.22,1.00,0,0
190.29,-0.000,-0.000,1.000,2.19,1.00,0,0
190.38,-0.000,-0.000,1.000,2.16,1.00,0,0
190.48,-0.000,-0.000,1.000,2.13,1.00,0,0
190.58,-0.000,-0.000,1.000,2.11,1.00,0,0
190.69,-0.000,-0.000,1.000,2.09,1.00,0,0
190.79,-0.000,-0.000,1.000,2.07,1.00,0,0
190.89,-0.000,-0.000,1.000,2.05,1.00,0,0
190.98,-0.000,-0.000,1.000,2.04,1.00,0,0
191.09,-0.000,-0.000,1.000,2.03,1.00,0,0
191.18,-0.000,-0.000,1.000,2.02,1.00,0,0
191.28,-0.000,-0.000,1.000,2.01,1.00,0,0
191.39,-0.000,-0.000,1.000,2.01,1.00,0,0
191.48,-0.000,-0.000,1.000,2.01,1.00,0,0
191.59,-0.000,-0.000,1.000,2.01,1.00,0,0
191.69,-0.000,-0.000,1.000,2.02,1.00,0,0
191.78,-0.000,-0.000,1.000,2.03,1.00,0,0
191.88,-0.000,-0.000,1.000,2.04,1.00,0,0
191.99,-0.000,-0.000,1.000,2.06,1.00,0,0
192.08,-0.000,-0.000,1.000,2.07,1.00,0,0
192.18,-0.000,-0.000,1.000,2.09,1.00,0,0
192.28,-0.000,-0.000,1.000,2.12,1.00,0,0
192.38,-0.000,-0.000,1.000,2.14,1.00,0,0
192.48,-0.000,-0.000,1.000,2.17,1.00,0,0
192.59,-0.000,-0.000,1.000,2.20,1.00,0,0
192.69,-0.000,-0.000,1.000,2.23,1.00,0,0
192.78,-0.000,-0.000,1.000,2.27,1.00,0,0
192.89,-0.000,-0.000,1.000,2.30,1.00,0,0
192.99,-0.000,-0.000,1.000,2.34,1.00,0,0
193.08,-0.000,-0.000,1.000,2.38,1.00,0,0
193.18,-0.000,-0.000,1.000,2.42,1.00,0,0
193.28,-0.000,-0.000,1.000,2.46,1.00,0,0
193.38,-0.000,-0.000,1.000,2.51,1.00,0,0
193.49,-0.000,-0.000,1.000,2.55,1.00,0,0
193.58,-0.000,-0.000,1.000,2.60,1.00,0,0
193.69,-0.000,-0.000,1.000,2.65,1.00,0,0
193.79,-0.000,-0.000,1.000,2.70,1.00,0,0
193.89,-0.000,-0.000,1.000,2.75,1.00,0,0
193.99,-0.000,-0.000,1.000,2.81,1.00,0,0
194.08,-0.000,-0.000,1.000,2.86,1.00,0,0
194.18,-0.000,-0.000,1.000,2.91,1.00,0,0
194.29,-0.000,-0.000,1.000,2.97,1.00,0,0
194.39,-0.000,-0.000,1.000,3.02,1.00,0,0
194.49,-0.000,-0.000,1.000,3.08,1.00,0,0
194.58,-0.000,-0.000,1.000,3.13,1.00,0,0
194.68,-0.000,-0.000,1.000,3.19,1.00,0,0
194.78,-0.000,-0.000,1.000,3.24,1.00,0,0
194.89,-0.000,-0.000,1.000,3.31,1.00,0,0
194.98,-0.000,-0.000,1.000,3.36,1.00,0,0
195.08,-0.000,-0.000,1.000,3.41,1.00,0,0
195.18,-0.000,-0.000,1.000,3.47,1.00,0,0
195.28,-0.000,-0.000,1.000,3.53,1.00,0,0
195.39,-0.000,-0.000,1.000,3.59,1.00,0,0
195.48,-0.000,-0.000,1.000,3.64,1.00,0,0
195.58,-0.000,-0.000,1.000,3.69,1.00,0,0
195.69,-0.000,-0.000,1.000,3.75,1.00,0,0
195.78,-0.000,-0.000,1.000,3.80,1.00,0,0
195.89,-0.000,-0.000,1.000,3.85,1.00,0,0
195.99,-0.000,-0.000,1.000,3.90,1.00,0,0
196.09,-0.000,-0.000,1.000,3.95,1.00,0,0
196.18,-0.000,-0.000,1.000,4.00,1.00,0,0
196.29,-0.000,-0.000,1.000,4.05,1.00,0,0
196.38,-0.000,-0.000,1.000,4.09,1.00,0,0
196.48,-0.000,-0.000,1.000,4.13,1.00,0,0
196.58,-0.000,-0.000,1.000,4.17,1.00,0,0
196.69,-0.000,-0.000,1.000,4.22,1.00,0,0
196.79,-0.000,-0.000,1.000,4.25,1.00,0,0
196.88,-0.000,-0.000,1.000,4.29,1.00,0,0
196.98,-0.000,-0.000,1.000,4.32,1.00,0,0
197.09,-0.000,-0.000,1.000,4.35,1.00,0,0
197.18,-0.000,-0.000,1.000,4.38,1.00,0,0
197.28,-0.000,-0.000,1.000,4.41,1.00,0,0
197.38,-0.000,-0.000,1.000,4.43,1.00,0,0
197.48,-0.000,-0.000,1.000,4.84,1.00,0,0
197.59,-0.000,-0.000,1.000,4.83,1.00,0,0
197.69,-0.000,-0.000,1.000,4.80,1.00,0,0
197.78,-0.000,-0.000,1.000,4.78,1.00,0,0
197.89,-0.000,-0.000,1.000,4.75,1.00,0,0
197.98,-0.000,-0.000,1.000,4.72,1.00,0,0
198.09,-0.000,-0.000,1.000,4.69,1.00,0,0
198.19,-0.000,-0.000,1.000,4.66,1.00,0,0
198.29,-0.000,-0.000,1.000,4.63,1.00,0,0
198.38,-0.000,-0.000,1.000,4.59,1.00,0,0
198.48,-0.000,-0.000,1.000,4.56,1.00,0,0
198.58,-0.000,-0.000,1.000,4.52,1.00,0,0
198.68,-0.000,-0.000,1.000,4.49,1.00,0,0
198.78,-0.000,-0.000,1.000,4.45,1.00,0,0
198.88,-0.000,-0.000,1.000,4.42,1.00,0,0
198.99,-0.000,-0.000,1.000,4.38,1.00,0,0
199.08,-0.000,-0.000,1.000,4.35,1.00,0,0
199.18,-0.000,-0.000,1.000,4.32,1.00,0,0
199.28,-0.000,-0.000,1.000,4.28,1.00,0,0
199.39,-0.000,-0.000,1.000,4.25,1.00,0,0
199.49,-0.000,-0.000,1.000,4.20,1.00,0,0
199.59,-0.000,-0.000,1.000,4.14,1.00,0,0
199.68,-0.000,-0.000,1.000,4.09,1.00,0,0
199.78,-0.000,-0.000,1.000,4.03,1.00,0,0
199.89,-0.000,-0.000,1.000,3.97,1.00,0,0
199.99,-0.000,-0.000,1.000,3.90,1.00,0,0
200.08,-0.000,-0.000,1.000,3.85,1.00,0,0
200.19,-0.000,-0.000,1.000,3.79,1.00,0,0
200.28,-0.000,-0.000,1.000,3.72,1.00,0,0
200.38,-0.000,-0.000,1.000,3.66,1.00,0,0
200.49,-0.000,-0.000,1.000,3.59,1.00,0,0
200.58,-0.000,-0.000,1.000,3.52,1.00,0,0
200.68,-0.000,-0.000,1.000,3.45,1.00,0,0
200.78,-0.000,-0.000,1.000,3.37,1.00,0,0
200.88,-0.000,-0.000,1.000,3.29,1.00,0,0
200.98,-0.000,-0.000,1.000,3.21,1.00,0,0
201.09,-0.000,-0.000,1.000,3.13,1.00,0,0
201.18,-0.000,-0.000,1.000,3.06,1.00,0,0
201.28,-0.000,-0.000,1.000,2.99,1.00,0,0
201.38,-0.000,-0.000,1.000,2.92,1.00,0,0
201.48,-0.000,-0.000,1.000,2.87,1.00,0,0
201.59,-0.000,-0.000,1.000,2.81,1.00,0,0
201.69,-0.000,-0.000,1.000,2.75,1.00,0,0
201.78,-0.000,-0.000,1.000,2.70,1.00,0,0
201.88,-0.000,-0.000,1.000,2.66,1.00,0,0
201.98,-0.000,-0.000,1.000,2.62,1.00,0,0
202.08,-0.000,-0.000,1.000,2.58,1.00,0,0
202.18,-0.000,-0.000,1.000,2.56,1.00,0,0
202.29,-0.000,-0.000,1.000,2.54,1.00,0,0
202.39,-0.000,-0.000,1.000,2.53,1.00,0,0
202.48,-0.000,-0.000,1.000,2.52,1.00,0,0
202.58,-0.000,-0.000,1.000,2.53,1.00,0,0
202.68,-0.000,-0.000,1.000,2.54,1.00,0,0
202.78,-0.000,-0.000,1.000,2.56,1.00,0,0
202.89,-0.000,-0.000,1.000,2.59,1.00,0,0
202.99,-0.000,-0.000,1.000,2.62,1.00,0,0
203.08,-0.000,-0.000,1.000,2.66,1.00,0,0
203.18,-0.000,-0.000,1.000,2.71,1.00,0,0
203.28,-0.000,-0.000,1.000,2.75,1.00,0,0
203.39,-0.000,-0.000,1.000,2.81,1.00,0,0
203.48,-0.000,-0.000,1.000,2.86,1.00,0,0
203.58,-0.000,-0.000,1.000,2.92,1.00,0,0
203.68,-0.000,-0.000,1.000,2.99,1.00,0,0
203.79,-0.000,-0.000,1.000,3.07,1.00,0,0
203.88,-0.000,-0.000,1.000,3.14,1.00,0,0
203.98,-0.000,-0.000,1.000,3.22,1.00,0,0
204.08,-0.000,-0.000,1.000,3.30,1.00,0,0
204.18,-0.000,-0.000,1.000,3.37,1.00,0,0
204.28,-0.000,-0.000,1.000,3.45,1.00,0,0
204.38,-0.000,-0.000,1.000,3.52,1.00,0,0
204.48,-0.000,-0.000,1.000,3.59,1.00,0,0
204.59,-0.000,-0.000,1.000,3.66,1.00,0,0
204.68,-0.000,-0.000,1.000,3.73,1.00,0,0
204.79,-0.000,-0.000,1.000,3.80,1.00,0,0
204.88,-0.000,-0.000,1.000,3.87,1.00,0,0
204.98,-0.000,-0.000,1.000,3.94,1.00,0,0
205.09,-0.000,-0.000,1.000,4.01,1.00,0,0
205.18,-0.000,-0.000,1.000,4.06,1.00,0,0
205.28,-0.000,-0.000,1.000,4.12,1.00,0,0
205.38,-0.000,-0.000,1.000,4.17,1.00,0,0
205.49,-0.000,-0.000,1.000,4.22,1.00,0,0
205.58,-0.000,-0.000,1.000,4.25,1.00,0,0
205.69,-0.000,-0.000,1.000,4.29,1.00,0,0
205.79,-0.000,-0.000,1.000,4.32,1.00,0,0
205.88,-0.000,-0.000,1.000,4.35,1.00,0,0
205.98,-0.000,-0.000,1.000,4.38,1.00,0,0
206.08,-0.000,-0.000,1.000,4.40,1.00,0,0
206.18,-0.000,-0.000,1.000,4.42,1.00,0,0
206.28,-0.000,-0.000,1.000,4.43,1.00,0,0
206.39,-0.000,-0.000,1.000,4.44,1.00,0,0
206.49,-0.000,-0.000,1.000,4.45,1.00,0,0
206.58,-0.000,-0.000,1.000,4.46,1.00,0,0
206.68,-0.000,-0.000,1.000,4.49,1.00,0,0
206.78,-0.000,-0.000,1.000,4.52,1.00,0,0
206.88,-0.000,-0.000,1.000,4.54,1.00,0,0
206.99,-0.000,-0.000,1.000,4.54,1.00,0,0
207.08,-0.000,-0.000,1.000,4.53,1.00,0,0
207.18,-0.000,-0.000,1.000,4.49,1.00,0,0
207.28,-0.000,-0.000,1.000,4.41,1.00,0,0
207.38,-0.000,-0.000,1.000,4.29,1.00,0,0
207.49,-0.000,-0.000,1.000,4.23,1.00,0,0
207.59,-0.000,-0.000,1.000,4.21,1.00,0,0
207.69,-0.000,-0.000,1.000,4.18,1.00,0,0
207.78,-0.000,-0.000,1.000,4.16,1.00,0,0
207.88,-0.000,-0.000,1.000,4.13,1.00,0,0
207.99,-0.000,-0.000,1.000,4.10,1.00,0,0
208.08,-0.000,-0.000,1.000,4.07,1.00,0,0
208.18,-0.000,-0.000,1.000,4.04,1.00,0,0
208.28,-0.000,-0.000,1.000,4.00,1.00,0,0
208.38,-0.000,-0.000,1.000,3.97,1.00,0,0
208.49,-0.000,-0.000,1.000,3.93,1.00,0,0
208.59,-0.000,-0.000,1.000,3.89,1.00,0,0
208.68,-0.000,-0.000,1.000,3.85,1.00,0,0
208.78,-0.000,-0.000,1.000,3.81,1.00,0,0
208.88,-0.000,-0.000,1.000,3.77,1.00,0,0
208.99,-0.000,-0.000,1.000,3.73,1.00,0,0
209.08,-0.000,-0.000,1.000,3.69,1.00,0,0
209.19,-0.000,-0.000,1.000,3.64,1.00,0,0
209.29,-0.000,-0.000,1.000,3.60,1.00,0,0
209.38,-0.000,-0.000,1.000,3.55,1.00,0,0
209.48,-0.000,-0.000,1.000,3.50,1.00,0,0
209.58,-0.000,-0.000,1.000,3.46,1.00,0,0
209.69,-0.000,-0.000,1.000,3.41,1.00,0,0
209.78,-0.000,-0.000,1.000,3.36,1.00,0,0
209.88,-0.000,-0.000,1.000,3.31,1.00,0,0
209.99,-0.000,-0.000,1.000,3.26,1.00,0,0
210.08,-0.000,-0.000,1.000,3.21,1.00,0,0
210.19,-0.000,-0.000,1.000,3.16,1.00,0,0
210.29,-0.000,-0.000,1.000,3.11,1.00,0,0
210.39,-0.000,-0.000,1.000,3.06,1.00,0,0
210.49,-0.000,-0.000,1.000,3.01,1.00,0,0
210.59,-0.000,-0.000,1.000,2.95,1.00,0,0
210.68,-0.000,-0.000,1.000,2.91,1.00,0,0
210.78,-0.000,-0.000,1.000,2.85,1.00,0,0
210.88,-0.000,-0.000,1.000,2.80,1.00,0,0
210.99,-0.000,-0.000,1.000,2.75,1.00,0,0
211.08,-0.000,-0.000,1.000,2.70,1.00,0,0
211.18,-0.000,-0.000,1.000,2.65,1.00,0,0
211.28,-0.000,-0.000,1.000,2.60,1.00,0,0
211.38,-0.000,-0.000,1.000,2.55,1.00,0,0
211.49,-0.000,-0.000,1.000,2.50,1.00,0,0
211.58,-0.000,-0.000,1.000,2.45,1.00,0,0
211.68,-0.000,-0.000,1.000,2.41,1.00,0,0
211.78,-0.000,-0.000,1.000,2.35,1.00,0,0
211.88,-0.000,-0.000,1.000,2.31,1.00,0,0
211.98,-0.000,-0.000,1.000,2.26,1.00,0,0
212.09,-0.000,-0.000,1.000,2.21,1.00,0,0
212.18,-0.000,-0.000,1.000,2.17,1.00,0,0
212.28,-0.000,-0.000,1.000,2.12,1.00,0,0
212.39,-0.000,-0.000,1.000,2.08,1.00,0,0
212.49,-0.000,-0.000,1.000,2.04,1.00,0,0
212.58,-0.000,-0.000,1.000,2.00,1.00,0,0
212.69,-0.000,-0.000,1.000,1.96,1.00,0,0
212.78,-0.000,-0.000,1.000,1.92,1.00,0,0
212.88,-0.000,-0.000,1.000,1.88,1.00,0,0
212.98,-0.000,-0.000,1.000,1.84,1.00,0,0
213.08,-0.000,-0.000,1.000,1.81,1.00,0,0
213.18,-0.000,-0.000,1.000,1.77,1.00,0,0
213.29,-0.000,-0.000,1.000,1.74,1.00,0,0
213.39,-0.000,-0.000,1.000,1.71,1.00,0,0
213.48,-0.000,-0.000,1.000,1.68,1.00,0,0
213.59,-0.000,-0.000,1.000,1.65,1.00,0,0
213.68,-0.000,-0.000,1.000,1.62,1.00,0,0
213.78,-0.000,-0.000,1.000,1.59,1.00,0,0
213.88,-0.000,-0.000,1.000,1.57,1.00,0,0
213.98,-0.000,-0.000,1.000,1.54,1.00,0,0
214.09,-0.000,-0.000,1.000,1.52,1.00,0,0
214.18,-0.000,-0.000,1.000,1.50,1.00,0,0
214.29,-0.000,-0.000,1.000,1.48,1.00,0,0
214.39,-0.000,-0.000,1.000,1.46,1.00,0,0
214.48,-0.000,-0.000,1.000,1.45,1.00,0,0
214.59,-0.000,-0.000,1.000,1.44,1.00,0,0
214.68,-0.000,-0.000,1.000,1.42,1.00,0,0
214.79,-0.000,-0.000,1.000,1.41,1.00,0,0
214.88,-0.000,-0.000,1.000,1.40,1.00,0,0
214.98,-0.000,-0.000,1.000,1.39,1.00,0,0
215.08,-0.000,-0.000,1.000,1.39,1.00,0,0
215.19,-0.000,-0.000,1.000,1.38,1.00,0,0
215.28,-0.000,-0.000,1.000,1.38,1.00,0,0
215.38,-0.000,-0.000,1.000,1.38,1.00,0,0
215.48,-0.000,-0.000,1.000,1.38,1.00,0,0
215.59,-0.000,-0.000,1.000,1.38,1.00,0,0
215.69,-0.000,-0.000,1.000,1.38,1.00,0,0
215.78,-0.000,-0.000,1.000,1.39,1.00,0,0
215.89,-0.000,-0.000,1.000,1.40,1.00,0,0
215.99,-0.000,-0.000,1.000,1.41,1.00,0,0
216.09,-0.000,-0.000,1.000,1.42,1.00,0,0
216.19,-0.000,-0.000,1.000,1.43,1.00,0,0
216.29,-0.000,-0.000,1.000,1.44,1.00,0,0
216.38,-0.000,-0.000,1.000,1.46,1.00,0,0
216.48,-0.000,-0.000,1.000,1.47,1.00,0,0
216.58,-0.000,-0.000,1.000,1.49,1.00,0,0
216.69,-0.000,-0.000,1.000,1.51,1.00,0,0
216.78,-0.000,-0.000,1.000,1.53,1.00,0,0
216.88,-0.000,-0.000,1.000,1.55,1.00,0,0
216.98,-0.000,-0.000,1.000,1.58,1.00,0,0
217.09,-0.000,-0.000,1.000,1.60,1.00,0,0
217.18,-0.000,-0.000,1.000,1.63,1.00,0,0
217.29,-0.000,-0.000,1.000,1.66,1.00,0,0
217.38,-0.000,-0.000,1.000,1.69,1.00,0,0
217.48,-0.000,-0.000,1.000,1.72,1.00,0,0
217.59,-0.000,-0.000,1.000,1.75,1.00,0,0
217.69,-0.000,-0.000,1.000,1.79,1.00,0,0
217.79,-0.000,-0.000,1.000,1.82,1.00,0,0
217.88,-0.000,-0.000,1.000,1.86,1.00,0,0
217.98,-0.000,-0.000,1.000,1.89,1.00,0,0
218.09,-0.000,-0.000,1.000,1.93,1.00,0,0
218.18,-0.000,-0.000,1.000,1.97,1.00,0,0
218.28,-0.000,-0.000,1.000,2.01,1.00,0,0
218.39,-0.000,-0.000,1.000,2.06,1.00,0,0
218.48,-0.000,-0.000,1.000,2.10,1.00,0,0
218.58,-0.000,-0.000,1.000,2.14,1.00,0,0
218.69,-0.000,-0.000,1.000,2.19,1.00,0,0
218.79,-0.000,-0.000,1.000,2.23,1.00,0,0
218.89,-0.000,-0.000,1.000,2.28,1.00,0,0
218.98,-0.000,-0.000,1.000,2.33,1.00,0,0
219.09,-0.000,-0.000,1.000,2.38,1.00,0,0
219.18,-0.000,-0.000,1.000,2.42,1.00,0,0
219.28,-0.000,-0.000,1.000,2.47,1.00,0,0
219.38,-0.000,-0.000,1.000,2.52,1.00,0,0
219.48,-0.000,-0.000,1.000,2.57,1.00,0,0
219.59,-0.000,-0.000,1.000,2.62,1.00,0,0
219.69,-0.000,-0.000,1.000,2.67,1.00,0,0
219.78,-0.000,-0.000,1.000,2.72,1.00,0,0
219.88,-0.000,-0.000,1.000,2.77,1.00,0,0
219.98,-0.000,-0.000,1.000,2.82,1.00,0,0
220.08,-0.000,-0.000,1.000,2.87,1.00,0,0
220.19,-0.000,-0.000,1.000,2.93,1.00,0,0
220.28,-0.000,-0.000,1.000,2.98,1.00,0,0
220.38,-0.000,-0.000,1.000,3.03,1.00,0,0
220.48,-0.000,-0.000,1.000,3.08,1.00,0,0
220.59,-0.000,-0.000,1.000,3.13,1.00,0,0
220.68,-0.000,-0.000,1.000,3.18,1.00,0,0
220.78,-0.000,-0.000,1.000,3.23,1.00,0,0
220.88,-0.000,-0.000,1.000,3.28,1.00,0,0
220.98,-0.000,-0.000,1.000,3.33,1.00,0,0
221.08,-0.000,-0.000,1.000,3.38,1.00,0,0
221.18,-0.000,-0.000,1.000,3.43,1.00,0,0
221.28,-0.000,-0.000,1.000,3.48,1.00,0,0
221.39,-0.000,-0.000,1.000,3.53,1.00,0,0
221.49,-0.000,-0.000,1.000,3.57,1.00,0,0
221.59,-0.000,-0.000,1.000,3.62,1.00,0,0
221.69,-0.000,-0.000,1.000,3.66,1.00,0,0
221.78,-0.000,-0.000,1.000,3.70,1.00,0,0
221.88,-0.000,-0.000,1.000,3.75,1.00,0,0
221.98,-0.000,-0.000,1.000,3.79,1.00,0,0
222.08,-0.000,-0.000,1.000,3.83,1.00,0,0
222.18,-0.000,-0.000,1.000,3.87,1.00,0,0
222.29,-0.000,-0.000,1.000,3.91,1.00,0,0
222.39,-0.000,-0.000,1.000,3.95,1.00,0,0
222.48,-0.000,-0.000,1.000,3.98,1.00,0,0
222.58,-0.000,-0.000,1.000,4.02,1.00,0,0
222.68,-0.000,-0.000,1.000,4.05,1.00,0,0
222.79,-0.000,-0.000,1.000,4.08,1.00,0,0
222.88,-0.000,-0.000,1.000,4.11,1.00,0,0
222.98,-0.000,-0.000,1.000,4.14,1.00,0,0
223.08,-0.000,-0.000,1.000,4.17,1.00,0,0
223.18,-0.000,-0.000,1.000,4.19,1.00,0,0
223.28,-0.000,-0.000,1.000,4.22,1.00,0,0
223.38,-0.000,-0.000,1.000,4.24,1.00,0,0
223.48,-0.000,-0.000,1.000,4.34,1.00,0,0
223.58,-0.000,-0.000,1.000,4.45,1.00,0,0
223.68,-0.000,-0.000,1.000,4.51,1.00,0,0
223.78,-0.000,-0.000,1.000,4.54,1.00,0,0
223.89,-0.000,-0.000,1.000,4.54,1.00,0,0
223.98,-0.000,-0.000,1.000,4.53,1.00,0,0
224.08,-0.000,-0.000,1.000,4.51,1.00,0,0
224.19,-0.000,-0.000,1.000,4.48,1.00,0,0
224.28,-0.000,-0.000,1.000,4.46,1.00,0,0
224.39,-0.000,-0.000,1.000,4.44,1.00,0,0
224.48,-0.000,-0.000,1.000,4.44,1.00,0,0
224.59,-0.000,-0.000,1.000,4.43,1.00,0,0
224.68,-0.000,-0.000,1.000,4.41,1.00,0,0
224.78,-0.000,-0.000,1.000,4.39,1.00,0,0
224.89,-0.000,-0.000,1.000,4.37,1.00,0,0
224.99,-0.000,-0.000,1.000,4.34,1.00,0,0
225.08,-0.000,-0.000,1.000,4.31,1.00,0,0
225.18,-0.000,-0.000,1.000,4.27,1.00,0,0
225.28,-0.000,-0.000,1.000,4.24,1.00,0,0
225.38,-0.000,-0.000,1.000,4.20,1.00,0,0
225.48,-0.000,-0.000,1.000,4.15,1.00,0,0
225.59,-0.000,-0.000,1.000,4.10,1.00,0,0
225.68,-0.000,-0.000,1.000,4.04,1.00,0,0
225.79,-0.000,-0.000,1.000,3.98,1.00,0,0
225.88,-0.000,-0.000,1.000,3.91,1.00,0,0
225.98,-0.000,-0.000,1.000,3.84,1.00,0,0
226.09,-0.000,-0.000,1.000,3.77,1.00,0,0
226.19,-0.000,-0.000,1.000,3.70,1.00,0,0
226.29,-0.000,-0.000,1.000,3.63,1.00,0,0
226.38,-0.000,-0.000,1.000,3.56,1.00,0,0
226.49,-0.000,-0.000,1.000,3.49,1.00,0,0
226.59,-0.000,-0.000,1.000,3.42,1.00,0,0
226.68,-0.000,-0.000,1.000,3.35,1.00,0,0
226.78,-0.000,-0.000,1.000,3.27,1.00,0,0
226.89,-0.000,-0.000,1.000,3.19,1.00,0,0
226.99,-0.000,-0.000,1.000,3.11,1.00,0,0
227.09,-0.000,-0.000,1.000,3.03,1.00,0,0
227.18,-0.000,-0.000,1.000,2.96,1.00,0,0
227.29,-0.000,-0.000,1.000,2.90,1.00,0,0
227.39,-0.000,-0.000,1.000,2.84,1.00,0,0
227.49,-0.000,-0.000,1.000,2.78,1.00,0,0
227.58,-0.000,-0.000,1.000,2.73,1.00,0,0
227.68,-0.000,-0.000,1.000,2.69,1.00,0,0
227.78,-0.000,-0.000,1.000,2.64,1.00,0,0
227.88,-0.000,-0.000,1.000,2.61,1.00,0,0
227.99,-0.000,-0.000,1.000,2.58,1.00,0,0
228.08,-0.000,-0.000,1.000,2.55,1.00,0,0
228.18,-0.000,-0.000,1.000,2.53,1.00,0,0
228.28,-0.000,-0.000,1.000,2.52,1.00,0,0
228.38,-0.000,-0.000,1.000,2.52,1.00,0,0
228.48,-0.000,-0.000,1.000,2.53,1.00,0,0
228.59,-0.000,-0.000,1.000,2.54,1.00,0,0
228.68,-0.000,-0.000,1.000,2.57,1.00,0,0
228.78,-0.000,-0.000,1.000,2.60,1.00,0,0
228.88,-0.000,-0.000,1.000,2.63,1.00,0,0
228.99,-0.000,-0.000,1.000,2.68,1.00,0,0
229.08,-0.000,-0.000,1.000,2.72,1.00,0,0
229.19,-0.000,-0.000,1.000,2.78,1.00,0,0
229.28,-0.000,-0.000,1.000,2.83,1.00,0,0
229.38,-0.000,-0.000,1.000,2.89,1.00,0,0
229.49,-0.000,-0.000,1.000,2.95,1.00,0,0
229.59,-0.000,-0.000,1.000,3.02,1.00,0,0
229.69,-0.000,-0.000,1.000,3.09,1.00,0,0
229.79,-0.000,-0.000,1.000,3.16,1.00,0,0
229.89,-0.000,-0.000,1.000,3.24,1.00,0,0
229.98,-0.000,-0.000,1.000,3.32,1.00,0,0
230.08,-0.000,-0.000,1.000,3.40,1.00,0,0
230.18,-0.000,-0.000,1.000,3.47,1.00,0,0
230.28,-0.000,-0.000,1.000,3.55,1.00,0,0
230.38,-0.000,-0.000,1.000,3.62,1.00,0,0
230.48,-0.000,-0.000,1.000,3.68,1.00,0,0
230.59,-0.000,-0.000,1.000,3.75,1.00,0,0
230.68,-0.000,-0.000,1.000,3.81,1.00,0,0
230.78,-0.000,-0.000,1.000,3.87,1.00,0,0
230.88,-0.000,-0.000,1.000,3.93,1.00,0,0
230.99,-0.000,-0.000,1.000,4.00,1.00,0,0
231.08,-0.000,-0.000,1.000,4.05,1.00,0,0
231.18,-0.000,-0.000,1.000,4.11,1.00,0,0
231.28,-0.000,-0.000,1.000,4.17,1.00,0,0
231.38,-0.000,-0.000,1.000,4.23,1.00,0,0
231.48,-0.000,-0.000,1.000,4.27,1.00,0,0
231.59,-0.000,-0.000,1.000,4.30,1.00,0,0
231.68,-0.000,-0.000,1.000,4.33,1.00,0,0
231.79,-0.000,-0.000,1.000,4.36,1.00,0,0
231.89,-0.000,-0.000,1.000,4.39,1.00,0,0
231.98,-0.000,-0.000,1.000,4.43,1.00,0,0
232.08,-0.000,-0.000,1.000,4.47,1.00,0,0
232.19,-0.000,-0.000,1.000,4.50,1.00,0,0
232.29,-0.000,-0.000,1.000,4.54,1.00,0,0
232.38,-0.000,-0.000,1.000,4.57,1.00,0,0
232.49,-0.000,-0.000,1.000,4.61,1.00,0,0
232.58,-0.000,-0.000,1.000,4.64,1.00,0,0
232.69,-0.000,-0.000,1.000,4.67,1.00,0,0
232.78,-0.000,-0.000,1.000,4.71,1.00,0,0
232.89,-0.000,-0.000,1.000,4.74,1.00,0,0
232.98,-0.000,-0.000,1.000,4.76,1.00,0,0
233.09,-0.000,-0.000,1.000,4.79,1.00,0,0
233.18,-0.000,-0.000,1.000,4.81,1.00,0,0
233.29,-0.000,-0.000,1.000,4.83,1.00,0,0
233.38,-0.000,-0.000,1.000,4.85,1.00,0,0
233.48,-0.000,-0.000,1.000,4.42,1.00,0,0
233.58,-0.000,-0.000,1.000,4.40,1.00,0,0
233.68,-0.000,-0.000,1.000,4.37,1.00,0,0
233.78,-0.000,-0.000,1.000,4.34,1.00,0,0
233.88,-0.000,-0.000,1.000,4.31,1.00,0,0
233.99,-0.000,-0.000,1.000,4.27,1.00,0,0
234.09,-0.000,-0.000,1.000,4.24,1.00,0,0
234.18,-0.000,-0.000,1.000,4.20,1.00,0,0
234.29,-0.000,-0.000,1.000,4.16,1.00,0,0
234.38,-0.000,-0.000,1.000,4.12,1.00,0,0
234.49,-0.000,-0.000,1.000,4.07,1.00,0,0
234.58,-0.000,-0.000,1.000,4.03,1.00,0,0
234.68,-0.000,-0.000,1.000,3.98,1.00,0,0
234.78,-0.000,-0.000,1.000,3.93,1.00,0,0
234.89,-0.000,-0.000,1.000,3.88,1.00,0,0
234.98,-0.000,-0.000,1.000,3.83,1.00,0,0
235.08,-0.000,-0.000,1.000,3.78,1.00,0,0
235.18,-0.000,-0.000,1.000,3.73,1.00,0,0
235.28,-0.000,-0.000,1.000,3.67,1.00,0,0
235.39,-0.000,-0.000,1.000,3.62,1.00,0,0
235.48,-0.000,-0.000,1.000,3.56,1.00,0,0
235.58,-0.000,-0.000,1.000,3.51,1.00,0,0
235.69,-0.000,-0.000,1.000,3.45,1.00,0,0
235.79,-0.000,-0.000,1.000,3.39,1.00,0,0
235.88,-0.000,-0.000,1.000,3.34,1.00,0,0
235.98,-0.000,-0.000,1.000,3.28,1.00,0,0
236.09,-0.000,-0.000,1.000,3.22,1.00,0,0
236.19,-0.000,-0.000,1.000,3.17,1.00,0,0
236.29,-0.000,-0.000,1.000,3.11,1.00,0,0
236.39,-0.000,-0.000,1.000,3.05,1.00,0,0
236.49,-0.000,-0.000,1.000,3.00,1.00,0,0
236.58,-0.000,-0.000,1.000,2.94,1.00,0,0
236.69,-0.000,-0.000,1.000,2.89,1.00,0,0
236.78,-0.000,-0.000,1.000,2.84,1.00,0,0
236.89,-0.000,-0.000,1.000,2.78,1.00,0,0
236.98,-0.000,-0.000,1.000,2.73,1.00,0,0
237.08,-0.000,-0.000,1.000,2.68,1.00,0,0
237.19,-0.000,-0.000,1.000,2.63,1.00,0,0
237.28,-0.000,-0.000,1.000,2.58,1.00,0,0
237.38,-0.000,-0.000,1.000,2.54,1.00,0,0
237.48,-0.000,-0.000,1.000,2.49,1.00,0,0
237.58,-0.000,-0.000,1.000,2.45,1.00,0,0
237.68,-0.000,-0.000,1.000,2.40,1.00,0,0
237.78,-0.000,-0.000,1.000,2.36,1.00,0,0
237.89,-0.000,-0.000,1.000,2.32,1.00,0,0
237.98,-0.000,-0.000,1.000,2.29,1.00,0,0
238.09,-0.000,-0.000,1.000,2.25,1.00,0,0
238.18,-0.000,-0.000,1.000,2.22,1.00,0,0
238.28,-0.000,-0.000,1.000,2.19,1.00,0,0
238.38,-0.000,-0.000,1.000,2.16,1.00,0,0
238.48,-0.000,-0.000,1.000,2.13,1.00,0,0
238.58,-0.000,-0.000,1.000,2.11,1.00,0,0
238.68,-0.000,-0.000,1.000,2.09,1.00,0,0
238.79,-0.000,-0.000,1.000,2.07,1.00,0,0
238.89,-0.000,-0.000,1.000,2.05,1.00,0,0
238.98,-0.000,-0.000,1.000,2.04,1.00,0,0
239.08,-0.000,-0.000,1.000,2.03,1.00,0,0
239.19,-0.000,-0.000,1.000,2.02,1.00,0,0
239.28,-0.000,-0.000,1.000,2.01,1.00,0,0
239.38,-0.000,-0.000,1.000,2.01,1.00,0,0
239.48,-0.000,-0.000,1.000,2.01,1.00,0,0
239.58,-0.000,-0.000,1.000,2.01,1.00,0,0
239.69,-0.000,-0.000,1.000,2.02,1.00,0,0
239.78,-0.000,-0.000,1.000,2.03,1.00,0,0
239.88,-0.000,-0.000,1.000,2.04,1.00,0,0
239.98,-0.000,-0.000,1.000,2.06,1.00,0,0
240.08,-0.000,-0.000,1.000,2.07,1.00,0,0
240.19,-0.000,-0.000,1.000,2.09,1.00,0,0
240.28,-0.000,-0.000,1.000,2.12,1.00,0,0
240.38,-0.000,-0.000,1.000,2.14,1.00,0,0
240.49,-0.000,-0.000,1.000,2.17,1.00,0,0
240.58,-0.000,-0.000,1.000,2.20,1.00,0,0
240.68,-0.000,-0.000,1.000,2.23,1.00,0,0
240.78,-0.000,-0.000,1.000,2.27,1.00,0,0
240.88,-0.000,-0.000,1.000,2.30,1.00,0,0
240.99,-0.000,-0.000,1.000,2.34,1.00,0,0
241.08,-0.000,-0.000,1.000,2.38,1.00,0,0
241.18,-0.000,-0.000,1.000,2.42,1.00,0,0
241.28,-0.000,-0.000,1.000,2.46,1.00,0,0
241.38,-0.000,-0.000,1.000,2.51,1.00,0,0
241.48,-0.000,-0.000,1.000,2.55,1.00,0,0
241.58,-0.000,-0.000,1.000,2.60,1.00,0,0
241.69,-0.000,-0.000,1.000,2.65,1.00,0,0
241.79,-0.000,-0.000,1.000,2.70,1.00,0,0
241.88,-0.000,-0.000,1.000,2.75,1.00,0,0
241.99,-0.000,-0.000,1.000,2.80,1.00,0,0
242.09,-0.000,-0.000,1.000,2.86,1.00,0,0
242.19,-0.000,-0.000,1.000,2.91,1.00,0,0
242.28,-0.000,-0.000,1.000,2.97,1.00,0,0
242.38,-0.000,-0.000,1.000,3.02,1.00,0,0
242.48,-0.000,-0.000,1.000,3.08,1.00,0,0
242.58,-0.000,-0.000,1.000,3.13,1.00,0,0
242.68,-0.000,-0.000,1.000,3.19,1.00,0,0
242.79,-0.000,-0.000,1.000,3.25,1.00,0,0
242.89,-0.000,-0.000,1.000,3.30,1.00,0,0
242.99,-0.000,-0.000,1.000,3.36,1.00,0,0
243.08,-0.000,-0.000,1.000,3.42,1.00,0,0
243.18,-0.000,-0.000,1.000,3.47,1.00,0,0
243.28,-0.000,-0.000,1.000,3.53,1.00,0,0
243.38,-0.000,-0.000,1.000,3.58,1.00,0,0
243.48,-0.000,-0.000,1.000,3.64,1.00,0,0
243.58,-0.000,-0.000,1.000,3.69,1.00,0,0
243.69,-0.000,-0.000,1.000,3.75,1.00,0,0
243.79,-0.000,-0.000,1.000,3.80,1.00,0,0
243.89,-0.000,-0.000,1.000,3.85,1.00,0,0
243.98,-0.000,-0.000,1.000,3.90,1.00,0,0
244.09,-0.000,-0.000,1.000,3.95,1.00,0,0
244.18,-0.000,-0.000,1.000,4.00,1.00,0,0
244.29,-0.000,-0.000,1.000,4.04,1.00,0,0
244.39,-0.000,-0.000,1.000,4.09,1.00,0,0
244.48,-0.000,-0.000,1.000,4.13,1.00,0,0
244.58,-0.000,-0.000,1.000,4.17,1.00,0,0
244.68,-0.000,-0.000,1.000,4.22,1.00,0,0
244.79,-0.000,-0.000,1.000,4.25,1.00,0,0
244.89,-0.000,-0.000,1.000,4.29,1.00,0,0
244.98,-0.000,-0.000,1.000,4.32,1.00,0,0
245.09,-0.000,-0.000,1.000,4.35,1.00,0,0
245.18,-0.000,-0.000,1.000,4.38,1.00,0,0
245.29,-0.000,-0.000,1.000,4.41,1.00,0,0
245.39,-0.000,-0.000,1.000,4.43,1.00,0,0
245.48,-0.000,-0.000,1.000,4.84,1.00,0,0
245.59,-0.000,-0.000,1.000,4.83,1.00,0,0
245.68,-0.000,-0.000,1.000,4.80,1.00,0,0
245.78,-0.000,-0.000,1.000,4.78,1.00,0,0
245.88,-0.000,-0.000,1.000,4.75,1.00,0,0
245.98,-0.000,-0.000,1.000,4.72,1.00,0,0
246.08,-0.000,-0.000,1.000,4.69,1.00,0,0
246.18,-0.000,-0.000,1.000,4.66,1.00,0,0
246.28,-0.000,-0.000,1.000,4.63,1.00,0,0
246.38,-0.000,-0.000,1.000,4.59,1.00,0,0
246.48,-0.000,-0.000,1.000,4.56,1.00,0,0
246.58,-0.000,-0.000,1.000,4.52,1.00,0,0
246.68,-0.000,-0.000,1.000,4.49,1.00,0,0
246.79,-0.000,-0.000,1.000,4.45,1.00,0,0
246.89,-0.000,-0.000,1.000,4.42,1.00,0,0
246.99,-0.000,-0.000,1.000,4.38,1.00,0,0
247.08,-0.000,-0.000,1.000,4.35,1.00,0,0
247.18,-0.000,-0.000,1.000,4.32,1.00,0,0
247.28,-0.000,-0.000,1.000,4.28,1.00,0,0
247.39,-0.000,-0.000,1.000,4.25,1.00,0,0
247.48,-0.000,-0.000,1.000,4.20,1.00,0,0
247.59,-0.000,-0.000,1.000,4.15,1.00,0,0
247.69,-0.000,-0.000,1.000,4.08,1.00,0,0
247.78,-0.000,-0.000,1.000,4.03,1.00,0,0
247.88,-0.000,-0.000,1.000,3.97,1.00,0,0
247.99,-0.000,-0.000,1.000,3.91,1.00,0,0
248.09,-0.000,-0.000,1.000,3.85,1.00,0,0
248.18,-0.000,-0.000,1.000,3.79,1.00,0,0
248.29,-0.000,-0.000,1.000,3.72,1.00,0,0
248.39,-0.000,-0.000,1.000,3.66,1.00,0,0
248.49,-0.000,-0.000,1.000,3.59,1.00,0,0
248.58,-0.000,-0.000,1.000,3.52,1.00,0,0
248.69,-0.000,-0.000,1.000,3.44,1.00,0,0
248.79,-0.000,-0.000,1.000,3.37,1.00,0,0
248.89,-0.000,-0.000,1.000,3.29,1.00,0,0
248.98,-0.000,-0.000,1.000,3.21,1.00,0,0
249.08,-0.000,-0.000,1.000,3.13,1.00,0,0
249.19,-0.000,-0.000,1.000,3.06,1.00,0,0
249.28,-0.000,-0.000,1.000,2.99,1.00,0,0
249.38,-0.000,-0.000,1.000,2.92,1.00,0,0
249.48,-0.000,-0.000,1.000,2.87,1.00,0,0
249.59,-0.000,-0.000,1.000,2.81,1.00,0,0
249.68,-0.000,-0.000,1.000,2.76,1.00,0,0
249.78,-0.000,-0.000,1.000,2.71,1.00,0,0
249.89,-0.000,-0.000,1.000,2.66,1.00,0,0
249.98,-0.000,-0.000,1.000,2.62,1.00,0,0
250.09,-0.000,-0.000,1.000,2.58,1.00,0,0
250.18,-0.000,-0.000,1.000,2.56,1.00,0,0
250.29,-0.000,-0.000,1.000,2.54,1.00,0,0
250.39,-0.000,-0.000,1.000,2.53,1.00,0,0
250.49,-0.000,-0.000,1.000,2.52,1.00,0,0
250.58,-0.000,-0.000,1.000,2.53,1.00,0,0
250.68,-0.000,-0.000,1.000,2.54,1.00,0,0
250.78,-0.000,-0.000,1.000,2.56,1.00,0,0
250.88,-0.000,-0.000,1.000,2.59,1.00,0,0
250.99,-0.000,-0.000,1.000,2.62,1.00,0,0
251.08,-0.000,-0.000,1.000,2.66,1.00,0,0
251.18,-0.000,-0.000,1.000,2.70,1.00,0,0
251.28,-0.000,-0.000,1.000,2.75,1.00,0,0
251.38,-0.000,-0.000,1.000,2.81,1.00,0,0
251.48,-0.000,-0.000,1.000,2.86,1.00,0,0
251.58,-0.000,-0.000,1.000,2.92,1.00,0,0
251.69,-0.000,-0.000,1.000,2.99,1.00,0,0
251.78,-0.000,-0.000,1.000,3.06,1.00,0,0
251.88,-0.000,-0.000,1.000,3.14,1.00,0,0
252.00,-0.000,-0.000,1.000,3.22,1.00,0,0
252.08,-0.000,-0.000,1.000,3.30,1.00,0,0
252.18,-0.000,-0.000,1.000,3.37,1.00,0,0
252.28,-0.000,-0.000,1.000,3.45,1.00,0,0
252.38,-0.000,-0.000,1.000,3.52,1.00,0,0
252.48,-0.000,-0.000,1.000,3.59,1.00,0,0
252.59,-0.000,-0.000,1.000,3.66,1.00,0,0
252.68,-0.000,-0.000,1.000,3.73,1.00,0,0
252.79,-0.000,-0.000,1.000,3.80,1.00,0,0
252.88,-0.000,-0.000,1.000,3.87,1.00,0,0
252.98,-0.000,-0.000,1.000,3.94,1.00,0,0
253.08,-0.000,-0.000,1.000,4.00,1.00,0,0
253.19,-0.000,-0.000,1.000,4.07,1.00,0,0
253.28,-0.000,-0.000,1.000,4.12,1.00,0,0
253.38,-0.000,-0.000,1.000,4.17,1.00,0,0
253.48,-0.000,-0.000,1.000,4.21,1.00,0,0
253.58,-0.000,-0.000,1.000,4.25,1.00,0,0
253.69,-0.000,-0.000,1.000,4.29,1.00,0,0
253.78,-0.000,-0.000,1.000,4.32,1.00,0,0
253.88,-0.000,-0.000,1.000,4.35,1.00,0,0
253.99,-0.000,-0.000,1.000,4.38,1.00,0,0
254.08,-0.000,-0.000,1.000,4.40,1.00,0,0
254.18,-0.000,-0.000,1.000,4.42,1.00,0,0
254.28,-0.000,-0.000,1.000,4.43,1.00,0,0
254.38,-0.000,-0.000,1.000,4.44,1.00,0,0
254.48,-0.000,-0.000,1.000,4.45,1.00,0,0
254.58,-0.000,-0.000,1.000,4.46,1.00,0,0
254.68,-0.000,-0.000,1.000,4.49,1.00,0,0
254.78,-0.000,-0.000,1.000,4.52,1.00,0,0
254.88,-0.000,-0.000,1.000,4.54,1.00,0,0
254.99,-0.000,-0.000,1.000,4.54,1.00,0,0
255.08,-0.000,-0.000,1.000,4.53,1.00,0,0
255.18,-0.000,-0.000,1.000,4.49,1.00,0,0
255.28,-0.000,-0.000,1.000,4.41,1.00,0,0
255.39,-0.000,-0.000,1.000,4.29,1.00,0,0
255.49,-0.000,-0.000,1.000,4.23,1.00,0,0
255.58,-0.000,-0.000,1.000,4.21,1.00,0,0
255.69,-0.000,-0.000,1.000,4.18,1.00,0,0
255.78,-0.000,-0.000,1.000,4.16,1.00,0,0
255.89,-0.000,-0.000,1.000,4.13,1.00,0,0
255.99,-0.000,-0.000,1.000,4.10,1.00,0,0
256.08,-0.000,-0.000,1.000,4.07,1.00,0,0
256.18,-0.000,-0.000,1.000,4.04,1.00,0,0
256.28,-0.000,-0.000,1.000,4.00,1.00,0,0
256.38,-0.000,-0.000,1.000,3.97,1.00,0,0
256.48,-0.000,-0.000,1.000,3.93,1.00,0,0
256.58,-0.000,-0.000,1.000,3.89,1.00,0,0
256.69,-0.000,-0.000,1.000,3.85,1.00,0,0
256.78,-0.000,-0.000,1.000,3.82,1.00,0,0
256.89,-0.000,-0.000,1.000,3.77,1.00,0,0
256.99,-0.000,-0.000,1.000,3.73,1.00,0,0
257.08,-0.000,-0.000,1.000,3.69,1.00,0,0
257.19,-0.000,-0.000,1.000,3.64,1.00,0,0
257.29,-0.000,-0.000,1.000,3.60,1.00,0,0
257.38,-0.000,-0.000,1.000,3.55,1.00,0,0
257.49,-0.000,-0.000,1.000,3.50,1.00,0,0
257.59,-0.000,-0.000,1.000,3.46,1.00,0,0
257.69,-0.000,-0.000,1.000,3.41,1.00,0,0
257.78,-0.000,-0.000,1.000,3.36,1.00,0,0
257.88,-0.000,-0.000,1.000,3.31,1.00,0,0
257.99,-0.000,-0.000,1.000,3.26,1.00,0,0
258.08,-0.000,-0.000,1.000,3.21,1.00,0,0
258.18,-0.000,-0.000,1.000,3.16,1.00,0,0
258.29,-0.000,-0.000,1.000,3.11,1.00,0,0
258.39,-0.000,-0.000,1.000,3.06,1.00,0,0
258.48,-0.000,-0.000,1.000,3.01,1.00,0,0
258.58,-0.000,-0.000,1.000,2.96,1.00,0,0
258.69,-0.000,-0.000,1.000,2.90,1.00,0,0
258.79,-0.000,-0.000,1.000,2.85,1.00,0,0
258.89,-0.000,-0.000,1.000,2.80,1.00,0,0
258.99,-0.000,-0.000,1.000,2.75,1.00,0,0
259.08,-0.000,-0.000,1.000,2.70,1.00,0,0
259.18,-0.000,-0.000,1.000,2.65,1.00,0,0
259.28,-0.000,-0.000,1.000,2.60,1.00,0,0
259.38,-0.000,-0.000,1.000,2.55,1.00,0,0
259.49,-0.000,-0.000,1.000,2.50,1.00,0,0
259.59,-0.000,-0.000,1.000,2.45,1.00,0,0
259.68,-0.000,-0.000,1.000,2.40,1.00,0,0
259.79,-0.000,-0.000,1.000,2.35,1.00,0,0
259.88,-0.000,-0.000,1.000,2.31,1.00,0,0
259.98,-0.000,-0.000,1.000,2.26,1.00,0,0
260.08,-0.000,-0.000,1.000,2.22,1.00,0,0
260.19,-0.000,-0.000,1.000,2.17,1.00,0,0
260.28,-0.000,-0.000,1.000,2.13,1.00,0,0
260.39,-0.000,-0.000,1.000,2.08,1.00,0,0
260.49,-0.000,-0.000,1.000,2.04,1.00,0,0
260.58,-0.000,-0.000,1.000,2.00,1.00,0,0
260.69,-0.000,-0.000,1.000,1.96,1.00,0,0
260.79,-0.000,-0.000,1.000,1.92,1.00,0,0
260.88,-0.000,-0.000,1.000,1.88,1.00,0,0
260.99,-0.000,-0.000,1.000,1.84,1.00,0,0
261.08,-0.000,-0.000,1.000,1.81,1.00,0,0
261.19,-0.000,-0.000,1.000,1.77,1.00,0,0
261.28,-0.000,-0.000,1.000,1.74,1.00,0,0
261.38,-0.000,-0.000,1.000,1.71,1.00,0,0
261.49,-0.000,-0.000,1.000,1.68,1.00,0,0
261.59,-0.000,-0.000,1.000,1.65,1.00,0,0
261.68,-0.000,-0.000,1.000,1.62,1.00,0,0
261.79,-0.000,-0.000,1.000,1.59,1.00,0,0
261.88,-0.000,-0.000,1.000,1.57,1.00,0,0
261.98,-0.000,-0.000,1.000,1.55,1.00,0,0
262.09,-0.000,-0.000,1.000,1.52,1.00,0,0
262.19,-0.000,-0.000,1.000,1.50,1.00,0,0
262.29,-0.000,-0.000,1.000,1.48,1.00,0,0
262.38,-0.000,-0.000,1.000,1.47,1.00,0,0
262.49,-0.000,-0.000,1.000,1.45,1.00,0,0
262.59,-0.000,-0.000,1.000,1.44,1.00,0,0
262.69,-0.000,-0.000,1.000,1.42,1.00,0,0
262.78,-0.000,-0.000,1.000,1.41,1.00,0,0
262.89,-0.000,-0.000,1.000,1.40,1.00,0,0
262.98,-0.000,-0.000,1.000,1.39,1.00,0,0
263.09,-0.000,-0.000,1.000,1.39,1.00,0,0
263.19,-0.000,-0.000,1.000,1.38,1.00,0,0
263.29,-0.000,-0.000,1.000,1.38,1.00,0,0
263.39,-0.000,-0.000,1.000,1.38,1.00,0,0
263.49,-0.000,-0.000,1.000,1.38,1.00,0,0
263.59,-0.000,-0.000,1.000,1.38,1.00,0,0
263.68,-0.000,-0.000,1.000,1.38,1.00,0,0
263.78,-0.000,-0.000,1.000,1.39,1.00,0,0
263.89,-0.000,-0.000,1.000,1.40,1.00,0,0
263.99,-0.000,-0.000,1.000,1.41,1.00,0,0
264.09,-0.000,-0.000,1.000,1.42,1.00,0,0
264.18,-0.000,-0.000,1.000,1.43,1.00,0,0
264.28,-0.000,-0.000,1.000,1.44,1.00,0,0
264.39,-0.000,-0.000,1.000,1.46,1.00,0,0
264.49,-0.000,-0.000,1.000,1.47,1.00,0,0
264.58,-0.000,-0.000,1.000,1.49,1.00,0,0
264.68,-0.000,-0.000,1.000,1.51,1.00,0,0
264.78,-0.000,-0.000,1.000,1.53,1.00,0,0
264.89,-0.000,-0.000,1.000,1.55,1.00,0,0
264.98,-0.000,-0.000,1.000,1.58,1.00,0,0
265.09,-0.000,-0.000,1.000,1.60,1.00,0,0
265.19,-0.000,-0.000,1.000,1.63,1.00,0,0
265.28,-0.000,-0.000,1.000,1.66,1.00,0,0
265.38,-0.000,-0.000,1.000,1.69,1.00,0,0
265.48,-0.000,-0.000,1.000,1.72,1.00,0,0
265.60,-0.000,-0.000,1.000,1.76,1.00,0,0
265.69,-0.000,-0.000,1.000,1.79,1.00,0,0
265.79,-0.000,-0.000,1.000,1.82,1.00,0,0
265.89,-0.000,-0.000,1.000,1.86,1.00,0,0
265.99,-0.000,-0.000,1.000,1.90,1.00,0,0
266.08,-0.000,-0.000,1.000,1.93,1.00,0,0
266.19,-0.000,-0.000,1.000,1.97,1.00,0,0
266.28,-0.000,-0.000,1.000,2.01,1.00,0,0
266.39,-0.000,-0.000,1.000,2.06,1.00,0,0
266.48,-0.000,-0.000,1.000,2.10,1.00,0,0
266.58,-0.000,-0.000,1.000,2.14,1.00,0,0
266.68,-0.000,-0.000,1.000,2.19,1.00,0,0
266.78,-0.000,-0.000,1.000,2.23,1.00,0,0
266.88,-0.000,-0.000,1.000,2.28,1.00,0,0
266.99,-0.000,-0.000,1.000,2.33,1.00,0,0
267.08,-0.000,-0.000,1.000,2.37,1.00,0,0
267.19,-0.000,-0.000,1.000,2.42,1.00,0,0
267.28,-0.000,-0.000,1.000,2.47,1.00,0,0
267.39,-0.000,-0.000,1.000,2.52,1.00,0,0
267.49,-0.000,-0.000,1.000,2.57,1.00,0,0
267.58,-0.000,-0.000,1.000,2.62,1.00,0,0
267.68,-0.000,-0.000,1.000,2.67,1.00,0,0
267.78,-0.000,-0.000,1.000,2.72,1.00,0,0
267.88,-0.000,-0.000,1.000,2.77,1.00,0,0
267.99,-0.000,-0.000,1.000,2.82,1.00,0,0
268.08,-0.000,-0.000,1.000,2.88,1.00,0,0
268.18,-0.000,-0.000,1.000,2.93,1.00,0,0
268.29,-0.000,-0.000,1.000,2.98,1.00,0,0
268.38,-0.000,-0.000,1.000,3.03,1.00,0,0
268.49,-0.000,-0.000,1.000,3.08,1.00,0,0
268.58,-0.000,-0.000,1.000,3.13,1.00,0,0
268.69,-0.000,-0.000,1.000,3.18,1.00,0,0
268.78,-0.000,-0.000,1.000,3.23,1.00,0,0
268.88,-0.000,-0.000,1.000,3.28,1.00,0,0
268.99,-0.000,-0.000,1.000,3.33,1.00,0,0
269.09,-0.000,-0.000,1.000,3.38,1.00,0,0
269.19,-0.000,-0.000,1.000,3.43,1.00,0,0
269.28,-0.000,-0.000,1.000,3.48,1.00,0,0
269.39,-0.000,-0.000,1.000,3.52,1.00,0,0
269.48,-0.000,-0.000,1.000,3.57,1.00,0,0
269.58,-0.000,-0.000,1.000,3.62,1.00,0,0
269.68,-0.000,-0.000,1.000,3.66,1.00,0,0
269.78,-0.000,-0.000,1.000,3.71,1.00,0,0
269.88,-0.000,-0.000,1.000,3.75,1.00,0,0
269.99,-0.000,-0.000,1.000,3.79,1.00,0,0
270.08,-0.000,-0.000,1.000,3.83,1.00,0,0
270.19,-0.000,-0.000,1.000,3.87,1.00,0,0
270.28,-0.000,-0.000,1.000,3.91,1.00,0,0
270.38,-0.000,-0.000,1.000,3.95,1.00,0,0
270.49,-0.000,-0.000,1.000,3.98,1.00,0,0
270.58,-0.000,-0.000,1.000,4.02,1.00,0,0
270.69,-0.000,-0.000,1.000,4.05,1.00,0,0
270.79,-0.000,-0.000,1.000,4.08,1.00,0,0
270.88,-0.000,-0.000,1.000,4.11,1.00,0,0
270.98,-0.000,-0.000,1.000,4.14,1.00,0,0
271.09,-0.000,-0.000,1.000,4.17,1.00,0,0
271.18,-0.000,-0.000,1.000,4.19,1.00,0,0
271.28,-0.000,-0.000,1.000,4.22,1.00,0,0
271.39,-0.000,-0.000,1.000,4.24,1.00,0,0
271.48,-0.000,-0.000,1.000,4.34,1.00,0,0
271.58,-0.000,-0.000,1.000,4.45,1.00,0,0
271.69,-0.000,-0.000,1.000,4.51,1.00,0,0
271.78,-0.000,-0.000,1.000,4.54,1.00,0,0
271.88,-0.000,-0.000,1.000,4.54,1.00,0,0
271.99,-0.000,-0.000,1.000,4.53,1.00,0,0
272.08,-0.000,-0.000,1.000,4.51,1.00,0,0
272.19,-0.000,-0.000,1.000,4.48,1.00,0,0
272.29,-0.000,-0.000,1.000,4.46,1.00,0,0
272.38,-0.000,-0.000,1.000,4.44,1.00,0,0
272.48,-0.000,-0.000,1.000,4.44,1.00,0,0
272.58,-0.000,-0.000,1.000,4.43,1.00,0,0
272.69,-0.000,-0.000,1.000,4.41,1.00,0,0
272.78,-0.000,-0.000,1.000,4.39,1.00,0,0
272.89,-0.000,-0.000,1.000,4.37,1.00,0,0
272.99,-0.000,-0.000,1.000,4.34,1.00,0,0
273.08,-0.000,-0.000,1.000,4.31,1.00,0,0
273.19,-0.000,-0.000,1.000,4.27,1.00,0,0
273.29,-0.000,-0.000,1.000,4.24,1.00,0,0
273.39,-0.000,-0.000,1.000,4.19,1.00,0,0
273.49,-0.000,-0.000,1.000,4.15,1.00,0,0
273.58,-0.000,-0.000,1.000,4.10,1.00,0,0
273.69,-0.000,-0.000,1.000,4.04,1.00,0,0
273.78,-0.000,-0.000,1.000,3.98,1.00,0,0
273.88,-0.000,-0.000,1.000,3.91,1.00,0,0
273.99,-0.000,-0.000,1.000,3.84,1.00,0,0
274.09,-0.000,-0.000,1.000,3.77,1.00,0,0
274.19,-0.000,-0.000,1.000,3.70,1.00,0,0
274.28,-0.000,-0.000,1.000,3.63,1.00,0,0
274.39,-0.000,-0.000,1.000,3.56,1.00,0,0
274.49,-0.000,-0.000,1.000,3.49,1.00,0,0
274.59,-0.000,-0.000,1.000,3.42,1.00,0,0
274.68,-0.000,-0.000,1.000,3.34,1.00,0,0
274.78,-0.000,-0.000,1.000,3.27,1.00,0,0
274.88,-0.000,-0.000,1.000,3.19,1.00,0,0
274.98,-0.000,-0.000,1.000,3.11,1.00,0,0
275.08,-0.000,-0.000,1.000,3.04,1.00,0,0
275.20,-0.000,-0.000,1.000,2.96,1.00,0,0
275.29,-0.000,-0.000,1.000,2.90,1.00,0,0
275.39,-0.000,-0.000,1.000,2.83,1.00,0,0
275.48,-0.000,-0.000,1.000,2.79,1.00,0,0
275.59,-0.000,-0.000,1.000,2.73,1.00,0,0
275.69,-0.000,-0.000,1.000,2.69,1.00,0,0
275.79,-0.000,-0.000,1.000,2.64,1.00,0,0
275.89,-0.000,-0.000,1.000,2.61,1.00,0,0
275.99,-0.000,-0.000,1.000,2.58,1.00,0,0
276.08,-0.000,-0.000,1.000,2.55,1.00,0,0
276.18,-0.000,-0.000,1.000,2.53,1.00,0,0
276.29,-0.000,-0.000,1.000,2.52,1.00,0,0
276.39,-0.000,-0.000,1.000,2.52,1.00,0,0
276.48,-0.000,-0.000,1.000,2.53,1.00,0,0
276.58,-0.000,-0.000,1.000,2.54,1.00,0,0
276.68,-0.000,-0.000,1.000,2.57,1.00,0,0
276.78,-0.000,-0.000,1.000,2.60,1.00,0,0
276.88,-0.000,-0.000,1.000,2.63,1.00,0,0
276.98,-0.000,-0.000,1.000,2.68,1.00,0,0
277.08,-0.000,-0.000,1.000,2.72,1.00,0,0
277.19,-0.000,-0.000,1.000,2.78,1.00,0,0
277.28,-0.000,-0.000,1.000,2.83,1.00,0,0
277.38,-0.000,-0.000,1.000,2.89,1.00,0,0
277.48,-0.000,-0.000,1.000,2.95,1.00,0,0
277.58,-0.000,-0.000,1.000,3.01,1.00,0,0
277.69,-0.000,-0.000,1.000,3.09,1.00,0,0
277.78,-0.000,-0.000,1.000,3.16,1.00,0,0
277.89,-0.000,-0.000,1.000,3.24,1.00,0,0
277.99,-0.000,-0.000,1.000,3.32,1.00,0,0
278.08,-0.000,-0.000,1.000,3.40,1.00,0,0
278.19,-0.000,-0.000,1.000,3.48,1.00,0,0
278.28,-0.000,-0.000,1.000,3.55,1.00,0,0
278.39,-0.000,-0.000,1.000,3.62,1.00,0,0
278.49,-0.000,-0.000,1.000,3.68,1.00,0,0
278.59,-0.000,-0.000,1.000,3.75,1.00,0,0
278.69,-0.000,-0.000,1.000,3.81,1.00,0,0
278.78,-0.000,-0.000,1.000,3.87,1.00,0,0
278.89,-0.000,-0.000,1.000,3.93,1.00,0,0
278.99,-0.000,-0.000,1.000,3.99,1.00,0,0
279.08,-0.000,-0.000,1.000,4.05,1.00,0,0
279.18,-0.000,-0.000,1.000,4.11,1.00,0,0
279.29,-0.000,-0.000,1.000,4.17,1.00,0,0
279.38,-0.000,-0.000,1.000,4.23,1.00,0,0
279.49,-0.000,-0.000,1.000,4.27,1.00,0,0
279.58,-0.000,-0.000,1.000,4.30,1.00,0,0
279.69,-0.000,-0.000,1.000,4.33,1.00,0,0
279.78,-0.000,-0.000,1.000,4.36,1.00,0,0
279.89,-0.000,-0.000,1.000,4.40,1.00,0,0
279.99,-0.000,-0.000,1.000,4.43,1.00,0,0
280.08,-0.000,-0.000,1.000,4.46,1.00,0,0
280.19,-0.000,-0.000,1.000,4.50,1.00,0,0
280.29,-0.000,-0.000,1.000,4.54,1.00,0,0
280.38,-0.000,-0.000,1.000,4.57,1.00,0,0
280.48,-0.000,-0.000,1.000,4.61,1.00,0,0
280.58,-0.000,-0.000,1.000,4.64,1.00,0,0
280.68,-0.000,-0.000,1.000,4.67,1.00,0,0
280.79,-0.000,-0.000,1.000,4.71,1.00,0,0
280.88,-0.000,-0.000,1.000,4.73,1.00,0,0
280.98,-0.000,-0.000,1.000,4.76,1.00,0,0
281.09,-0.000,-0.000,1.000,4.79,1.00,0,0
281.19,-0.000,-0.000,1.000,4.81,1.00,0,0
281.28,-0.000,-0.000,1.000,4.83,1.00,0,0
281.38,-0.000,-0.000,1.000,4.85,1.00,0,0
281.48,-0.000,-0.000,1.000,4.42,1.00,0,0
281.58,-0.000,-0.000,1.000,4.40,1.00,0,0
281.69,-0.000,-0.000,1.000,4.37,1.00,0,0
281.79,-0.000,-0.000,1.000,4.34,1.00,0,0
281.88,-0.000,-0.000,1.000,4.31,1.00,0,0
281.99,-0.000,-0.000,1.000,4.27,1.00,0,0
282.09,-0.000,-0.000,1.000,4.24,1.00,0,0
282.19,-0.000,-0.000,1.000,4.20,1.00,0,0
282.28,-0.000,-0.000,1.000,4.16,1.00,0,0
282.39,-0.000,-0.000,1.000,4.11,1.00,0,0
282.48,-0.000,-0.000,1.000,4.07,1.00,0,0
282.59,-0.000,-0.000,1.000,4.03,1.00,0,0
282.68,-0.000,-0.000,1.000,3.98,1.00,0,0
282.78,-0.000,-0.000,1.000,3.93,1.00,0,0
282.88,-0.000,-0.000,1.000,3.88,1.00,0,0
282.99,-0.000,-0.000,1.000,3.83,1.00,0,0
283.08,-0.000,-0.000,1.000,3.78,1.00,0,0
283.18,-0.000,-0.000,1.000,3.73,1.00,0,0
283.29,-0.000,-0.000,1.000,3.67,1.00,0,0
283.38,-0.000,-0.000,1.000,3.62,1.00,0,0
283.49,-0.000,-0.000,1.000,3.56,1.00,0,0
283.58,-0.000,-0.000,1.000,3.51,1.00,0,0
283.69,-0.000,-0.000,1.000,3.45,1.00,0,0
283.78,-0.000,-0.000,1.000,3.39,1.00,0,0
283.88,-0.000,-0.000,1.000,3.34,1.00,0,0
283.99,-0.000,-0.000,1.000,3.28,1.00,0,0
284.09,-0.000,-0.000,1.000,3.22,1.00,0,0
284.18,-0.000,-0.000,1.000,3.17,1.00,0,0
284.28,-0.000,-0.000,1.000,3.11,1.00,0,0
284.39,-0.000,-0.000,1.000,3.06,1.00,0,0
284.48,-0.000,-0.000,1.000,3.00,1.00,0,0
284.58,-0.000,-0.000,1.000,2.94,1.00,0,0
284.69,-0.000,-0.000,1.000,2.89,1.00,0,0
284.79,-0.000,-0.000,1.000,2.83,1.00,0,0
284.88,-0.000,-0.000,1.000,2.78,1.00,0,0
284.98,-0.000,-0.000,1.000,2.73,1.00,0,0
285.09,-0.000,-0.000,1.000,2.68,1.00,0,0
285.19,-0.000,-0.000,1.000,2.63,1.00,0,0
285.29,-0.000,-0.000,1.000,2.58,1.00,0,0
285.38,-0.000,-0.000,1.000,2.54,1.00,0,0
285.49,-0.000,-0.000,1.000,2.49,1.00,0,0
285.59,-0.000,-0.000,1.000,2.45,1.00,0,0
285.69,-0.000,-0.000,1.000,2.40,1.00,0,0
285.78,-0.000,-0.000,1.000,2.36,1.00,0,0
285.88,-0.000,-0.000,1.000,2.32,1.00,0,0
285.99,-0.000,-0.000,1.000,2.29,1.00,0,0
286.09,-0.000,-0.000,1.000,2.25,1.00,0,0
286.19,-0.000,-0.000,1.000,2.22,1.00,0,0
286.29,-0.000,-0.000,1.000,2.19,1.00,0,0
286.39,-0.000,-0.000,1.000,2.16,1.00,0,0
286.49,-0.000,-0.000,1.000,2.13,1.00,0,0
286.58,-0.000,-0.000,1.000,2.11,1.00,0,0
286.69,-0.000,-0.000,1.000,2.09,1.00,0,0
286.78,-0.000,-0.000,1.000,2.07,1.00,0,0
286.88,-0.000,-0.000,1.000,2.05,1.00,0,0
286.99,-0.000,-0.000,1.000,2.04,1.00,0,0
287.08,-0.000,-0.000,1.000,2.03,1.00,0,0
287.18,-0.000,-0.000,1.000,2.02,1.00,0,0
287.28,-0.000,-0.000,1.000,2.01,1.00,0,0
287.39,-0.000,-0.000,1.000,2.01,1.00,0,0
287.49,-0.000,-0.000,1.000,2.01,1.00,0,0
287.59,-0.000,-0.000,1.000,2.01,1.00,0,0
287.69,-0.000,-0.000,1.000,2.02,1.00,0,0
287.78,-0.000,-0.000,1.000,2.03,1.00,0,0
287.88,-0.000,-0.000,1.000,2.04,1.00,0,0
287.99,-0.000,-0.000,1.000,2.06,1.00,0,0
288.09,-0.000,-0.000,1.000,2.07,1.00,0,0
288.18,-0.000,-0.000,1.000,2.09,1.00,0,0
288.29,-0.000,-0.000,1.000,2.12,1.00,0,0
288.38,-0.000,-0.000,1.000,2.14,1.00,0,0
288.49,-0.000,-0.000,1.000,2.17,1.00,0,0
288.58,-0.000,-0.000,1.000,2.20,1.00,0,0
288.68,-0.000,-0.000,1.000,2.23,1.00,0,0
288.78,-0.000,-0.000,1.000,2.27,1.00,0,0
288.88,-0.000,-0.000,1.000,2.30,1.00,0,0
288.99,-0.000,-0.000,1.000,2.34,1.00,0,0
289.08,-0.000,-0.000,1.000,2.38,1.00,0,0
289.19,-0.000,-0.000,1.000,2.42,1.00,0,0
289.28,-0.000,-0.000,1.000,2.46,1.00,0,0
289.39,-0.000,-0.000,1.000,2.51,1.00,0,0
289.48,-0.000,-0.000,1.000,2.55,1.00,0,0
289.58,-0.000,-0.000,1.000,2.60,1.00,0,0
289.68,-0.000,-0.000,1.000,2.65,1.00,0,0
289.79,-0.000,-0.000,1.000,2.70,1.00,0,0
289.89,-0.000,-0.000,1.000,2.75,1.00,0,0
289.99,-0.000,-0.000,1.000,2.80,1.00,0,0
290.08,-0.000,-0.000,1.000,2.86,1.00,0,0
290.19,-0.000,-0.000,1.000,2.91,1.00,0,0
290.29,-0.000,-0.000,1.000,2.97,1.00,0,0
290.38,-0.000,-0.000,1.000,3.02,1.00,0,0
290.49,-0.000,-0.000,1.000,3.08,1.00,0,0
290.59,-0.000,-0.000,1.000,3.13,1.00,0,0
290.69,-0.000,-0.000,1.000,3.19,1.00,0,0
290.78,-0.000,-0.000,1.000,3.25,1.00,0,0
290.88,-0.000,-0.000,1.000,3.30,1.00,0,0
290.99,-0.000,-0.000,1.000,3.36,1.00,0,0
291.08,-0.000,-0.000,1.000,3.42,1.00,0,0
291.19,-0.000,-0.000,1.000,3.47,1.00,0,0
291.28,-0.000,-0.000,1.000,3.53,1.00,0,0
291.38,-0.000,-0.000,1.000,3.58,1.00,0,0
291.48,-0.000,-0.000,1.000,3.64,1.00,0,0
291.59,-0.000,-0.000,1.000,3.69,1.00,0,0
291.68,-0.000,-0.000,1.000,3.75,1.00,0,0
291.78,-0.000,-0.000,1.000,3.80,1.00,0,0
291.88,-0.000,-0.000,1.000,3.85,1.00,0,0
291.98,-0.000,-0.000,1.000,3.90,1.00,0,0
292.08,-0.000,-0.000,1.000,3.95,1.00,0,0
292.19,-0.000,-0.000,1.000,4.00,1.00,0,0
292.28,-0.000,-0.000,1.000,4.04,1.00,0,0
292.38,-0.000,-0.000,1.000,4.09,1.00,0,0
292.49,-0.000,-0.000,1.000,4.13,1.00,0,0
292.58,-0.000,-0.000,1.000,4.17,1.00,0,0
292.69,-0.000,-0.000,1.000,4.22,1.00,0,0
292.78,-0.000,-0.000,1.000,4.25,1.00,0,0
292.88,-0.000,-0.000,1.000,4.29,1.00,0,0
292.99,-0.000,-0.000,1.000,4.32,1.00,0,0
293.08,-0.000,-0.000,1.000,4.35,1.00,0,0
293.19,-0.000,-0.000,1.000,4.38,1.00,0,0
293.28,-0.000,-0.000,1.000,4.41,1.00,0,0
293.38,-0.000,-0.000,1.000,4.43,1.00,0,0
293.49,-0.000,-0.000,1.000,4.84,1.00,0,0
293.58,-0.000,-0.000,1.000,4.83,1.00,0,0
293.69,-0.000,-0.000,1.000,4.80,1.00,0,0
293.78,-0.000,-0.000,1.000,4.78,1.00,0,0
293.88,-0.000,-0.000,1.000,4.75,1.00,0,0
293.99,-0.000,-0.000,1.000,4.72,1.00,0,0
294.09,-0.000,-0.000,1.000,4.69,1.00,0,0
294.18,-0.000,-0.000,1.000,4.66,1.00,0,0
294.28,-0.000,-0.000,1.000,4.63,1.00,0,0
294.39,-0.000,-0.000,1.000,4.59,1.00,0,0
294.48,-0.000,-0.000,1.000,4.56,1.00,0,0
294.58,-0.000,-0.000,1.000,4.52,1.00,0,0
294.68,-0.000,-0.000,1.000,4.49,1.00,0,0
294.79,-0.000,-0.000,1.000,4.45,1.00,0,0
294.88,-0.000,-0.000,1.000,4.42,1.00,0,0
294.99,-0.000,-0.000,1.000,4.38,1.00,0,0
295.09,-0.000,-0.000,1.000,4.35,1.00,0,0
295.18,-0.000,-0.000,1.000,4.32,1.00,0,0
295.28,-0.000,-0.000,1.000,4.28,1.00,0,0
295.38,-0.000,-0.000,1.000,4.25,1.00,0,0
295.49,-0.000,-0.000,1.000,4.20,1.00,0,0
295.58,-0.000,-0.000,1.000,4.14,1.00,0,0
295.68,-0.000,-0.000,1.000,4.09,1.00,0,0
295.78,-0.000,-0.000,1.000,4.03,1.00,0,0
295.88,-0.000,-0.000,1.000,3.97,1.00,0,0
295.99,-0.000,-0.000,1.000,3.91,1.00,0,0
296.08,-0.000,-0.000,1.000,3.85,1.00,0,0
296.19,-0.000,-0.000,1.000,3.79,1.00,0,0
296.28,-0.000,-0.000,1.000,3.72,1.00,0,0
296.38,-0.000,-0.000,1.000,3.66,1.00,0,0
296.49,-0.000,-0.000,1.000,3.59,1.00,0,0
296.59,-0.000,-0.000,1.000,3.52,1.00,0,0
296.68,-0.000,-0.000,1.000,3.45,1.00,0,0
296.78,-0.000,-0.000,1.000,3.37,1.00,0,0
296.88,-0.000,-0.000,1.000,3.29,1.00,0,0
296.99,-0.000,-0.000,1.000,3.21,1.00,0,0
297.08,-0.000,-0.000,1.000,3.13,1.00,0,0
297.19,-0.000,-0.000,1.000,3.06,1.00,0,0
297.28,-0.000,-0.000,1.000,2.99,1.00,0,0
297.38,-0.000,-0.000,1.000,2.92,1.00,0,0
297.48,-0.000,-0.000,1.000,2.87,1.00,0,0
297.58,-0.000,-0.000,1.000,2.81,1.00,0,0
297.68,-0.000,-0.000,1.000,2.76,1.00,0,0
297.78,-0.000,-0.000,1.000,2.70,1.00,0,0
297.88,-0.000,-0.000,1.000,2.66,1.00,0,0
297.98,-0.000,-0.000,1.000,2.62,1.00,0,0
298.09,-0.000,-0.000,1.000,2.58,1.00,0,0
298.19,-0.000,-0.000,1.000,2.56,1.00,0,0
298.29,-0.000,-0.000,1.000,2.54,1.00,0,0
298.38,-0.000,-0.000,1.000,2.53,1.00,0,0
298.49,-0.000,-0.000,1.000,2.52,1.00,0,0
298.59,-0.000,-0.000,1.000,2.53,1.00,0,0
298.69,-0.000,-0.000,1.000,2.54,1.00,0,0
298.79,-0.000,-0.000,1.000,2.56,1.00,0,0
298.89,-0.000,-0.000,1.000,2.59,1.00,0,0
298.99,-0.000,-0.000,1.000,2.62,1.00,0,0
299.08,-0.000,-0.000,1.000,2.66,1.00,0,0
299.19,-0.000,-0.000,1.000,2.71,1.00,0,0
299.29,-0.000,-0.000,1.000,2.75,1.00,0,0
299.39,-0.000,-0.000,1.000,2.81,1.00,0,0
299.49,-0.000,-0.000,1.000,2.86,1.00,0,0
299.59,-0.000,-0.000,1.000,2.93,1.00,0,0
299.69,-0.000,-0.000,1.000,3.00,1.00,0,0
299.78,-0.000,-0.000,1.000,3.06,1.00,0,0
299.89,-0.000,-0.000,1.000,3.14,1.00,0,0
299.99,-0.000,-0.000,1.000,3.22,1.00,0,0
300.09,-0.000,-0.000,1.000,3.30,1.00,0,0
300.18,-0.000,-0.000,1.000,3.37,1.00,0,0
300.29,-0.000,-0.000,1.000,3.45,1.00,0,0
300.38,-0.000,-0.000,1.000,3.52,1.00,0,0
300.49,-0.000,-0.000,1.000,3.59,1.00,0,0
300.59,-0.000,-0.000,1.000,3.66,1.00,0,0
300.69,-0.000,-0.000,1.000,3.73,1.00,0,0
300.78,-0.000,-0.000,1.000,3.80,1.00,0,0
300.88,-0.000,-0.000,1.000,3.87,1.00,0,0
300.98,-0.000,-0.000,1.000,3.94,1.00,0,0
301.08,-0.000,-0.000,1.000,4.00,1.00,0,0
301.19,-0.000,-0.000,1.000,4.07,1.00,0,0
301.28,-0.000,-0.000,1.000,4.12,1.00,0,0
301.39,-0.000,-0.000,1.000,4.17,1.00,0,0
301.49,-0.000,-0.000,1.000,4.21,1.00,0,0
301.59,-0.000,-0.000,1.000,4.25,1.00,0,0
301.69,-0.000,-0.000,1.000,4.29,1.00,0,0
301.78,-0.000,-0.000,1.000,4.32,1.00,0,0
301.88,-0.000,-0.000,1.000,4.35,1.00,0,0
301.99,-0.000,-0.000,1.000,4.38,1.00,0,0
302.09,-0.000,-0.000,1.000,4.40,1.00,0,0
302.18,-0.000,-0.000,1.000,4.42,1.00,0,0
302.29,-0.000,-0.000,1.000,4.43,1.00,0,0
302.38,-0.000,-0.000,1.000,4.44,1.00,0,0
302.49,-0.000,-0.000,1.000,4.45,1.00,0,0
302.58,-0.000,-0.000,1.000,4.46,1.00,0,0
302.68,-0.000,-0.000,1.000,4.49,1.00,0,0
302.79,-0.000,-0.000,1.000,4.52,1.00,0,0
302.88,-0.000,-0.000,1.000,4.54,1.00,0,0
302.99,-0.000,-0.000,1.000,4.54,1.00,0,0
303.09,-0.000,-0.000,1.000,4.53,1.00,0,0
303.19,-0.000,-0.000,1.000,4.49,1.00,0,0
303.29,-0.000,-0.000,1.000,4.41,1.00,0,0
303.38,-0.000,-0.000,1.000,4.29,1.00,0,0
303.48,-0.000,-0.000,1.000,4.23,1.00,0,0
303.58,-0.000,-0.000,1.000,4.21,1.00,0,0
303.68,-0.000,-0.000,1.000,4.18,1.00,0,0
303.79,-0.000,-0.000,1.000,4.16,1.00,0,0
303.88,-0.000,-0.000,1.000,4.13,1.00,0,0
303.99,-0.000,-0.000,1.000,4.10,1.00,0,0
304.08,-0.000,-0.000,1.000,4.07,1.00,0,0
304.19,-0.000,-0.000,1.000,4.04,1.00,0,0
304.28,-0.000,-0.000,1.000,4.00,1.00,0,0
304.38,-0.000,-0.000,1.000,3.97,1.00,0,0
304.48,-0.000,-0.000,1.000,3.93,1.00,0,0
304.58,-0.000,-0.000,1.000,3.89,1.00,0,0
304.69,-0.000,-0.000,1.000,3.85,1.00,0,0
304.79,-0.000,-0.000,1.000,3.81,1.00,0,0
304.88,-0.000,-0.000,1.000,3.77,1.00,0,0
304.99,-0.000,-0.000,1.000,3.73,1.00,0,0
305.09,-0.000,-0.000,1.000,3.69,1.00,0,0
305.18,-0.000,-0.000,1.000,3.64,1.00,0,0
305.28,-0.000,-0.000,1.000,3.60,1.00,0,0
305.38,-0.000,-0.000,1.000,3.55,1.00,0,0
305.49,-0.000,-0.000,1.000,3.50,1.00,0,0
305.58,-0.000,-0.000,1.000,3.46,1.00,0,0
305.69,-0.000,-0.000,1.000,3.41,1.00,0,0
305.78,-0.000,-0.000,1.000,3.36,1.00,0,0
305.88,-0.000,-0.000,1.000,3.31,1.00,0,0
305.98,-0.000,-0.000,1.000,3.26,1.00,0,0
306.09,-0.000,-0.000,1.000,3.21,1.00,0,0
306.19,-0.000,-0.000,1.000,3.16,1.00,0,0
306.28,-0.000,-0.000,1.000,3.11,1.00,0,0
306.39,-0.000,-0.000,1.000,3.06,1.00,0,0
306.48,-0.000,-0.000,1.000,3.01,1.00,0,0
306.58,-0.000,-0.000,1.000,2.96,1.00,0,0
306.69,-0.000,-0.000,1.000,2.90,1.00,0,0
306.78,-0.000,-0.000,1.000,2.85,1.00,0,0
306.88,-0.000,-0.000,1.000,2.80,1.00,0,0
306.98,-0.000,-0.000,1.000,2.75,1.00,0,0
307.08,-0.000,-0.000,1.000,2.70,1.00,0,0
307.19,-0.000,-0.000,1.000,2.65,1.00,0,0
307.28,-0.000,-0.000,1.000,2.60,1.00,0,0
307.39,-0.000,-0.000,1.000,2.55,1.00,0,0
307.49,-0.000,-0.000,1.000,2.50,1.00,0,0
307.59,-0.000,-0.000,1.000,2.45,1.00,0,0
307.69,-0.000,-0.000,1.000,2.40,1.00,0,0
307.79,-0.000,-0.000,1.000,2.35,1.00,0,0
307.88,-0.000,-0.000,1.000,2.31,1.00,0,0
307.99,-0.000,-0.000,1.000,2.26,1.00,0,0
308.08,-0.000,-0.000,1.000,2.21,1.00,0,0
308.19,-0.000,-0.000,1.000,2.17,1.00,0,0
308.29,-0.000,-0.000,1.000,2.12,1.00,0,0
308.39,-0.000,-0.000,1.000,2.08,1.00,0,0
308.49,-0.000,-0.000,1.000,2.04,1.00,0,0
308.59,-0.000,-0.000,1.000,2.00,1.00,0,0
308.69,-0.000,-0.000,1.000,1.96,1.00,0,0
308.79,-0.000,-0.000,1.000,1.92,1.00,0,0
308.89,-0.000,-0.000,1.000,1.88,1.00,0,0
308.98,-0.000,-0.000,1.000,1.84,1.00,0,0
309.08,-0.000,-0.000,1.000,1.81,1.00,0,0
309.18,-0.000,-0.000,1.000,1.77,1.00,0,0
309.29,-0.000,-0.000,1.000,1.74,1.00,0,0
309.38,-0.000,-0.000,1.000,1.71,1.00,0,0
309.48,-0.000,-0.000,1.000,1.68,1.00,0,0
309.58,-0.000,-0.000,1.000,1.65,1.00,0,0
309.68,-0.000,-0.000,1.000,1.62,1.00,0,0
309.79,-0.000,-0.000,1.000,1.59,1.00,0,0
309.88,-0.000,-0.000,1.000,1.57,1.00,0,0
309.99,-0.000,-0.000,1.000,1.54,1.00,0,0
310.09,-0.000,-0.000,1.000,1.52,1.00,0,0
310.19,-0.000,-0.000,1.000,1.50,1.00,0,0
310.29,-0.000,-0.000,1.000,1.48,1.00,0,0
310.39,-0.000,-0.000,1.000,1.47,1.00,0,0
310.48,-0.000,-0.000,1.000,1.45,1.00,0,0
310.59,-0.000,-0.000,1.000,1.44,1.00,0,0
310.68,-0.000,-0.000,1.000,1.42,1.00,0,0
310.78,-0.000,-0.000,1.000,1.41,1.00,0,0
310.89,-0.000,-0.000,1.000,1.40,1.00,0,0
310.99,-0.000,-0.000,1.000,1.39,1.00,0,0
311.08,-0.000,-0.000,1.000,1.39,1.00,0,0
311.18,-0.000,-0.000,1.000,1.38,1.00,0,0
311.29,-0.000,-0.000,1.000,1.38,1.00,0,0
311.38,-0.000,-0.000,1.000,1.38,1.00,0,0
311.48,-0.000,-0.000,1.000,1.38,1.00,0,0
311.59,-0.000,-0.000,1.000,1.38,1.00,0,0
311.69,-0.000,-0.000,1.000,1.38,1.00,0,0
311.79,-0.000,-0.000,1.000,1.39,1.00,0,0
311.88,-0.000,-0.000,1.000,1.40,1.00,0,0
311.99,-0.000,-0.000,1.000,1.41,1.00,0,0
312.08,-0.000,-0.000,1.000,1.42,1.00,0,0
312.19,-0.000,-0.000,1.000,1.43,1.00,0,0
312.28,-0.000,-0.000,1.000,1.44,1.00,0,0
312.39,-0.000,-0.000,1.000,1.46,1.00,0,0
312.48,-0.000,-0.000,1.000,1.47,1.00,0,0
312.58,-0.000,-0.000,1.000,1.49,1.00,0,0
312.69,-0.000,-0.000,1.000,1.51,1.00,0,0
312.78,-0.000,-0.000,1.000,1.53,1.00,0,0
312.88,-0.000,-0.000,1.000,1.55,1.00,0,0
312.99,-0.000,-0.000,1.000,1.58,1.00,0,0
313.09,-0.000,-0.000,1.000,1.60,1.00,0,0
313.19,-0.000,-0.000,1.000,1.63,1.00,0,0
313.28,-0.000,-0.000,1.000,1.66,1.00,0,0
313.38,-0.000,-0.000,1.000,1.69,1.00,0,0
313.49,-0.000,-0.000,1.000,1.72,1.00,0,0
313.58,-0.000,-0.000,1.000,1.75,1.00,0,0
313.68,-0.000,-0.000,1.000,1.79,1.00,0,0
313.78,-0.000,-0.000,1.000,1.82,1.00,0,0
313.89,-0.000,-0.000,1.000,1.86,1.00,0,0
313.98,-0.000,-0.000,1.000,1.89,1.00,0,0
314.08,-0.000,-0.000,1.000,1.93,1.00,0,0
314.18,-0.000,-0.000,1.000,1.97,1.00,0,0
314.29,-0.000,-0.000,1.000,2.01,1.00,0,0
314.38,-0.000,-0.000,1.000,2.06,1.00,0,0
314.49,-0.000,-0.000,1.000,2.10,1.00,0,0
314.58,-0.000,-0.000,1.000,2.14,1.00,0,0
314.69,-0.000,-0.000,1.000,2.19,1.00,0,0
314.79,-0.000,-0.000,1.000,2.23,1.00,0,0
314.88,-0.000,-0.000,1.000,2.28,1.00,0,0
314.99,-0.000,-0.000,1.000,2.33,1.00,0,0
315.08,-0.000,-0.000,1.000,2.37,1.00,0,0
315.19,-0.000,-0.000,1.000,2.42,1.00,0,0
315.29,-0.000,-0.000,1.000,2.47,1.00,0,0
315.38,-0.000,-0.000,1.000,2.52,1.00,0,0
315.49,-0.000,-0.000,1.000,2.57,1.00,0,0
315.58,-0.000,-0.000,1.000,2.62,1.00,0,0
315.69,-0.000,-0.000,1.000,2.67,1.00,0,0
315.79,-0.000,-0.000,1.000,2.72,1.00,0,0
315.88,-0.000,-0.000,1.000,2.77,1.00,0,0
315.99,-0.000,-0.000,1.000,2.82,1.00,0,0
316.08,-0.000,-0.000,1.000,2.88,1.00,0,0
316.19,-0.000,-0.000,1.000,2.93,1.00,0,0
316.29,-0.000,-0.000,1.000,2.98,1.00,0,0
316.39,-0.000,-0.000,1.000,3.03,1.00,0,0
316.49,-0.000,-0.000,1.000,3.08,1.00,0,0
316.58,-0.000,-0.000,1.000,3.13,1.00,0,0
316.69,-0.000,-0.000,1.000,3.18,1.00,0,0
316.78,-0.000,-0.000,1.000,3.23,1.00,0,0
316.88,-0.000,-0.000,1.000,3.28,1.00,0,0
316.99,-0.000,-0.000,1.000,3.33,1.00,0,0
317.08,-0.000,-0.000,1.000,3.38,1.00,0,0
317.19,-0.000,-0.000,1.000,3.43,1.00,0,0
317.29,-0.000,-0.000,1.000,3.48,1.00,0,0
317.39,-0.000,-0.000,1.000,3.52,1.00,0,0
317.49,-0.000,-0.000,1.000,3.57,1.00,0,0
317.58,-0.000,-0.000,1.000,3.62,1.00,0,0
317.69,-0.000,-0.000,1.000,3.66,1.00,0,0
317.79,-0.000,-0.000,1.000,3.71,1.00,0,0
317.89,-0.000,-0.000,1.000,3.75,1.00,0,0
317.98,-0.000,-0.000,1.000,3.79,1.00,0,0
318.08,-0.000,-0.000,1.000,3.83,1.00,0,0
318.18,-0.000,-0.000,1.000,3.87,1.00,0,0
318.28,-0.000,-0.000,1.000,3.91,1.00,0,0
318.38,-0.000,-0.000,1.000,3.95,1.00,0,0
318.49,-0.000,-0.000,1.000,3.98,1.00,0,0
318.58,-0.000,-0.000,1.000,4.02,1.00,0,0
318.69,-0.000,-0.000,1.000,4.05,1.00,0,0
318.79,-0.000,-0.000,1.000,4.08,1.00,0,0
318.88,-0.000,-0.000,1.000,4.11,1.00,0,0
318.99,-0.000,-0.000,1.000,4.14,1.00,0,0
319.08,-0.000,-0.000,1.000,4.17,1.00,0,0
319.18,-0.000,-0.000,1.000,4.19,1.00,0,0
319.28,-0.000,-0.000,1.000,4.22,1.00,0,0
319.39,-0.000,-0.000,1.000,4.24,1.00,0,0
319.49,-0.000,-0.000,1.000,4.35,1.00,0,0
319.59,-0.000,-0.000,1.000,4.45,1.00,0,0
319.69,-0.000,-0.000,1.000,4.51,1.00,0,0
319.79,-0.000,-0.000,1.000,4.54,1.00,0,0
319.88,-0.000,-0.000,1.000,4.54,1.00,0,0
319.99,-0.000,-0.000,1.000,4.53,1.00,0,0
320.08,-0.000,-0.000,1.000,4.51,1.00,0,0
320.19,-0.000,-0.000,1.000,4.48,1.00,0,0
320.28,-0.000,-0.000,1.000,4.46,1.00,0,0
320.38,-0.000,-0.000,1.000,4.44,1.00,0,0
320.49,-0.000,-0.000,1.000,4.44,1.00,0,0
320.59,-0.000,-0.000,1.000,4.43,1.00,0,0
320.69,-0.000,-0.000,1.000,4.41,1.00,0,0
320.78,-0.000,-0.000,1.000,4.39,1.00,0,0
320.89,-0.000,-0.000,1.000,4.37,1.00,0,0
320.98,-0.000,-0.000,1.000,4.34,1.00,0,0
321.09,-0.000,-0.000,1.000,4.31,1.00,0,0
321.18,-0.000,-0.000,1.000,4.27,1.00,0,0
321.29,-0.000,-0.000,1.000,4.23,1.00,0,0
321.38,-0.000,-0.000,1.000,4.20,1.00,0,0
321.49,-0.000,-0.000,1.000,4.15,1.00,0,0
321.58,-0.000,-0.000,1.000,4.10,1.00,0,0
321.69,-0.000,-0.000,1.000,4.04,1.00,0,0
321.78,-0.000,-0.000,1.000,3.98,1.00,0,0
321.89,-0.000,-0.000,1.000,3.91,1.00,0,0
321.98,-0.000,-0.000,1.000,3.84,1.00,0,0
322.08,-0.000,-0.000,1.000,3.77,1.00,0,0
322.19,-0.000,-0.000,1.000,3.70,1.00,0,0
322.29,-0.000,-0.000,1.000,3.63,1.00,0,0
322.38,-0.000,-0.000,1.000,3.56,1.00,0,0
322.49,-0.000,-0.000,1.000,3.49,1.00,0,0
322.59,-0.000,-0.000,1.000,3.42,1.00,0,0
322.68,-0.000,-0.000,1.000,3.34,1.00,0,0
322.79,-0.000,-0.000,1.000,3.27,1.00,0,0
322.89,-0.000,-0.000,1.000,3.19,1.00,0,0
322.98,-0.000,-0.000,1.000,3.11,1.00,0,0
323.08,-0.000,-0.000,1.000,3.04,1.00,0,0
323.19,-0.000,-0.000,1.000,2.96,1.00,0,0
323.28,-0.000,-0.000,1.000,2.90,1.00,0,0
323.39,-0.000,-0.000,1.000,2.84,1.00,0,0
323.49,-0.000,-0.000,1.000,2.78,1.00,0,0
323.58,-0.000,-0.000,1.000,2.73,1.00,0,0
323.69,-0.000,-0.000,1.000,2.69,1.00,0,0
323.78,-0.000,-0.000,1.000,2.64,1.00,0,0
323.88,-0.000,-0.000,1.000,2.61,1.00,0,0
323.98,-0.000,-0.000,1.000,2.58,1.00,0,0
324.08,-0.000,-0.000,1.000,2.55,1.00,0,0
324.18,-0.000,-0.000,1.000,2.53,1.00,0,0
324.29,-0.000,-0.000,1.000,2.52,1.00,0,0
324.38,-0.000,-0.000,1.000,2.52,1.00,0,0
324.49,-0.000,-0.000,1.000,2.53,1.00,0,0
324.58,-0.000,-0.000,1.000,2.54,1.00,0,0
324.69,-0.000,-0.000,1.000,2.57,1.00,0,0
324.79,-0.000,-0.000,1.000,2.60,1.00,0,0
324.88,-0.000,-0.000,1.000,2.63,1.00,0,0
324.98,-0.000,-0.000,1.000,2.68,1.00,0,0
325.09,-0.000,-0.000,1.000,2.72,1.00,0,0
325.19,-0.000,-0.000,1.000,2.78,1.00,0,0
325.28,-0.000,-0.000,1.000,2.83,1.00,0,0
325.38,-0.000,-0.000,1.000,2.89,1.00,0,0
325.48,-0.000,-0.000,1.000,2.95,1.00,0,0
325.59,-0.000,-0.000,1.000,3.01,1.00,0,0
325.68,-0.000,-0.000,1.000,3.08,1.00,0,0
325.79,-0.000,-0.000,1.000,3.16,1.00,0,0
325.89,-0.000,-0.000,1.000,3.24,1.00,0,0
325.98,-0.000,-0.000,1.000,3.32,1.00,0,0
326.08,-0.000,-0.000,1.000,3.40,1.00,0,0
326.19,-0.000,-0.000,1.000,3.48,1.00,0,0
326.28,-0.000,-0.000,1.000,3.55,1.00,0,0
326.38,-0.000,-0.000,1.000,3.62,1.00,0,0
326.49,-0.000,-0.000,1.000,3.69,1.00,0,0
326.58,-0.000,-0.000,1.000,3.75,1.00,0,0
326.68,-0.000,-0.000,1.000,3.81,1.00,0,0
326.78,-0.000,-0.000,1.000,3.87,1.00,0,0
326.88,-0.000,-0.000,1.000,3.93,1.00,0,0
326.99,-0.000,-0.000,1.000,3.99,1.00,0,0
327.08,-0.000,-0.000,1.000,4.05,1.00,0,0
327.19,-0.000,-0.000,1.000,4.11,1.00,0,0
327.28,-0.000,-0.000,1.000,4.17,1.00,0,0
327.38,-0.000,-0.000,1.000,4.23,1.00,0,0
327.49,-0.000,-0.000,1.000,4.27,1.00,0,0
327.58,-0.000,-0.000,1.000,4.30,1.00,0,0
327.69,-0.000,-0.000,1.000,4.33,1.00,0,0
327.78,-0.000,-0.000,1.000,4.36,1.00,0,0
327.89,-0.000,-0.000,1.000,4.40,1.00,0,0
327.98,-0.000,-0.000,1.000,4.43,1.00,0,0
328.09,-0.000,-0.000,1.000,4.47,1.00,0,0
328.19,-0.000,-0.000,1.000,4.50,1.00,0,0
328.29,-0.000,-0.000,1.000,4.54,1.00,0,0
328.39,-0.000,-0.000,1.000,4.57,1.00,0,0
328.49,-0.000,-0.000,1.000,4.61,1.00,0,0
328.58,-0.000,-0.000,1.000,4.64,1.00,0,0
328.68,-0.000,-0.000,1.000,4.67,1.00,0,0
328.78,-0.000,-0.000,1.000,4.71,1.00,0,0
328.89,-0.000,-0.000,1.000,4.74,1.00,0,0
328.98,-0.000,-0.000,1.000,4.76,1.00,0,0
329.08,-0.000,-0.000,1.000,4.79,1.00,0,0
329.18,-0.000,-0.000,1.000,4.81,1.00,0,0
329.29,-0.000,-0.000,1.000,4.83,1.00,0,0
329.38,-0.000,-0.000,1.000,4.85,1.00,0,0
329.49,-0.000,-0.000,1.000,4.42,1.00,0,0
329.58,-0.000,-0.000,1.000,4.40,1.00,0,0
329.69,-0.000,-0.000,1.000,4.37,1.00,0,0
329.78,-0.000,-0.000,1.000,4.34,1.00,0,0
329.88,-0.000,-0.000,1.000,4.31,1.00,0,0
329.99,-0.000,-0.000,1.000,4.28,1.00,0,0
330.08,-0.000,-0.000,1.000,4.24,1.00,0,0
330.18,-0.000,-0.000,1.000,4.20,1.00,0,0
330.28,-0.000,-0.000,1.000,4.16,1.00,0,0
330.39,-0.000,-0.000,1.000,4.12,1.00,0,0
330.48,-0.000,-0.000,1.000,4.07,1.00,0,0
330.59,-0.000,-0.000,1.000,4.03,1.00,0,0
330.68,-0.000,-0.000,1.000,3.98,1.00,0,0
330.78,-0.000,-0.000,1.000,3.93,1.00,0,0
330.88,-0.000,-0.000,1.000,3.88,1.00,0,0
330.99,-0.000,-0.000,1.000,3.83,1.00,0,0
331.08,-0.000,-0.000,1.000,3.78,1.00,0,0
331.19,-0.000,-0.000,1.000,3.72,1.00,0,0
331.29,-0.000,-0.000,1.000,3.67,1.00,0,0
331.39,-0.000,-0.000,1.000,3.62,1.00,0,0
331.49,-0.000,-0.000,1.000,3.56,1.00,0,0
331.59,-0.000,-0.000,1.000,3.50,1.00,0,0
331.68,-0.000,-0.000,1.000,3.45,1.00,0,0
331.79,-0.000,-0.000,1.000,3.39,1.00,0,0
331.89,-0.000,-0.000,1.000,3.34,1.00,0,0
331.99,-0.000,-0.000,1.000,3.28,1.00,0,0
332.09,-0.000,-0.000,1.000,3.22,1.00,0,0
332.19,-0.000,-0.000,1.000,3.17,1.00,0,0
332.28,-0.000,-0.000,1.000,3.11,1.00,0,0
332.38,-0.000,-0.000,1.000,3.06,1.00,0,0
332.48,-0.000,-0.000,1.000,3.00,1.00,0,0
332.58,-0.000,-0.000,1.000,2.94,1.00,0,0
332.69,-0.000,-0.000,1.000,2.89,1.00,0,0
332.79,-0.000,-0.000,1.000,2.84,1.00,0,0
332.89,-0.000,-0.000,1.000,2.78,1.00,0,0
332.99,-0.000,-0.000,1.000,2.73,1.00,0,0
333.08,-0.000,-0.000,1.000,2.68,1.00,0,0
333.19,-0.000,-0.000,1.000,2.63,1.00,0,0
333.28,-0.000,-0.000,1.000,2.58,1.00,0,0
333.39,-0.000,-0.000,1.000,2.54,1.00,0,0
333.49,-0.000,-0.000,1.000,2.49,1.00,0,0
333.58,-0.000,-0.000,1.000,2.45,1.00,0,0
333.69,-0.000,-0.000,1.000,2.40,1.00,0,0
333.78,-0.000,-0.000,1.000,2.36,1.00,0,0
333.88,-0.000,-0.000,1.000,2.32,1.00,0,0
333.98,-0.000,-0.000,1.000,2.29,1.00,0,0
334.09,-0.000,-0.000,1.000,2.25,1.00,0,0
334.18,-0.000,-0.000,1.000,2.22,1.00,0,0
334.28,-0.000,-0.000,1.000,2.19,1.00,0,0
334.39,-0.000,-0.000,1.000,2.16,1.00,0,0
334.48,-0.000,-0.000,1.000,2.13,1.00,0,0
334.59,-0.000,-0.000,1.000,2.11,1.00,0,0
334.69,-0.000,-0.000,1.000,2.09,1.00,0,0
334.79,-0.000,-0.000,1.000,2.07,1.00,0,0
334.89,-0.000,-0.000,1.000,2.05,1.00,0,0
334.99,-0.000,-0.000,1.000,2.04,1.00,0,0
335.09,-0.000,-0.000,1.000,2.02,1.00,0,0
335.18,-0.000,-0.000,1.000,2.02,1.00,0,0
335.28,-0.000,-0.000,1.000,2.01,1.00,0,0
335.38,-0.000,-0.000,1.000,2.01,1.00,0,0
335.49,-0.000,-0.000,1.000,2.01,1.00,0,0
335.58,-0.000,-0.000,1.000,2.01,1.00,0,0
335.69,-0.000,-0.000,1.000,2.02,1.00,0,0
335.78,-0.000,-0.000,1.000,2.03,1.00,0,0
335.89,-0.000,-0.000,1.000,2.04,1.00,0,0
335.99,-0.000,-0.000,1.000,2.06,1.00,0,0
336.09,-0.000,-0.000,1.000,2.07,1.00,0,0
336.19,-0.000,-0.000,1.000,2.09,1.00,0,0
336.28,-0.000,-0.000,1.000,2.12,1.00,0,0
336.38,-0.000,-0.000,1.000,2.14,1.00,0,0
336.49,-0.000,-0.000,1.000,2.17,1.00,0,0
336.58,-0.000,-0.000,1.000,2.20,1.00,0,0
336.69,-0.000,-0.000,1.000,2.23,1.00,0,0
336.79,-0.000,-0.000,1.000,2.27,1.00,0,0
336.89,-0.000,-0.000,1.000,2.30,1.00,0,0
336.98,-0.000,-0.000,1.000,2.34,1.00,0,0
337.09,-0.000,-0.000,1.000,2.38,1.00,0,0
337.18,-0.000,-0.000,1.000,2.42,1.00,0,0
337.29,-0.000,-0.000,1.000,2.46,1.00,0,0
337.38,-0.000,-0.000,1.000,2.51,1.00,0,0
337.48,-0.000,-0.000,1.000,2.55,1.00,0,0
337.59,-0.000,-0.000,1.000,2.60,1.00,0,0
337.69,-0.000,-0.000,1.000,2.65,1.00,0,0
337.78,-0.000,-0.000,1.000,2.70,1.00,0,0
337.89,-0.000,-0.000,1.000,2.75,1.00,0,0
337.99,-0.000,-0.000,1.000,2.80,1.00,0,0
338.08,-0.000,-0.000,1.000,2.86,1.00,0,0
338.19,-0.000,-0.000,1.000,2.91,1.00,0,0
338.28,-0.000,-0.000,1.000,2.97,1.00,0,0
338.38,-0.000,-0.000,1.000,3.02,1.00,0,0
338.49,-0.000,-0.000,1.000,3.08,1.00,0,0
338.59,-0.000,-0.000,1.000,3.13,1.00,0,0
338.68,-0.000,-0.000,1.000,3.19,1.00,0,0
338.79,-0.000,-0.000,1.000,3.25,1.00,0,0
338.88,-0.000,-0.000,1.000,3.30,1.00,0,0
338.99,-0.000,-0.000,1.000,3.36,1.00,0,0
339.09,-0.000,-0.000,1.000,3.42,1.00,0,0
339.19,-0.000,-0.000,1.000,3.47,1.00,0,0
339.29,-0.000,-0.000,1.000,3.53,1.00,0,0
339.39,-0.000,-0.000,1.000,3.58,1.00,0,0
339.48,-0.000,-0.000,1.000,3.64,1.00,0,0
339.58,-0.000,-0.000,1.000,3.69,1.00,0,0
339.68,-0.000,-0.000,1.000,3.75,1.00,0,0
339.78,-0.000,-0.000,1.000,3.80,1.00,0,0
339.88,-0.000,-0.000,1.000,3.85,1.00,0,0
339.99,-0.000,-0.000,1.000,3.90,1.00,0,0
340.08,-0.000,-0.000,1.000,3.95,1.00,0,0
340.18,-0.000,-0.000,1.000,4.00,1.00,0,0
340.28,-0.000,-0.000,1.000,4.05,1.00,0,0
340.39,-0.000,-0.000,1.000,4.09,1.00,0,0
340.48,-0.000,-0.000,1.000,4.13,1.00,0,0
340.58,-0.000,-0.000,1.000,4.18,1.00,0,0
340.68,-0.000,-0.000,1.000,4.22,1.00,0,0
340.78,-0.000,-0.000,1.000,4.25,1.00,0,0
340.88,-0.000,-0.000,1.000,4.29,1.00,0,0
340.99,-0.000,-0.000,1.000,4.32,1.00,0,0
341.09,-0.000,-0.000,1.000,4.35,1.00,0,0
341.19,-0.000,-0.000,1.000,4.38,1.00,0,0
341.28,-0.000,-0.000,1.000,4.41,1.00,0,0
341.38,-0.000,-0.000,1.000,4.43,1.00,0,0
341.49,-0.000,-0.000,1.000,4.84,1.00,0,0
341.58,-0.000,-0.000,1.000,4.83,1.00,0,0
341.69,-0.000,-0.000,1.000,4.80,1.00,0,0
341.78,-0.000,-0.000,1.000,4.78,1.00,0,0
341.89,-0.000,-0.000,1.000,4.75,1.00,0,0
341.99,-0.000,-0.000,1.000,4.72,1.00,0,0
342.08,-0.000,-0.000,1.000,4.69,1.00,0,0
342.18,-0.000,-0.000,1.000,4.66,1.00,0,0
342.29,-0.000,-0.000,1.000,4.63,1.00,0,0
342.38,-0.000,-0.000,1.000,4.59,1.00,0,0
342.48,-0.000,-0.000,1.000,4.56,1.00,0,0
342.58,-0.000,-0.000,1.000,4.52,1.00,0,0
342.69,-0.000,-0.000,1.000,4.49,1.00,0,0
342.78,-0.000,-0.000,1.000,4.45,1.00,0,0
342.89,-0.000,-0.000,1.000,4.42,1.00,0,0
342.98,-0.000,-0.000,1.000,4.38,1.00,0,0
343.09,-0.000,-0.000,1.000,4.35,1.00,0,0
343.18,-0.000,-0.000,1.000,4.32,1.00,0,0
343.28,-0.000,-0.000,1.000,4.28,1.00,0,0
343.38,-0.000,-0.000,1.000,4.25,1.00,0,0
343.49,-0.000,-0.000,1.000,4.20,1.00,0,0
343.58,-0.000,-0.000,1.000,4.15,1.00,0,0
343.69,-0.000,-0.000,1.000,4.09,1.00,0,0
343.78,-0.000,-0.000,1.000,4.03,1.00,0,0
343.89,-0.000,-0.000,1.000,3.97,1.00,0,0
343.98,-0.000,-0.000,1.000,3.91,1.00,0,0
344.08,-0.000,-0.000,1.000,3.85,1.00,0,0
344.18,-0.000,-0.000,1.000,3.79,1.00,0,0
344.28,-0.000,-0.000,1.000,3.72,1.00,0,0
344.38,-0.000,-0.000,1.000,3.66,1.00,0,0
344.49,-0.000,-0.000,1.000,3.59,1.00,0,0
344.58,-0.000,-0.000,1.000,3.52,1.00,0,0
344.69,-0.000,-0.000,1.000,3.44,1.00,0,0
344.78,-0.000,-0.000,1.000,3.37,1.00,0,0
344.89,-0.000,-0.000,1.000,3.29,1.00,0,0
344.99,-0.000,-0.000,1.000,3.21,1.00,0,0
345.08,-0.000,-0.000,1.000,3.13,1.00,0,0
345.19,-0.000,-0.000,1.000,3.06,1.00,0,0
345.28,-0.000,-0.000,1.000,2.99,1.00,0,0
345.39,-0.000,-0.000,1.000,2.92,1.00,0,0
345.49,-0.000,-0.000,1.000,2.86,1.00,0,0
345.58,-0.000,-0.000,1.000,2.81,1.00,0,0
345.68,-0.000,-0.000,1.000,2.75,1.00,0,0
345.79,-0.000,-0.000,1.000,2.70,1.00,0,0
345.88,-0.000,-0.000,1.000,2.66,1.00,0,0
345.99,-0.000,-0.000,1.000,2.62,1.00,0,0
346.08,-0.000,-0.000,1.000,2.58,1.00,0,0
346.19,-0.000,-0.000,1.000,2.56,1.00,0,0
346.29,-0.000,-0.000,1.000,2.54,1.00,0,0
346.38,-0.000,-0.000,1.000,2.53,1.00,0,0
346.48,-0.000,-0.000,1.000,2.52,1.00,0,0
346.59,-0.000,-0.000,1.000,2.53,1.00,0,0
346.69,-0.000,-0.000,1.000,2.54,1.00,0,0
346.78,-0.000,-0.000,1.000,2.56,1.00,0,0
346.88,-0.000,-0.000,1.000,2.59,1.00,0,0
346.99,-0.000,-0.000,1.000,2.62,1.00,0,0
347.08,-0.000,-0.000,1.000,2.66,1.00,0,0
347.18,-0.000,-0.000,1.000,2.71,1.00,0,0
347.28,-0.000,-0.000,1.000,2.75,1.00,0,0
347.38,-0.000,-0.000,1.000,2.81,1.00,0,0
347.49,-0.000,-0.000,1.000,2.86,1.00,0,0
347.59,-0.000,-0.000,1.000,2.93,1.00,0,0
347.68,-0.000,-0.000,1.000,2.99,1.00,0,0
347.80,-0.000,-0.000,1.000,3.07,1.00,0,0
347.89,-0.000,-0.000,1.000,3.14,1.00,0,0
347.99,-0.000,-0.000,1.000,3.22,1.00,0,0
348.09,-0.000,-0.000,1.000,3.30,1.00,0,0
348.19,-0.000,-0.000,1.000,3.37,1.00,0,0
348.28,-0.000,-0.000,1.000,3.45,1.00,0,0
348.38,-0.000,-0.000,1.000,3.52,1.00,0,0
348.49,-0.000,-0.000,1.000,3.59,1.00,0,0
348.58,-0.000,-0.000,1.000,3.66,1.00,0,0
348.68,-0.000,-0.000,1.000,3.73,1.00,0,0
348.78,-0.000,-0.000,1.000,3.80,1.00,0,0
348.89,-0.000,-0.000,1.000,3.87,1.00,0,0
348.99,-0.000,-0.000,1.000,3.94,1.00,0,0
349.08,-0.000,-0.000,1.000,4.00,1.00,0,0
349.19,-0.000,-0.000,1.000,4.07,1.00,0,0
349.28,-0.000,-0.000,1.000,4.12,1.00,0,0
349.39,-0.000,-0.000,1.000,4.17,1.00,0,0
349.48,-0.000,-0.000,1.000,4.21,1.00,0,0
349.58,-0.000,-0.000,1.000,4.25,1.00,0,0
349.69,-0.000,-0.000,1.000,4.29,1.00,0,0
349.78,-0.000,-0.000,1.000,4.32,1.00,0,0
349.89,-0.000,-0.000,1.000,4.35,1.00,0,0
349.98,-0.000,-0.000,1.000,4.38,1.00,0,0
350.09,-0.000,-0.000,1.000,4.40,1.00,0,0
350.19,-0.000,-0.000,1.000,4.42,1.00,0,0
350.28,-0.000,-0.000,1.000,4.43,1.00,0,0
350.38,-0.000,-0.000,1.000,4.44,1.00,0,0
350.48,-0.000,-0.000,1.000,4.45,1.00,0,0
350.59,-0.000,-0.000,1.000,4.47,1.00,0,0
350.69,-0.000,-0.000,1.000,4.49,1.00,0,0
350.78,-0.000,-0.000,1.000,4.52,1.00,0,0
350.89,-0.000,-0.000,1.000,4.54,1.00,0,0
350.99,-0.000,-0.000,1.000,4.54,1.00,0,0
