time,uav_x,uav_y,uav_z,dist_min,path_length,infeasible_flag,collision_flag
0.19,0.000,0.000,0.773,999.00,0.36,0,0
0.20,0.000,0.000,0.803,999.00,0.39,0,0
0.30,0.000,0.000,0.857,999.00,0.45,0,0
0.40,0.000,0.000,0.876,999.00,0.47,0,0
0.50,0.000,0.000,0.911,999.00,0.50,0,0
0.60,0.000,0.000,0.931,999.00,0.52,0,0
0.70,0.000,0.000,0.943,999.00,0.53,0,0
0.80,0.000,0.000,0.957,999.00,0.55,0,0
0.90,0.000,0.000,0.970,999.00,0.56,0,0
1.00,0.000,0.000,0.977,999.00,0.57,0,0
1.10,0.000,0.000,0.984,999.00,0.57,0,0
1.20,0.000,0.000,0.990,999.00,0.58,0,0
1.30,0.000,0.000,0.993,999.00,0.58,0,0
1.40,0.000,0.000,0.997,999.00,0.59,0,0
1.50,0.000,0.000,0.998,999.00,0.59,0,0
1.60,0.000,0.000,1.001,999.00,0.59,0,0
1.70,0.000,0.000,1.002,999.00,0.59,0,0
1.80,0.000,0.000,1.003,999.00,0.59,0,0
1.90,0.000,0.000,1.003,999.00,0.59,0,0
2.00,0.000,0.000,1.004,999.00,0.59,0,0
2.10,0.000,0.000,1.004,999.00,0.59,0,0
2.20,0.000,0.000,1.004,999.00,0.59,0,0
2.30,0.000,0.000,1.003,999.00,0.59,0,0
2.40,0.000,0.000,1.003,999.00,0.59,0,0
2.50,0.000,0.000,1.003,999.00,0.59,0,0
2.60,0.000,0.000,1.003,999.00,0.59,0,0
2.70,0.000,0.000,1.003,999.00,0.59,0,0
2.80,0.000,0.000,1.002,999.00,0.59,0,0
2.90,0.000,0.000,1.002,999.00,0.59,0,0
3.00,0.000,0.000,1.002,999.00,0.60,0,0
3.10,0.000,0.000,1.002,999.00,0.60,0,0
3.20,0.000,0.000,1.001,999.00,0.60,0,0
3.30,0.000,0.000,1.001,999.00,0.60,0,0
3.40,0.000,0.000,1.001,999.00,0.60,0,0
3.50,0.000,0.000,1.001,999.00,0.60,0,0
3.60,0.000,0.000,1.001,999.00,0.60,0,0
3.70,0.000,0.000,1.001,999.00,0.60,0,0
3.80,0.000,0.000,1.001,999.00,0.60,0,0
3.90,0.000,0.000,1.000,999.00,0.60,0,0
4.00,0.000,0.000,1.000,999.00,0.60,0,0
4.10,0.000,0.000,1.000,999.00,0.60,0,0
4.20,0.000,0.000,1.000,999.00,0.60,0,0
4.30,0.000,0.000,1.000,999.00,0.60,0,0
4.40,0.000,0.000,1.000,999.00,0.60,0,0
4.50,0.000,0.000,1.000,999.00,0.60,0,0
4.60,0.000,0.000,1.000,999.00,0.60,0,0
4.70,0.000,0.000,1.000,999.00,0.60,0,0
4.80,0.000,0.000,1.000,999.00,0.60,0,0
4.90,0.000,0.000,1.000,999.00,0.60,0,0
5.00,0.000,0.000,1.000,999.00,0.60,0,0
5.10,0.000,0.000,1.000,999.00,0.60,0,0
5.20,0.000,0.000,1.000,999.00,0.60,0,0
5.30,0.000,0.000,1.000,999.00,0.60,0,0
5.40,0.000,0.000,1.000,999.00,0.60,0,0
5.50,0.000,0.000,1.000,999.00,0.60,0,0
5.60,0.000,0.000,1.000,999.00,0.60,0,0
5.70,0.000,0.000,1.000,999.00,0.60,0,0
5.80,0.000,0.000,1.000,999.00,0.60,0,0
5.90,0.000,0.000,1.000,999.00,0.60,0,0
6.00,0.000,0.000,1.000,999.00,0.60,0,0
6.10,0.000,0.000,1.000,999.00,0.60,0,0
6.20,0.000,0.000,1.000,999.00,0.60,0,0
6.30,0.000,0.000,1.000,999.00,0.60,0,0
6.40,0.000,0.000,1.000,999.00,0.60,0,0
6.50,0.000,0.000,1.000,999.00,0.60,0,0
6.60,0.000,0.000,1.000,999.00,0.60,0,0
6.70,0.000,0.000,1.000,999.00,0.60,0,0
6.80,0.000,0.000,1.000,999.00,0.60,0,0
6.90,0.000,0.000,1.000,999.00,0.60,0,0
7.00,0.000,0.000,1.000,999.00,0.60,0,0
7.10,0.000,0.000,1.000,999.00,0.60,0,0
7.20,0.000,0.000,1.000,999.00,0.60,0,0
7.30,0.000,0.000,1.000,999.00,0.60,0,0
7.40,0.000,0.000,1.000,999.00,0.60,0,0
7.50,0.000,0.000,1.000,999.00,0.60,0,0
7.60,0.000,0.000,1.000,999.00,0.60,0,0
7.70,0.000,0.000,1.000,999.00,0.60,0,0
7.80,0.000,0.000,1.000,999.00,0.60,0,0
7.90,0.000,0.000,1.000,999.00,0.60,0,0
8.00,0.000,0.000,1.000,999.00,0.60,0,0
8.10,0.000,0.000,1.000,999.00,0.60,0,0
8.20,0.000,0.000,1.000,999.00,0.60,0,0
8.30,0.000,0.000,1.000,999.00,0.60,0,0
8.40,0.000,0.000,1.000,999.00,0.60,0,0
8.50,0.000,0.000,1.000,999.00,0.60,0,0
8.60,0.000,0.000,1.000,999.00,0.60,0,0
8.70,0.000,0.000,1.000,999.00,0.60,0,0
8.80,0.000,0.000,1.000,999.00,0.60,0,0
8.90,0.000,0.000,1.000,999.00,0.60,0,0
9.00,0.000,0.000,1.000,999.00,0.60,0,0
9.10,0.000,0.000,1.000,999.00,0.60,0,0
9.20,0.000,0.000,1.000,999.00,0.60,0,0
9.30,0.000,0.000,1.000,999.00,0.60,0,0
9.40,0.000,0.000,1.000,999.00,0.60,0,0
9.50,0.000,0.000,1.000,999.00,0.60,0,0
9.60,0.000,0.000,1.000,999.00,0.60,0,0
9.70,0.000,0.000,1.000,999.00,0.60,0,0
9.80,0.000,0.000,1.000,999.00,0.60,0,0
9.90,0.000,0.000,1.000,999.00,0.60,0,0
10.00,0.000,0.000,1.000,999.00,0.60,0,0
10.10,0.000,0.000,1.000,999.00,0.60,0,0
10.20,0.000,0.000,1.000,999.00,0.60,0,0
10.30,0.000,0.000,1.000,999.00,0.60,0,0
10.40,0.000,0.000,1.000,999.00,0.60,0,0
10.50,0.000,0.000,1.000,999.00,0.60,0,0
10.60,0.000,0.000,1.000,999.00,0.60,0,0
10.70,0.000,0.000,1.000,999.00,0.60,0,0
10.80,0.000,0.000,1.000,999.00,0.60,0,0
10.90,0.000,0.000,1.000,999.00,0.60,0,0
11.00,0.000,0.000,1.000,999.00,0.60,0,0
11.10,0.000,0.000,1.000,999.00,0.60,0,0
11.20,0.000,0.000,1.000,999.00,0.60,0,0
11.30,0.000,0.000,1.000,999.00,0.60,0,0
11.40,0.000,0.000,1.000,999.00,0.60,0,0
11.50,0.000,0.000,1.000,999.00,0.60,0,0
11.60,0.000,0.000,1.000,999.00,0.60,0,0
11.70,0.000,0.000,1.000,999.00,0.60,0,0
11.80,0.000,0.000,1.000,999.00,0.60,0,0
11.90,0.000,0.000,1.000,999.00,0.60,0,0
12.00,0.000,0.000,1.000,999.00,0.60,0,0
12.10,0.000,0.000,1.000,999.00,0.60,0,0
12.20,0.000,0.000,1.000,999.00,0.60,0,0
12.30,0.000,0.000,1.000,999.00,0.60,0,0
12.40,0.000,0.000,1.000,999.00,0.60,0,0
12.50,0.000,0.000,1.000,999.00,0.60,0,0
12.60,0.000,0.000,1.000,999.00,0.60,0,0
12.70,0.000,0.000,1.000,999.00,0.60,0,0
12.80,0.000,0.000,1.000,999.00,0.60,0,0
12.90,0.000,0.000,1.000,999.00,0.60,0,0
13.00,0.000,0.000,1.000,999.00,0.60,0,0
13.10,0.000,0.000,1.000,999.00,0.60,0,0
13.20,0.000,0.000,1.000,999.00,0.60,0,0
13.30,0.000,0.000,1.000,999.00,0.60,0,0
13.40,0.000,0.000,1.000,999.00,0.60,0,0
13.50,0.000,0.000,1.000,999.00,0.60,0,0
13.60,0.000,0.000,1.000,999.00,0.60,0,0
13.70,0.000,0.000,1.000,999.00,0.60,0,0
13.80,0.000,0.000,1.000,999.00,0.60,0,0
13.90,0.000,0.000,1.000,999.00,0.60,0,0
14.00,0.000,0.000,1.000,999.00,0.60,0,0
14.10,0.000,0.000,1.000,999.00,0.60,0,0
14.20,0.000,0.000,1.000,999.00,0.60,0,0
14.30,0.000,0.000,1.000,999.00,0.60,0,0
14.40,0.000,0.000,1.000,999.00,0.60,0,0
14.50,0.000,0.000,1.000,999.00,0.60,0,0
14.60,0.000,0.000,1.000,999.00,0.60,0,0
14.70,0.000,0.000,1.000,999.00,0.60,0,0
14.80,0.000,0.000,1.000,999.00,0.60,0,0
14.90,0.000,0.000,1.000,999.00,0.60,0,0
15.00,0.000,0.000,1.000,999.00,0.60,0,0
15.10,0.000,0.000,1.000,999.00,0.60,0,0
15.20,0.000,0.000,1.000,999.00,0.60,0,0
15.30,0.000,0.000,1.000,999.00,0.60,0,0
15.40,0.000,0.000,1.000,999.00,0.60,0,0
15.50,0.000,0.000,1.000,999.00,0.60,0,0
15.60,0.000,0.000,1.000,999.00,0.60,0,0
15.70,0.000,0.000,1.000,999.00,0.60,0,0
15.80,0.000,0.000,1.000,999.00,0.60,0,0
15.90,0.000,0.000,1.000,999.00,0.60,0,0
16.00,0.000,0.000,1.000,999.00,0.60,0,0
16.10,0.000,0.000,1.000,999.00,0.60,0,0
16.20,0.000,0.000,1.000,999.00,0.60,0,0
16.30,0.000,0.000,1.000,999.00,0.60,0,0
16.40,0.000,0.000,1.000,999.00,0.60,0,0
16.50,0.000,0.000,1.000,999.00,0.60,0,0
16.60,0.000,0.000,1.000,999.00,0.60,0,0
16.70,0.000,0.000,1.000,999.00,0.60,0,0
16.80,0.000,0.000,1.000,999.00,0.60,0,0
16.90,0.000,0.000,1.000,999.00,0.60,0,0
17.00,0.000,0.000,1.000,999.00,0.60,0,0
17.10,0.000,0.000,1.000,999.00,0.60,0,0
17.20,0.000,0.000,1.000,999.00,0.60,0,0
17.30,0.000,0.000,1.000,999.00,0.60,0,0
17.40,0.000,0.000,1.000,999.00,0.60,0,0
17.50,0.000,0.000,1.000,999.00,0.60,0,0
17.60,0.000,0.000,1.000,999.00,0.60,0,0
17.70,0.000,0.000,1.000,999.00,0.60,0,0
17.80,0.000,0.000,1.000,999.00,0.60,0,0
17.90,0.000,0.000,1.000,999.00,0.60,0,0
18.00,0.000,0.000,1.000,999.00,0.60,0,0
18.10,0.000,0.000,1.000,999.00,0.60,0,0
18.20,0.000,0.000,1.000,999.00,0.60,0,0
18.30,0.000,0.000,1.000,999.00,0.60,0,0
18.40,0.000,0.000,1.000,999.00,0.60,0,0
18.50,0.000,0.000,1.000,999.00,0.60,0,0
18.60,0.000,0.000,1.000,999.00,0.60,0,0
18.70,0.000,0.000,1.000,999.00,0.60,0,0
18.80,0.000,0.000,1.000,999.00,0.60,0,0
18.90,0.000,0.000,1.000,999.00,0.60,0,0
19.00,0.000,0.000,1.000,999.00,0.60,0,0
19.10,0.000,0.000,1.000,999.00,0.60,0,0
19.20,0.000,0.000,1.000,999.00,0.60,0,0
19.30,0.000,0.000,1.000,999.00,0.60,0,0
19.40,0.000,0.000,1.000,999.00,0.60,0,0
19.50,0.000,0.000,1.000,999.00,0.60,0,0
19.60,0.000,0.000,1.000,999.00,0.60,0,0
19.70,0.000,0.000,1.000,999.00,0.60,0,0
19.80,0.000,0.000,1.000,999.00,0.60,0,0
19.90,0.000,0.000,1.000,999.00,0.60,0,0
20.00,0.000,0.000,1.000,999.00,0.60,0,0
20.10,0.000,0.000,1.000,999.00,0.60,0,0
20.20,0.000,0.000,1.000,999.00,0.60,0,0
20.30,0.000,0.000,1.000,999.00,0.60,0,0
20.40,0.000,0.000,1.000,999.00,0.60,0,0
20.50,0.000,0.000,1.000,999.00,0.60,0,0
20.60,0.000,0.000,1.000,999.00,0.60,0,0
20.71,0.000,0.000,1.000,999.00,0.60,0,0
20.80,0.000,0.000,1.000,999.00,0.60,0,0
20.90,0.000,0.000,1.000,999.00,0.60,0,0
21.00,0.000,0.000,1.000,999.00,0.60,0,0
21.10,0.000,0.000,1.000,999.00,0.60,0,0
21.20,0.000,0.000,1.000,999.00,0.60,0,0
21.30,0.000,0.000,1.000,999.00,0.60,0,0
21.40,0.000,0.000,1.000,999.00,0.60,0,0
21.50,0.000,0.000,1.000,999.00,0.60,0,0
21.60,0.000,0.000,1.000,999.00,0.60,0,0
21.70,0.000,0.000,1.000,999.00,0.60,0,0
21.80,0.000,0.000,1.000,999.00,0.60,0,0
21.90,0.000,0.000,1.000,999.00,0.60,0,0
22.00,0.000,0.000,1.000,999.00,0.60,0,0
22.10,0.000,0.000,1.000,999.00,0.60,0,0
22.20,0.000,0.000,1.000,999.00,0.60,0,0
22.30,0.000,0.000,1.000,999.00,0.60,0,0
22.40,0.000,0.000,1.000,999.00,0.60,0,0
22.50,0.000,0.000,1.000,999.00,0.60,0,0
22.60,0.000,0.000,1.000,999.00,0.60,0,0
22.70,0.000,0.000,1.000,999.00,0.60,0,0
22.80,0.000,0.000,1.000,999.00,0.60,0,0
22.90,0.000,0.000,1.000,999.00,0.60,0,0
23.00,0.000,0.000,1.000,999.00,0.60,0,0
23.10,0.000,0.000,1.000,999.00,0.60,0,0
23.20,0.000,0.000,1.000,999.00,0.60,0,0
23.30,0.000,0.000,1.000,999.00,0.60,0,0
23.40,0.000,0.000,1.000,999.00,0.60,0,0
23.50,0.000,0.000,1.000,999.00,0.60,0,0
23.60,0.000,0.000,1.000,999.00,0.60,0,0
23.70,0.000,0.000,1.000,999.00,0.60,0,0
23.80,0.000,0.000,1.000,999.00,0.60,0,0
23.90,0.000,0.000,1.000,999.00,0.60,0,0
24.00,0.000,0.000,1.000,999.00,0.60,0,0
24.10,0.000,0.000,1.000,999.00,0.60,0,0
24.20,0.000,0.000,1.000,999.00,0.60,0,0
24.30,0.000,0.000,1.000,999.00,0.60,0,0
24.40,0.000,0.000,1.000,999.00,0.60,0,0
24.50,0.000,0.000,1.000,999.00,0.60,0,0
24.60,0.000,0.000,1.000,999.00,0.60,0,0
24.70,0.000,0.000,1.000,999.00,0.60,0,0
24.80,0.000,0.000,1.000,999.00,0.60,0,0
24.90,0.000,0.000,1.000,999.00,0.60,0,0
25.00,0.000,0.000,1.000,999.00,0.60,0,0
25.10,0.000,0.000,1.000,999.00,0.60,0,0
25.20,0.000,0.000,1.000,999.00,0.60,0,0
25.30,0.000,0.000,1.000,999.00,0.60,0,0
25.40,0.000,0.000,1.000,999.00,0.60,0,0
25.50,0.000,0.000,1.000,999.00,0.60,0,0
25.60,0.000,0.000,1.000,999.00,0.60,0,0
25.70,0.000,0.000,1.000,999.00,0.60,0,0
25.80,0.000,0.000,1.000,999.00,0.60,0,0
25.90,0.000,0.000,1.000,999.00,0.60,0,0
26.00,0.000,0.000,1.000,999.00,0.60,0,0
26.10,0.000,0.000,1.000,999.00,0.60,0,0
26.20,0.000,0.000,1.000,999.00,0.60,0,0
26.30,0.000,0.000,1.000,999.00,0.60,0,0
26.40,0.000,0.000,1.000,999.00,0.60,0,0
26.50,0.000,0.000,1.000,999.00,0.60,0,0
26.60,0.000,0.000,1.000,999.00,0.60,0,0
26.70,0.000,0.000,1.000,999.00,0.60,0,0
26.80,0.000,0.000,1.000,999.00,0.60,0,0
26.90,0.000,0.000,1.000,999.00,0.60,0,0
27.00,0.000,0.000,1.000,999.00,0.60,0,0
27.10,0.000,0.000,1.000,999.00,0.60,0,0
27.20,0.000,0.000,1.000,999.00,0.60,0,0
27.30,0.000,0.000,1.000,999.00,0.60,0,0
27.40,0.000,0.000,1.000,999.00,0.60,0,0
27.50,0.000,0.000,1.000,999.00,0.60,0,0
27.60,0.000,0.000,1.000,999.00,0.60,0,0
27.70,0.000,0.000,1.000,999.00,0.60,0,0
27.80,0.000,0.000,1.000,999.00,0.60,0,0
27.90,0.000,0.000,1.000,999.00,0.60,0,0
28.00,0.000,0.000,1.000,999.00,0.60,0,0
28.10,0.000,0.000,1.000,999.00,0.60,0,0
28.20,0.000,0.000,1.000,999.00,0.60,0,0
28.30,0.000,0.000,1.000,999.00,0.60,0,0
28.40,0.000,0.000,1.000,999.00,0.60,0,0
28.50,0.000,0.000,1.000,999.00,0.60,0,0
28.60,0.000,0.000,1.000,999.00,0.60,0,0
28.70,0.000,0.000,1.000,999.00,0.60,0,0
28.80,0.000,0.000,1.000,999.00,0.60,0,0
28.90,0.000,0.000,1.000,999.00,0.60,0,0
29.00,0.000,0.000,1.000,999.00,0.60,0,0
29.10,0.000,0.000,1.000,999.00,0.60,0,0
29.20,0.000,0.000,1.000,999.00,0.60,0,0
29.30,0.000,0.000,1.000,999.00,0.60,0,0
29.40,0.000,0.000,1.000,999.00,0.60,0,0
29.50,0.000,0.000,1.000,999.00,0.60,0,0
29.60,0.000,0.000,1.000,999.00,0.60,0,0
29.70,0.000,0.000,1.000,999.00,0.60,0,0
29.80,0.000,0.000,1.000,999.00,0.60,0,0
29.90,0.000,0.000,1.000,999.00,0.60,0,0
30.00,0.000,0.000,1.000,999.00,0.60,0,0
30.10,0.000,0.000,1.000,999.00,0.60,0,0
30.20,0.000,0.000,1.000,999.00,0.60,0,0
30.30,0.000,0.000,1.000,999.00,0.60,0,0
30.40,0.000,0.000,1.000,999.00,0.60,0,0
30.50,0.000,0.000,1.000,999.00,0.60,0,0
30.60,0.000,0.000,1.000,999.00,0.60,0,0
30.70,0.000,0.000,1.000,999.00,0.60,0,0
30.80,0.000,0.000,1.000,999.00,0.60,0,0
30.90,0.000,0.000,1.000,999.00,0.60,0,0
31.00,0.000,0.000,1.000,999.00,0.60,0,0
31.10,0.000,0.000,1.000,999.00,0.60,0,0
31.20,0.000,0.000,1.000,999.00,0.60,0,0
31.30,0.000,0.000,1.000,999.00,0.60,0,0
31.40,0.000,0.000,1.000,999.00,0.60,0,0
31.50,0.000,0.000,1.000,999.00,0.60,0,0
31.60,0.000,0.000,1.000,999.00,0.60,0,0
31.70,0.000,0.000,1.000,999.00,0.60,0,0
31.80,0.000,0.000,1.000,999.00,0.60,0,0
31.90,0.000,0.000,1.000,999.00,0.60,0,0
32.00,0.000,0.000,1.000,999.00,0.60,0,0
32.10,0.000,0.000,1.000,999.00,0.60,0,0
32.20,0.000,0.000,1.000,999.00,0.60,0,0
32.30,0.000,0.000,1.000,999.00,0.60,0,0
32.40,0.000,0.000,1.000,999.00,0.60,0,0
32.50,0.000,0.000,1.000,999.00,0.60,0,0
32.60,0.000,0.000,1.000,999.00,0.60,0,0
32.70,0.000,0.000,1.000,999.00,0.60,0,0
32.80,0.000,0.000,1.000,999.00,0.60,0,0
32.90,0.000,0.000,1.000,999.00,0.60,0,0
33.00,0.000,0.000,1.000,999.00,0.60,0,0
33.10,0.000,0.000,1.000,999.00,0.60,0,0
33.20,0.000,0.000,1.000,999.00,0.60,0,0
33.30,0.000,0.000,1.000,999.00,0.60,0,0
33.40,0.000,0.000,1.000,999.00,0.60,0,0
33.50,0.000,0.000,1.000,999.00,0.60,0,0
33.60,0.000,0.000,1.000,999.00,0.60,0,0
33.70,0.000,0.000,1.000,999.00,0.60,0,0
33.80,0.000,0.000,1.000,999.00,0.60,0,0
33.90,0.000,0.000,1.000,999.00,0.60,0,0
34.00,0.000,0.000,1.000,999.00,0.60,0,0
34.10,0.000,0.000,1.000,999.00,0.60,0,0
34.20,0.000,0.000,1.000,999.00,0.60,0,0
34.30,0.000,0.000,1.000,999.00,0.60,0,0
34.40,0.000,0.000,1.000,999.00,0.60,0,0
34.50,0.000,0.000,1.000,999.00,0.60,0,0
34.60,0.000,0.000,1.000,999.00,0.60,0,0
34.70,0.000,0.000,1.000,999.00,0.60,0,0
34.80,0.000,0.000,1.000,999.00,0.60,0,0
34.90,0.000,0.000,1.000,999.00,0.60,0,0
35.00,0.000,0.000,1.000,999.00,0.60,0,0
35.10,0.000,0.000,1.000,999.00,0.60,0,0
35.20,0.000,0.000,1.000,999.00,0.60,0,0
35.30,0.000,0.000,1.000,999.00,0.60,0,0
35.40,0.000,0.000,1.000,999.00,0.60,0,0
35.50,0.000,0.000,1.000,999.00,0.60,0,0
35.60,0.000,0.000,1.000,999.00,0.60,0,0
35.70,0.000,0.000,1.000,999.00,0.60,0,0
35.80,0.000,0.000,1.000,999.00,0.60,0,0
35.90,0.000,0.000,1.000,999.00,0.60,0,0
36.00,0.000,0.000,1.000,999.00,0.60,0,0
36.10,0.000,0.000,1.000,999.00,0.60,0,0
36.20,0.000,0.000,1.000,999.00,0.60,0,0
36.30,0.000,0.000,1.000,999.00,0.60,0,0
36.40,0.000,0.000,1.000,999.00,0.60,0,0
36.50,0.000,0.000,1.000,999.00,0.60,0,0
36.60,0.000,0.000,1.000,999.00,0.60,0,0
36.70,0.000,0.000,1.000,999.00,0.60,0,0
36.80,0.000,0.000,1.000,999.00,0.60,0,0
36.90,0.000,0.000,1.000,999.00,0.60,0,0
37.00,0.000,0.000,1.000,999.00,0.60,0,0
37.10,0.000,0.000,1.000,999.00,0.60,0,0
37.20,0.000,0.000,1.000,999.00,0.60,0,0
37.30,0.000,0.000,1.000,999.00,0.60,0,0
37.40,0.000,0.000,1.000,999.00,0.60,0,0
37.50,0.000,0.000,1.000,999.00,0.60,0,0
37.60,0.000,0.000,1.000,999.00,0.60,0,0
37.70,0.000,0.000,1.000,999.00,0.60,0,0
37.80,0.000,0.000,1.000,999.00,0.60,0,0
37.90,0.000,0.000,1.000,999.00,0.60,0,0
38.00,0.000,0.000,1.000,999.00,0.60,0,0
38.10,0.000,0.000,1.000,999.00,0.60,0,0
38.20,0.000,0.000,1.000,999.00,0.60,0,0
38.30,0.000,0.000,1.000,999.00,0.60,0,0
38.40,0.000,0.000,1.000,999.00,0.60,0,0
38.50,0.000,0.000,1.000,999.00,0.60,0,0
38.60,0.000,0.000,1.000,999.00,0.60,0,0
38.70,0.000,0.000,1.000,999.00,0.60,0,0
38.80,0.000,0.000,1.000,999.00,0.60,0,0
38.90,0.000,0.000,1.000,999.00,0.60,0,0
39.01,0.000,0.000,1.000,999.00,0.60,0,0
39.10,0.000,0.000,1.000,999.00,0.60,0,0
39.20,0.000,0.000,1.000,999.00,0.60,0,0
39.30,0.000,0.000,1.000,999.00,0.60,0,0
39.40,0.000,0.000,1.000,999.00,0.60,0,0
39.50,0.000,0.000,1.000,999.00,0.60,0,0
39.60,0.000,0.000,1.000,999.00,0.60,0,0
39.70,0.000,0.000,1.000,999.00,0.60,0,0
39.80,0.000,0.000,1.000,999.00,0.60,0,0
39.90,0.000,0.000,1.000,999.00,0.60,0,0
40.01,0.000,0.000,1.000,999.00,0.60,0,0
40.10,0.000,0.000,1.000,999.00,0.60,0,0
40.20,0.000,0.000,1.000,999.00,0.60,0,0
40.30,0.000,0.000,1.000,999.00,0.60,0,0
40.40,0.000,0.000,1.000,999.00,0.60,0,0
40.50,0.000,0.000,1.000,999.00,0.60,0,0
40.60,0.000,0.000,1.000,999.00,0.60,0,0
40.70,0.000,0.000,1.000,999.00,0.60,0,0
40.80,0.000,0.000,1.000,999.00,0.60,0,0
40.90,0.000,0.000,1.000,999.00,0.60,0,0
41.00,0.000,0.000,1.000,999.00,0.60,0,0
41.10,0.000,0.000,1.000,999.00,0.60,0,0
41.20,0.000,0.000,1.000,999.00,0.60,0,0
41.30,0.000,0.000,1.000,999.00,0.60,0,0
41.40,0.000,0.000,1.000,999.00,0.60,0,0
41.51,0.000,0.000,1.000,999.00,0.60,0,0
41.60,0.000,0.000,1.000,999.00,0.60,0,0
41.70,0.000,0.000,1.000,999.00,0.60,0,0
41.80,0.000,0.000,1.000,999.00,0.60,0,0
41.90,0.000,0.000,1.000,999.00,0.60,0,0
42.00,0.000,0.000,1.000,999.00,0.60,0,0
42.10,0.000,0.000,1.000,999.00,0.60,0,0
42.20,0.000,0.000,1.000,999.00,0.60,0,0
42.30,0.000,0.000,1.000,999.00,0.60,0,0
42.40,0.000,0.000,1.000,999.00,0.60,0,0
42.50,0.000,0.000,1.000,999.00,0.60,0,0
42.60,0.000,0.000,1.000,999.00,0.60,0,0
42.70,0.000,0.000,1.000,999.00,0.60,0,0
42.80,0.000,0.000,1.000,999.00,0.60,0,0
42.90,0.000,0.000,1.000,999.00,0.60,0,0
43.00,0.000,0.000,1.000,999.00,0.60,0,0
43.10,0.000,0.000,1.000,999.00,0.60,0,0
43.20,0.000,0.000,1.000,999.00,0.60,0,0
43.30,0.000,0.000,1.000,999.00,0.60,0,0
43.40,0.000,0.000,1.000,999.00,0.60,0,0
43.50,0.000,0.000,1.000,999.00,0.60,0,0
43.60,0.000,0.000,1.000,999.00,0.60,0,0
43.70,0.000,0.000,1.000,999.00,0.60,0,0
43.80,0.000,0.000,1.000,999.00,0.60,0,0
43.90,0.000,0.000,1.000,999.00,0.60,0,0
44.00,0.000,0.000,1.000,999.00,0.60,0,0
44.10,0.000,0.000,1.000,999.00,0.60,0,0
44.20,0.000,0.000,1.000,999.00,0.60,0,0
44.30,0.000,0.000,1.000,999.00,0.60,0,0
44.40,0.000,0.000,1.000,999.00,0.60,0,0
44.50,0.000,0.000,1.000,999.00,0.60,0,0
44.60,0.000,0.000,1.000,999.00,0.60,0,0
44.70,0.000,0.000,1.000,999.00,0.60,0,0
44.80,0.000,0.000,1.000,999.00,0.60,0,0
44.90,0.000,0.000,1.000,999.00,0.60,0,0
45.00,0.000,0.000,1.000,999.00,0.60,0,0
45.10,0.000,0.000,1.000,999.00,0.60,0,0
45.20,0.000,0.000,1.000,999.00,0.60,0,0
45.30,0.000,0.000,1.000,999.00,0.60,0,0
45.40,0.000,0.000,1.000,999.00,0.60,0,0
45.50,0.000,0.000,1.000,999.00,0.60,0,0
45.60,0.000,0.000,1.000,999.00,0.60,0,0
45.70,0.000,0.000,1.000,999.00,0.60,0,0
45.80,0.000,0.000,1.000,999.00,0.60,0,0
45.91,0.000,0.000,1.000,999.00,0.60,0,0
46.00,0.000,0.000,1.000,999.00,0.60,0,0
46.10,0.000,0.000,1.000,999.00,0.60,0,0
46.20,0.000,0.000,1.000,999.00,0.60,0,0
46.30,0.000,0.000,1.000,999.00,0.60,0,0
46.40,0.000,0.000,1.000,999.00,0.60,0,0
46.50,0.000,0.000,1.000,999.00,0.60,0,0
46.60,0.000,0.000,1.000,999.00,0.60,0,0
46.70,0.000,0.000,1.000,999.00,0.60,0,0
46.80,0.000,0.000,1.000,999.00,0.60,0,0
46.90,0.000,0.000,1.000,999.00,0.60,0,0
47.00,0.000,0.000,1.000,999.00,0.60,0,0
47.10,0.000,0.000,1.000,999.00,0.60,0,0
47.20,0.000,0.000,1.000,999.00,0.60,0,0
47.30,0.000,0.000,1.000,999.00,0.60,0,0
47.40,0.000,0.000,1.000,999.00,0.60,0,0
47.50,0.000,0.000,1.000,999.00,0.60,0,0
47.60,0.000,0.000,1.000,999.00,0.60,0,0
47.70,0.000,0.000,1.000,999.00,0.60,0,0
47.80,0.000,0.000,1.000,999.00,0.60,0,0
47.90,0.000,0.000,1.000,999.00,0.60,0,0
48.00,0.000,0.000,1.000,999.00,0.60,0,0
48.10,0.000,0.000,1.000,999.00,0.60,0,0
48.20,0.000,0.000,1.000,999.00,0.60,0,0
48.30,0.000,0.000,1.000,999.00,0.60,0,0
48.40,0.000,0.000,1.000,999.00,0.60,0,0
48.50,0.000,0.000,1.000,999.00,0.60,0,0
48.60,0.000,0.000,1.000,999.00,0.60,0,0
48.70,0.000,0.000,1.000,999.00,0.60,0,0
48.80,0.000,0.000,1.000,999.00,0.60,0,0
48.90,0.000,0.000,1.000,999.00,0.60,0,0
49.00,0.000,0.000,1.000,999.00,0.60,0,0
49.10,0.000,0.000,1.000,999.00,0.60,0,0
49.20,0.000,0.000,1.000,999.00,0.60,0,0
49.30,0.000,0.000,1.000,999.00,0.60,0,0
49.40,0.000,0.000,1.000,999.00,0.60,0,0
49.50,0.000,0.000,1.000,999.00,0.60,0,0
49.60,0.000,0.000,1.000,999.00,0.60,0,0
49.70,0.000,0.000,1.000,999.00,0.60,0,0
49.80,0.000,0.000,1.000,999.00,0.60,0,0
49.90,0.000,0.000,1.000,999.00,0.60,0,0
50.00,0.000,0.000,1.000,999.00,0.60,0,0
50.10,0.000,0.000,1.000,999.00,0.60,0,0
50.20,0.000,0.000,1.000,999.00,0.60,0,0
50.30,0.000,0.000,1.000,999.00,0.60,0,0
50.40,0.000,0.000,1.000,999.00,0.60,0,0
50.50,0.000,0.000,1.000,999.00,0.60,0,0
50.60,0.000,0.000,1.000,999.00,0.60,0,0
50.70,0.000,0.000,1.000,999.00,0.60,0,0
50.80,0.000,0.000,1.000,999.00,0.60,0,0
50.90,0.000,0.000,1.000,999.00,0.60,0,0
51.00,0.000,0.000,1.000,999.00,0.60,0,0
51.10,0.000,0.000,1.000,999.00,0.60,0,0
51.20,0.000,0.000,1.000,999.00,0.60,0,0
51.30,0.000,0.000,1.000,999.00,0.60,0,0
51.40,0.000,0.000,1.000,999.00,0.60,0,0
51.50,0.000,0.000,1.000,999.00,0.60,0,0
51.60,0.000,0.000,1.000,999.00,0.60,0,0
51.70,0.000,0.000,1.000,999.00,0.60,0,0
51.80,0.000,0.000,1.000,999.00,0.60,0,0
51.90,0.000,0.000,1.000,999.00,0.60,0,0
52.00,0.000,0.000,1.000,999.00,0.60,0,0
52.10,0.000,0.000,1.000,999.00,0.60,0,0
52.20,0.000,0.000,1.000,999.00,0.60,0,0
52.30,0.000,0.000,1.000,999.00,0.60,0,0
52.40,0.000,0.000,1.000,999.00,0.60,0,0
52.50,0.000,0.000,1.000,999.00,0.60,0,0
52.60,0.000,0.000,1.000,999.00,0.60,0,0
52.70,0.000,0.000,1.000,999.00,0.60,0,0
52.80,0.000,0.000,1.000,999.00,0.60,0,0
52.90,0.000,0.000,1.000,999.00,0.60,0,0
53.00,0.000,0.000,1.000,999.00,0.60,0,0
53.10,0.000,0.000,1.000,999.00,0.60,0,0
53.20,0.000,0.000,1.000,999.00,0.60,0,0
53.30,0.000,0.000,1.000,999.00,0.60,0,0
53.40,0.000,0.000,1.000,999.00,0.60,0,0
53.50,0.000,0.000,1.000,999.00,0.60,0,0
53.60,0.000,0.000,1.000,999.00,0.60,0,0
53.70,0.000,0.000,1.000,999.00,0.60,0,0
53.80,0.000,0.000,1.000,999.00,0.60,0,0
53.90,0.000,0.000,1.000,999.00,0.60,0,0
54.00,0.000,0.000,1.000,999.00,0.60,0,0
54.10,0.000,0.000,1.000,999.00,0.60,0,0
54.20,0.000,0.000,1.000,999.00,0.60,0,0
54.30,0.000,0.000,1.000,999.00,0.60,0,0
54.40,0.000,0.000,1.000,999.00,0.60,0,0
54.50,0.000,0.000,1.000,999.00,0.60,0,0
54.61,0.000,0.000,1.000,999.00,0.60,0,0
54.70,0.000,0.000,1.000,999.00,0.60,0,0
54.80,0.000,0.000,1.000,999.00,0.60,0,0
54.90,0.000,0.000,1.000,999.00,0.60,0,0
55.00,0.000,0.000,1.000,999.00,0.60,0,0
55.10,0.000,0.000,1.000,999.00,0.60,0,0
55.20,0.000,0.000,1.000,999.00,0.60,0,0
55.30,0.000,0.000,1.000,999.00,0.60,0,0
55.40,0.000,0.000,1.000,999.00,0.60,0,0
55.50,0.000,0.000,1.000,999.00,0.60,0,0
55.60,0.000,0.000,1.000,999.00,0.60,0,0
55.70,0.000,0.000,1.000,999.00,0.60,0,0
55.80,0.000,0.000,1.000,999.00,0.60,0,0
55.90,0.000,0.000,1.000,999.00,0.60,0,0
56.00,0.000,0.000,1.000,999.00,0.60,0,0
56.10,0.000,0.000,1.000,999.00,0.60,0,0
56.20,0.000,0.000,1.000,999.00,0.60,0,0
56.30,0.000,0.000,1.000,999.00,0.60,0,0
56.40,0.000,0.000,1.000,999.00,0.60,0,0
56.50,0.000,0.000,1.000,999.00,0.60,0,0
56.60,0.000,0.000,1.000,999.00,0.60,0,0
56.70,0.000,0.000,1.000,999.00,0.60,0,0
56.80,0.000,0.000,1.000,999.00,0.60,0,0
56.90,0.000,0.000,1.000,999.00,0.60,0,0
57.01,0.000,0.000,1.000,999.00,0.60,0,0
57.10,0.000,0.000,1.000,999.00,0.60,0,0
57.20,0.000,0.000,1.000,999.00,0.60,0,0
57.30,0.000,0.000,1.000,999.00,0.60,0,0
57.40,0.000,0.000,1.000,999.00,0.60,0,0
57.50,0.000,0.000,1.000,999.00,0.60,0,0
57.60,0.000,0.000,1.000,999.00,0.60,0,0
57.70,0.000,0.000,1.000,999.00,0.60,0,0
57.80,0.000,0.000,1.000,999.00,0.60,0,0
57.90,0.000,0.000,1.000,999.00,0.60,0,0
58.00,0.000,0.000,1.000,999.00,0.60,0,0
58.10,0.000,0.000,1.000,999.00,0.60,0,0
58.20,0.000,0.000,1.000,999.00,0.60,0,0
58.30,0.000,0.000,1.000,999.00,0.60,0,0
58.40,0.000,0.000,1.000,999.00,0.60,0,0
58.50,0.000,0.000,1.000,999.00,0.60,0,0
58.60,0.000,0.000,1.000,999.00,0.60,0,0
58.70,0.000,0.000,1.000,999.00,0.60,0,0
58.80,0.000,0.000,1.000,999.00,0.60,0,0
58.90,0.000,0.000,1.000,999.00,0.60,0,0
59.00,0.000,0.000,1.000,999.00,0.60,0,0
59.10,0.000,0.000,1.000,999.00,0.60,0,0
59.20,0.000,0.000,1.000,999.00,0.60,0,0
59.30,0.000,0.000,1.000,999.00,0.60,0,0
59.40,0.000,0.000,1.000,999.00,0.60,0,0
59.50,0.000,0.000,1.000,999.00,0.60,0,0
59.60,0.000,0.000,1.000,999.00,0.60,0,0
59.70,0.000,0.000,1.000,999.00,0.60,0,0
59.80,0.000,0.000,1.000,999.00,0.60,0,0
59.90,0.000,0.000,1.000,999.00,0.60,0,0
60.00,0.000,0.000,1.000,999.00,0.60,0,0
60.10,0.000,0.000,1.000,999.00,0.60,0,0
60.20,0.000,0.000,1.000,999.00,0.60,0,0
60.30,0.000,0.000,1.000,999.00,0.60,0,0
60.40,0.000,0.000,1.000,999.00,0.60,0,0
60.50,0.000,0.000,1.000,999.00,0.60,0,0
60.60,0.000,0.000,1.000,999.00,0.60,0,0
60.70,0.000,0.000,1.000,999.00,0.60,0,0
60.80,0.000,0.000,1.000,999.00,0.60,0,0
60.90,0.000,0.000,1.000,999.00,0.60,0,0
61.00,0.000,0.000,1.000,999.00,0.60,0,0
61.10,0.000,0.000,1.000,999.00,0.60,0,0
61.20,0.000,0.000,1.000,999.00,0.60,0,0
61.30,0.000,0.000,1.000,999.00,0.60,0,0
61.40,0.000,0.000,1.000,999.00,0.60,0,0
61.50,0.000,0.000,1.000,999.00,0.60,0,0
61.60,0.000,0.000,1.000,999.00,0.60,0,0
61.70,0.000,0.000,1.000,999.00,0.60,0,0
61.80,0.000,0.000,1.000,999.00,0.60,0,0
61.90,0.000,0.000,1.000,999.00,0.60,0,0
62.00,0.000,0.000,1.000,999.00,0.60,0,0
62.10,0.000,0.000,1.000,999.00,0.60,0,0
62.20,0.000,0.000,1.000,999.00,0.60,0,0
62.30,0.000,0.000,1.000,999.00,0.60,0,0
62.40,0.000,0.000,1.000,999.00,0.60,0,0
62.50,0.000,0.000,1.000,999.00,0.60,0,0
62.60,0.000,0.000,1.000,999.00,0.60,0,0
62.70,0.000,0.000,1.000,999.00,0.60,0,0
62.80,0.000,0.000,1.000,999.00,0.60,0,0
62.90,0.000,0.000,1.000,999.00,0.60,0,0
63.00,0.000,0.000,1.000,999.00,0.60,0,0
63.10,0.000,0.000,1.000,999.00,0.60,0,0
63.20,0.000,0.000,1.000,999.00,0.60,0,0
63.30,0.000,0.000,1.000,999.00,0.60,0,0
63.40,0.000,0.000,1.000,999.00,0.60,0,0
63.50,0.000,0.000,1.000,999.00,0.60,0,0
63.60,0.000,0.000,1.000,999.00,0.60,0,0
63.70,0.000,0.000,1.000,999.00,0.60,0,0
63.80,0.000,0.000,1.000,999.00,0.60,0,0
63.90,0.000,0.000,1.000,999.00,0.60,0,0
64.00,0.000,0.000,1.000,999.00,0.60,0,0
64.10,0.000,0.000,1.000,999.00,0.60,0,0
64.20,0.000,0.000,1.000,999.00,0.60,0,0
64.30,0.000,0.000,1.000,999.00,0.60,0,0
64.40,0.000,0.000,1.000,999.00,0.60,0,0
64.50,0.000,0.000,1.000,999.00,0.60,0,0
64.60,0.000,0.000,1.000,999.00,0.60,0,0
64.70,0.000,0.000,1.000,999.00,0.60,0,0
64.80,0.000,0.000,1.000,999.00,0.60,0,0
64.90,0.000,0.000,1.000,999.00,0.60,0,0
65.00,0.000,0.000,1.000,999.00,0.60,0,0
65.10,0.000,0.000,1.000,999.00,0.60,0,0
65.20,0.000,0.000,1.000,999.00,0.60,0,0
65.30,0.000,0.000,1.000,999.00,0.60,0,0
65.40,0.000,0.000,1.000,999.00,0.60,0,0
65.50,0.000,0.000,1.000,999.00,0.60,0,0
65.60,0.000,0.000,1.000,999.00,0.60,0,0
65.70,0.000,0.000,1.000,999.00,0.60,0,0
65.80,0.000,0.000,1.000,999.00,0.60,0,0
65.90,0.000,0.000,1.000,999.00,0.60,0,0
66.00,0.000,0.000,1.000,999.00,0.60,0,0
66.10,0.000,0.000,1.000,999.00,0.60,0,0
66.20,0.000,0.000,1.000,999.00,0.60,0,0
66.30,0.000,0.000,1.000,999.00,0.60,0,0
66.40,0.000,0.000,1.000,999.00,0.60,0,0
66.50,0.000,0.000,1.000,999.00,0.60,0,0
66.60,0.000,0.000,1.000,999.00,0.60,0,0
66.70,0.000,0.000,1.000,999.00,0.60,0,0
66.80,0.000,0.000,1.000,999.00,0.60,0,0
66.90,0.000,0.000,1.000,999.00,0.60,0,0
67.00,0.000,0.000,1.000,999.00,0.60,0,0
67.10,0.000,0.000,1.000,999.00,0.60,0,0
67.20,0.000,0.000,1.000,999.00,0.60,0,0
67.30,0.000,0.000,1.000,999.00,0.60,0,0
67.40,0.000,0.000,1.000,999.00,0.60,0,0
67.50,0.000,0.000,1.000,999.00,0.60,0,0
67.60,0.000,0.000,1.000,999.00,0.60,0,0
67.70,0.000,0.000,1.000,999.00,0.60,0,0
67.80,0.000,0.000,1.000,999.00,0.60,0,0
67.90,0.000,0.000,1.000,999.00,0.60,0,0
68.00,0.000,0.000,1.000,999.00,0.60,0,0
68.10,0.000,0.000,1.000,999.00,0.60,0,0
68.20,0.000,0.000,1.000,999.00,0.60,0,0
68.30,0.000,0.000,1.000,999.00,0.60,0,0
68.40,0.000,0.000,1.000,999.00,0.60,0,0
68.50,0.000,0.000,1.000,999.00,0.60,0,0
68.60,0.000,0.000,1.000,999.00,0.60,0,0
68.70,0.000,0.000,1.000,999.00,0.60,0,0
68.80,0.000,0.000,1.000,999.00,0.60,0,0
68.90,0.000,0.000,1.000,999.00,0.60,0,0
69.00,0.000,0.000,1.000,999.00,0.60,0,0
69.10,0.000,0.000,1.000,999.00,0.60,0,0
69.20,0.000,0.000,1.000,999.00,0.60,0,0
69.30,0.000,0.000,1.000,999.00,0.60,0,0
69.40,0.000,0.000,1.000,999.00,0.60,0,0
69.50,0.000,0.000,1.000,999.00,0.60,0,0
69.60,0.000,0.000,1.000,999.00,0.60,0,0
69.70,0.000,0.000,1.000,999.00,0.60,0,0
69.80,0.000,0.000,1.000,999.00,0.60,0,0
69.90,0.000,0.000,1.000,999.00,0.60,0,0
70.00,0.000,0.000,1.000,999.00,0.60,0,0
70.10,0.000,0.000,1.000,999.00,0.60,0,0
70.20,0.000,0.000,1.000,999.00,0.60,0,0
70.30,0.000,0.000,1.000,999.00,0.60,0,0
70.40,0.000,0.000,1.000,999.00,0.60,0,0
70.50,0.000,0.000,1.000,999.00,0.60,0,0
70.60,0.000,0.000,1.000,999.00,0.60,0,0
70.70,0.000,0.000,1.000,999.00,0.60,0,0
70.80,0.000,0.000,1.000,999.00,0.60,0,0
70.90,0.000,0.000,1.000,999.00,0.60,0,0
71.00,0.000,0.000,1.000,999.00,0.60,0,0
71.10,0.000,0.000,1.000,999.00,0.60,0,0
71.20,0.000,0.000,1.000,999.00,0.60,0,0
71.30,0.000,0.000,1.000,999.00,0.60,0,0
71.40,0.000,0.000,1.000,999.00,0.60,0,0
71.50,0.000,0.000,1.000,999.00,0.60,0,0
71.60,0.000,0.000,1.000,999.00,0.60,0,0
71.70,0.000,0.000,1.000,999.00,0.60,0,0
71.80,0.000,0.000,1.000,999.00,0.60,0,0
71.90,0.000,0.000,1.000,999.00,0.60,0,0
72.00,0.000,0.000,1.000,999.00,0.60,0,0
72.10,0.000,0.000,1.000,999.00,0.60,0,0
72.20,0.000,0.000,1.000,999.00,0.60,0,0
72.30,0.000,0.000,1.000,999.00,0.60,0,0
72.40,0.000,0.000,1.000,999.00,0.60,0,0
72.50,0.000,0.000,1.000,999.00,0.60,0,0
72.60,0.000,0.000,1.000,999.00,0.60,0,0
72.70,0.000,0.000,1.000,999.00,0.60,0,0
72.80,0.000,0.000,1.000,999.00,0.60,0,0
72.90,0.000,0.000,1.000,999.00,0.60,0,0
73.00,0.000,0.000,1.000,999.00,0.60,0,0
73.10,0.000,0.000,1.000,999.00,0.60,0,0
73.20,0.000,0.000,1.000,999.00,0.60,0,0
73.30,0.000,0.000,1.000,999.00,0.60,0,0
73.40,0.000,0.000,1.000,999.00,0.60,0,0
73.50,0.000,0.000,1.000,999.00,0.60,0,0
73.60,0.000,0.000,1.000,999.00,0.60,0,0
73.70,0.000,0.000,1.000,999.00,0.60,0,0
73.80,0.000,0.000,1.000,999.00,0.60,0,0
73.90,0.000,0.000,1.000,999.00,0.60,0,0
74.00,0.000,0.000,1.000,999.00,0.60,0,0
74.10,0.000,0.000,1.000,999.00,0.60,0,0
74.20,0.000,0.000,1.000,999.00,0.60,0,0
74.30,0.000,0.000,1.000,999.00,0.60,0,0
74.40,0.000,0.000,1.000,999.00,0.60,0,0
74.50,0.000,0.000,1.000,999.00,0.60,0,0
74.60,0.000,0.000,1.000,999.00,0.60,0,0
74.70,0.000,0.000,1.000,999.00,0.60,0,0
74.80,0.000,0.000,1.000,999.00,0.60,0,0
74.90,0.000,0.000,1.000,999.00,0.60,0,0
75.00,0.000,0.000,1.000,999.00,0.60,0,0
75.10,0.000,0.000,1.000,999.00,0.60,0,0
75.20,0.000,0.000,1.000,999.00,0.60,0,0
75.30,0.000,0.000,1.000,999.00,0.60,0,0
75.40,0.000,0.000,1.000,999.00,0.60,0,0
75.51,0.000,0.000,1.000,999.00,0.60,0,0
75.60,0.000,0.000,1.000,999.00,0.60,0,0
75.70,0.000,0.000,1.000,999.00,0.60,0,0
75.80,0.000,0.000,1.000,999.00,0.60,0,0
75.90,0.000,0.000,1.000,999.00,0.60,0,0
76.00,0.000,0.000,1.000,999.00,0.60,0,0
76.10,0.000,0.000,1.000,999.00,0.60,0,0
76.20,0.000,0.000,1.000,999.00,0.60,0,0
76.30,0.000,0.000,1.000,999.00,0.60,0,0
76.40,0.000,0.000,1.000,999.00,0.60,0,0
76.50,0.000,0.000,1.000,999.00,0.60,0,0
76.60,0.000,0.000,1.000,999.00,0.60,0,0
76.70,0.000,0.000,1.000,999.00,0.60,0,0
76.80,0.000,0.000,1.000,999.00,0.60,0,0
76.90,0.000,0.000,1.000,999.00,0.60,0,0
77.00,0.000,0.000,1.000,999.00,0.60,0,0
77.10,0.000,0.000,1.000,999.00,0.60,0,0
77.20,0.000,0.000,1.000,999.00,0.60,0,0
77.30,0.000,0.000,1.000,999.00,0.60,0,0
77.40,0.000,0.000,1.000,999.00,0.60,0,0
77.50,0.000,0.000,1.000,999.00,0.60,0,0
77.60,0.000,0.000,1.000,999.00,0.60,0,0
77.70,0.000,0.000,1.000,999.00,0.60,0,0
77.80,0.000,0.000,1.000,999.00,0.60,0,0
77.90,0.000,0.000,1.000,999.00,0.60,0,0
78.00,0.000,0.000,1.000,999.00,0.60,0,0
78.10,0.000,0.000,1.000,999.00,0.60,0,0
78.20,0.000,0.000,1.000,999.00,0.60,0,0
78.30,0.000,0.000,1.000,999.00,0.60,0,0
78.40,0.000,0.000,1.000,999.00,0.60,0,0
78.50,0.000,0.000,1.000,999.00,0.60,0,0
78.60,0.000,0.000,1.000,999.00,0.60,0,0
78.70,0.000,0.000,1.000,999.00,0.60,0,0
78.80,0.000,0.000,1.000,999.00,0.60,0,0
78.90,0.000,0.000,1.000,999.00,0.60,0,0
79.00,0.000,0.000,1.000,999.00,0.60,0,0
79.10,0.000,0.000,1.000,999.00,0.60,0,0
79.20,0.000,0.000,1.000,999.00,0.60,0,0
79.30,0.000,0.000,1.000,999.00,0.60,0,0
79.40,0.000,0.000,1.000,999.00,0.60,0,0
79.50,0.000,0.000,1.000,999.00,0.60,0,0
79.60,0.000,0.000,1.000,999.00,0.60,0,0
79.70,0.000,0.000,1.000,999.00,0.60,0,0
79.80,0.000,0.000,1.000,999.00,0.60,0,0
79.90,0.000,0.000,1.000,999.00,0.60,0,0
80.00,0.000,0.000,1.000,999.00,0.60,0,0
80.10,0.000,0.000,1.000,999.00,0.60,0,0
80.20,0.000,0.000,1.000,999.00,0.60,0,0
80.30,0.000,0.000,1.000,999.00,0.60,0,0
80.40,0.000,0.000,1.000,999.00,0.60,0,0
80.50,0.000,0.000,1.000,999.00,0.60,0,0
80.60,0.000,0.000,1.000,999.00,0.60,0,0
80.70,0.000,0.000,1.000,999.00,0.60,0,0
80.80,0.000,0.000,1.000,999.00,0.60,0,0
80.90,0.000,0.000,1.000,999.00,0.60,0,0
81.00,0.000,0.000,1.000,999.00,0.60,0,0
81.10,0.000,0.000,1.000,999.00,0.60,0,0
81.20,0.000,0.000,1.000,999.00,0.60,0,0
81.30,0.000,0.000,1.000,999.00,0.60,0,0
81.40,0.000,0.000,1.000,999.00,0.60,0,0
81.50,0.000,0.000,1.000,999.00,0.60,0,0
81.60,0.000,0.000,1.000,999.00,0.60,0,0
81.70,0.000,0.000,1.000,999.00,0.60,0,0
81.80,0.000,0.000,1.000,999.00,0.60,0,0
81.90,0.000,0.000,1.000,999.00,0.60,0,0
82.00,0.000,0.000,1.000,999.00,0.60,0,0
82.10,0.000,0.000,1.000,999.00,0.60,0,0
82.20,0.000,0.000,1.000,999.00,0.60,0,0
82.30,0.000,0.000,1.000,999.00,0.60,0,0
82.40,0.000,0.000,1.000,999.00,0.60,0,0
82.50,0.000,0.000,1.000,999.00,0.60,0,0
82.60,0.000,0.000,1.000,999.00,0.60,0,0
82.70,0.000,0.000,1.000,999.00,0.60,0,0
82.80,0.000,0.000,1.000,999.00,0.60,0,0
82.90,0.000,0.000,1.000,999.00,0.60,0,0
83.00,0.000,0.000,1.000,999.00,0.60,0,0
83.10,0.000,0.000,1.000,999.00,0.60,0,0
83.20,0.000,0.000,1.000,999.00,0.60,0,0
83.30,0.000,0.000,1.000,999.00,0.60,0,0
83.40,0.000,0.000,1.000,999.00,0.60,0,0
83.50,0.000,0.000,1.000,999.00,0.60,0,0
83.60,0.000,0.000,1.000,999.00,0.60,0,0
83.70,0.000,0.000,1.000,999.00,0.60,0,0
83.80,0.000,0.000,1.000,999.00,0.60,0,0
83.90,0.000,0.000,1.000,999.00,0.60,0,0
84.00,0.000,0.000,1.000,999.00,0.60,0,0
84.10,0.000,0.000,1.000,999.00,0.60,0,0
84.20,0.000,0.000,1.000,999.00,0.60,0,0
84.30,0.000,0.000,1.000,999.00,0.60,0,0
84.40,0.000,0.000,1.000,999.00,0.60,0,0
84.50,0.000,0.000,1.000,999.00,0.60,0,0
84.60,0.000,0.000,1.000,999.00,0.60,0,0
84.70,0.000,0.000,1.000,999.00,0.60,0,0
84.80,0.000,0.000,1.000,999.00,0.60,0,0
84.90,0.000,0.000,1.000,999.00,0.60,0,0
85.00,0.000,0.000,1.000,999.00,0.60,0,0
85.10,0.000,0.000,1.000,999.00,0.60,0,0
85.20,0.000,0.000,1.000,999.00,0.60,0,0
85.30,0.000,0.000,1.000,999.00,0.60,0,0
85.40,0.000,0.000,1.000,999.00,0.60,0,0
85.50,0.000,0.000,1.000,999.00,0.60,0,0
85.60,0.000,0.000,1.000,999.00,0.60,0,0
85.70,0.000,0.000,1.000,999.00,0.60,0,0
85.80,0.000,0.000,1.000,999.00,0.60,0,0
85.90,0.000,0.000,1.000,999.00,0.60,0,0
86.00,0.000,0.000,1.000,999.00,0.60,0,0
86.10,0.000,0.000,1.000,999.00,0.60,0,0
86.20,0.000,0.000,1.000,999.00,0.60,0,0
86.30,0.000,0.000,1.000,999.00,0.60,0,0
86.40,0.000,0.000,1.000,999.00,0.60,0,0
86.50,0.000,0.000,1.000,999.00,0.60,0,0
86.60,0.000,0.000,1.000,999.00,0.60,0,0
86.70,0.000,0.000,1.000,999.00,0.60,0,0
86.80,0.000,0.000,1.000,999.00,0.60,0,0
86.90,0.000,0.000,1.000,999.00,0.60,0,0
87.00,0.000,0.000,1.000,999.00,0.60,0,0
87.10,0.000,0.000,1.000,999.00,0.60,0,0
87.20,0.000,0.000,1.000,999.00,0.60,0,0
87.30,0.000,0.000,1.000,999.00,0.60,0,0
87.40,0.000,0.000,1.000,999.00,0.60,0,0
87.50,0.000,0.000,1.000,999.00,0.60,0,0
87.60,0.000,0.000,1.000,999.00,0.60,0,0
87.70,0.000,0.000,1.000,999.00,0.60,0,0
87.80,0.000,0.000,1.000,999.00,0.60,0,0
87.90,0.000,0.000,1.000,999.00,0.60,0,0
88.00,0.000,0.000,1.000,999.00,0.60,0,0
88.10,0.000,0.000,1.000,999.00,0.60,0,0
88.20,0.000,0.000,1.000,999.00,0.60,0,0
88.30,0.000,0.000,1.000,999.00,0.60,0,0
88.40,0.000,0.000,1.000,999.00,0.60,0,0
88.50,0.000,0.000,1.000,999.00,0.60,0,0
88.60,0.000,0.000,1.000,999.00,0.60,0,0
88.70,0.000,0.000,1.000,999.00,0.60,0,0
88.80,0.000,0.000,1.000,999.00,0.60,0,0
88.90,0.000,0.000,1.000,999.00,0.60,0,0
89.00,0.000,0.000,1.000,999.00,0.60,0,0
89.10,0.000,0.000,1.000,999.00,0.60,0,0
89.20,0.000,0.000,1.000,999.00,0.60,0,0
89.30,0.000,0.000,1.000,999.00,0.60,0,0
89.40,0.000,0.000,1.000,999.00,0.60,0,0
89.50,0.000,0.000,1.000,999.00,0.60,0,0
89.60,0.000,0.000,1.000,999.00,0.60,0,0
89.70,0.000,0.000,1.000,999.00,0.60,0,0
89.80,0.000,0.000,1.000,999.00,0.60,0,0
89.90,0.000,0.000,1.000,999.00,0.60,0,0
90.00,0.000,0.000,1.000,999.00,0.60,0,0
90.10,0.000,0.000,1.000,999.00,0.60,0,0
90.20,0.000,0.000,1.000,999.00,0.60,0,0
90.30,0.000,0.000,1.000,999.00,0.60,0,0
90.40,0.000,0.000,1.000,999.00,0.60,0,0
90.50,0.000,0.000,1.000,999.00,0.60,0,0
90.60,0.000,0.000,1.000,999.00,0.60,0,0
90.70,0.000,0.000,1.000,999.00,0.60,0,0
90.80,0.000,0.000,1.000,999.00,0.60,0,0
90.90,0.000,0.000,1.000,999.00,0.60,0,0
91.00,0.000,0.000,1.000,999.00,0.60,0,0
91.10,0.000,0.000,1.000,999.00,0.60,0,0
91.20,0.000,0.000,1.000,999.00,0.60,0,0
91.30,0.000,0.000,1.000,999.00,0.60,0,0
91.40,0.000,0.000,1.000,999.00,0.60,0,0
91.50,0.000,0.000,1.000,999.00,0.60,0,0
91.60,0.000,0.000,1.000,999.00,0.60,0,0
91.70,0.000,0.000,1.000,999.00,0.60,0,0
91.80,0.000,0.000,1.000,999.00,0.60,0,0
91.90,0.000,0.000,1.000,999.00,0.60,0,0
92.00,0.000,0.000,1.000,999.00,0.60,0,0
92.10,0.000,0.000,1.000,999.00,0.60,0,0
92.20,0.000,0.000,1.000,999.00,0.60,0,0
92.30,0.000,0.000,1.000,999.00,0.60,0,0
92.40,0.000,0.000,1.000,999.00,0.60,0,0
92.50,0.000,0.000,1.000,999.00,0.60,0,0
92.60,0.000,0.000,1.000,999.00,0.60,0,0
92.70,0.000,0.000,1.000,999.00,0.60,0,0
92.80,0.000,0.000,1.000,999.00,0.60,0,0
92.90,0.000,0.000,1.000,999.00,0.60,0,0
93.00,0.000,0.000,1.000,999.00,0.60,0,0
93.10,0.000,0.000,1.000,999.00,0.60,0,0
93.20,0.000,0.000,1.000,999.00,0.60,0,0
93.30,0.000,0.000,1.000,999.00,0.60,0,0
93.40,0.000,0.000,1.000,999.00,0.60,0,0
93.50,0.000,0.000,1.000,999.00,0.60,0,0
93.60,0.000,0.000,1.000,999.00,0.60,0,0
93.70,0.000,0.000,1.000,999.00,0.60,0,0
93.80,0.000,0.000,1.000,999.00,0.60,0,0
93.90,0.000,0.000,1.000,999.00,0.60,0,0
94.00,0.000,0.000,1.000,999.00,0.60,0,0
94.10,0.000,0.000,1.000,999.00,0.60,0,0
94.20,0.000,0.000,1.000,999.00,0.60,0,0
94.30,0.000,0.000,1.000,999.00,0.60,0,0
94.40,0.000,0.000,1.000,999.00,0.60,0,0
94.50,0.000,0.000,1.000,999.00,0.60,0,0
94.60,0.000,0.000,1.000,999.00,0.60,0,0
94.70,0.000,0.000,1.000,999.00,0.60,0,0
94.80,0.000,0.000,1.000,999.00,0.60,0,0
94.90,0.000,0.000,1.000,999.00,0.60,0,0
95.00,0.000,0.000,1.000,999.00,0.60,0,0
95.10,0.000,0.000,1.000,999.00,0.60,0,0
95.20,0.000,0.000,1.000,999.00,0.60,0,0
95.30,0.000,0.000,1.000,999.00,0.60,0,0
95.40,0.000,0.000,1.000,999.00,0.60,0,0
95.50,0.000,0.000,1.000,999.00,0.60,0,0
95.60,0.000,0.000,1.000,999.00,0.60,0,0
95.70,0.000,0.000,1.000,999.00,0.60,0,0
95.80,0.000,0.000,1.000,999.00,0.60,0,0
95.90,0.000,0.000,1.000,999.00,0.60,0,0
96.00,0.000,0.000,1.000,999.00,0.60,0,0
96.10,0.000,0.000,1.000,999.00,0.60,0,0
96.20,0.000,0.000,1.000,999.00,0.60,0,0
96.30,0.000,0.000,1.000,999.00,0.60,0,0
96.40,0.000,0.000,1.000,999.00,0.60,0,0
96.50,0.000,0.000,1.000,999.00,0.60,0,0
96.60,0.000,0.000,1.000,999.00,0.60,0,0
96.70,0.000,0.000,1.000,999.00,0.60,0,0
96.80,0.000,0.000,1.000,999.00,0.60,0,0
96.90,0.000,0.000,1.000,999.00,0.60,0,0
97.00,0.000,0.000,1.000,999.00,0.60,0,0
97.10,0.000,0.000,1.000,999.00,0.60,0,0
97.20,0.000,0.000,1.000,999.00,0.60,0,0
97.30,0.000,0.000,1.000,999.00,0.60,0,0
97.40,0.000,0.000,1.000,999.00,0.60,0,0
97.50,0.000,0.000,1.000,999.00,0.60,0,0
97.60,0.000,0.000,1.000,999.00,0.60,0,0
97.70,0.000,0.000,1.000,999.00,0.60,0,0
97.80,0.000,0.000,1.000,999.00,0.60,0,0
97.90,0.000,0.000,1.000,999.00,0.60,0,0
98.00,0.000,0.000,1.000,999.00,0.60,0,0
98.10,0.000,0.000,1.000,999.00,0.60,0,0
98.20,0.000,0.000,1.000,999.00,0.60,0,0
98.30,0.000,0.000,1.000,999.00,0.60,0,0
98.40,0.000,0.000,1.000,999.00,0.60,0,0
98.50,0.000,0.000,1.000,999.00,0.60,0,0
98.60,0.000,0.000,1.000,999.00,0.60,0,0
98.70,0.000,0.000,1.000,999.00,0.60,0,0
98.80,0.000,0.000,1.000,999.00,0.60,0,0
98.90,0.000,0.000,1.000,999.00,0.60,0,0
99.00,0.000,0.000,1.000,999.00,0.60,0,0
99.10,0.000,0.000,1.000,999.00,0.60,0,0
99.20,0.000,0.000,1.000,999.00,0.60,0,0
99.30,0.000,0.000,1.000,999.00,0.60,0,0
99.40,0.000,0.000,1.000,999.00,0.60,0,0
99.50,0.000,0.000,1.000,999.00,0.60,0,0
99.60,0.000,0.000,1.000,999.00,0.60,0,0
99.70,0.000,0.000,1.000,999.00,0.60,0,0
99.80,0.000,0.000,1.000,999.00,0.60,0,0
99.90,0.000,0.000,1.000,999.00,0.60,0,0
100.00,0.000,0.000,1.000,999.00,0.60,0,0
100.10,0.000,0.000,1.000,999.00,0.60,0,0
100.20,0.000,0.000,1.000,999.00,0.60,0,0
100.30,0.000,0.000,1.000,999.00,0.60,0,0
100.40,0.000,0.000,1.000,999.00,0.60,0,0
100.50,0.000,0.000,1.000,999.00,0.60,0,0
100.60,0.000,0.000,1.000,999.00,0.60,0,0
100.70,0.000,0.000,1.000,999.00,0.60,0,0
100.80,0.000,0.000,1.000,999.00,0.60,0,0
100.90,0.000,0.000,1.000,999.00,0.60,0,0
101.00,0.000,0.000,1.000,999.00,0.60,0,0
101.10,0.000,0.000,1.000,999.00,0.60,0,0
101.20,0.000,0.000,1.000,999.00,0.60,0,0
101.30,0.000,0.000,1.000,999.00,0.60,0,0
101.40,0.000,0.000,1.000,999.00,0.60,0,0
101.50,0.000,0.000,1.000,999.00,0.60,0,0
101.60,0.000,0.000,1.000,999.00,0.60,0,0
101.70,0.000,0.000,1.000,999.00,0.60,0,0
101.80,0.000,0.000,1.000,999.00,0.60,0,0
101.90,0.000,0.000,1.000,999.00,0.60,0,0
102.00,0.000,0.000,1.000,999.00,0.60,0,0
102.10,0.000,0.000,1.000,999.00,0.60,0,0
102.20,0.000,0.000,1.000,999.00,0.60,0,0
102.30,0.000,0.000,1.000,999.00,0.60,0,0
102.40,0.000,0.000,1.000,999.00,0.60,0,0
102.50,0.000,0.000,1.000,999.00,0.60,0,0
102.60,0.000,0.000,1.000,999.00,0.60,0,0
102.70,0.000,0.000,1.000,999.00,0.60,0,0
102.80,0.000,0.000,1.000,999.00,0.60,0,0
102.90,0.000,0.000,1.000,999.00,0.60,0,0
103.00,0.000,0.000,1.000,999.00,0.60,0,0
103.10,0.000,0.000,1.000,999.00,0.60,0,0
103.20,0.000,0.000,1.000,999.00,0.60,0,0
103.30,0.000,0.000,1.000,999.00,0.60,0,0
103.40,0.000,0.000,1.000,999.00,0.60,0,0
103.50,0.000,0.000,1.000,999.00,0.60,0,0
103.60,0.000,0.000,1.000,999.00,0.60,0,0
103.70,0.000,0.000,1.000,999.00,0.60,0,0
103.80,0.000,0.000,1.000,999.00,0.60,0,0
103.90,0.000,0.000,1.000,999.00,0.60,0,0
104.00,0.000,0.000,1.000,999.00,0.60,0,0
104.10,0.000,0.000,1.000,999.00,0.60,0,0
104.20,0.000,0.000,1.000,999.00,0.60,0,0
104.30,0.000,0.000,1.000,999.00,0.60,0,0
104.40,0.000,0.000,1.000,999.00,0.60,0,0
104.50,0.000,0.000,1.000,999.00,0.60,0,0
104.60,0.000,0.000,1.000,999.00,0.60,0,0
104.70,0.000,0.000,1.000,999.00,0.60,0,0
104.80,0.000,0.000,1.000,999.00,0.60,0,0
104.90,0.000,0.000,1.000,999.00,0.60,0,0
105.00,0.000,0.000,1.000,999.00,0.60,0,0
105.10,0.000,0.000,1.000,999.00,0.60,0,0
105.20,0.000,0.000,1.000,999.00,0.60,0,0
105.30,0.000,0.000,1.000,999.00,0.60,0,0
105.40,0.000,0.000,1.000,999.00,0.60,0,0
105.50,0.000,0.000,1.000,999.00,0.60,0,0
105.60,0.000,0.000,1.000,999.00,0.60,0,0
105.70,0.000,0.000,1.000,999.00,0.60,0,0
105.80,0.000,0.000,1.000,999.00,0.60,0,0
105.90,0.000,0.000,1.000,999.00,0.60,0,0
106.00,0.000,0.000,1.000,999.00,0.60,0,0
106.10,0.000,0.000,1.000,999.00,0.60,0,0
106.20,0.000,0.000,1.000,999.00,0.60,0,0
106.30,0.000,0.000,1.000,999.00,0.60,0,0
106.40,0.000,0.000,1.000,999.00,0.60,0,0
106.50,0.000,0.000,1.000,999.00,0.60,0,0
106.60,0.000,0.000,1.000,999.00,0.60,0,0
106.70,0.000,0.000,1.000,999.00,0.60,0,0
106.80,0.000,0.000,1.000,999.00,0.60,0,0
106.90,0.000,0.000,1.000,999.00,0.60,0,0
107.00,0.000,0.000,1.000,999.00,0.60,0,0
107.10,0.000,0.000,1.000,999.00,0.60,0,0
107.20,0.000,0.000,1.000,999.00,0.60,0,0
107.30,0.000,0.000,1.000,999.00,0.60,0,0
107.40,0.000,0.000,1.000,999.00,0.60,0,0
107.50,0.000,0.000,1.000,999.00,0.60,0,0
107.60,0.000,0.000,1.000,999.00,0.60,0,0
107.70,0.000,0.000,1.000,999.00,0.60,0,0
107.80,0.000,0.000,1.000,999.00,0.60,0,0
107.90,0.000,0.000,1.000,999.00,0.60,0,0
108.00,0.000,0.000,1.000,999.00,0.60,0,0
108.10,0.000,0.000,1.000,999.00,0.60,0,0
108.20,0.000,0.000,1.000,999.00,0.60,0,0
108.30,0.000,0.000,1.000,999.00,0.60,0,0
108.40,0.000,0.000,1.000,999.00,0.60,0,0
108.50,0.000,0.000,1.000,999.00,0.60,0,0
108.60,0.000,0.000,1.000,999.00,0.60,0,0
108.70,0.000,0.000,1.000,999.00,0.60,0,0
108.80,0.000,0.000,1.000,999.00,0.60,0,0
108.90,0.000,0.000,1.000,999.00,0.60,0,0
109.00,0.000,0.000,1.000,999.00,0.60,0,0
109.10,0.000,0.000,1.000,999.00,0.60,0,0
109.20,0.000,0.000,1.000,999.00,0.60,0,0
109.30,0.000,0.000,1.000,999.00,0.60,0,0
109.40,0.000,0.000,1.000,999.00,0.60,0,0
109.50,0.000,0.000,1.000,999.00,0.60,0,0
109.60,0.000,0.000,1.000,999.00,0.60,0,0
109.70,0.000,0.000,1.000,999.00,0.60,0,0
109.80,0.000,0.000,1.000,999.00,0.60,0,0
109.90,0.000,0.000,1.000,999.00,0.60,0,0
110.00,0.000,0.000,1.000,999.00,0.60,0,0
110.10,0.000,0.000,1.000,999.00,0.60,0,0
110.20,0.000,0.000,1.000,999.00,0.60,0,0
110.30,0.000,0.000,1.000,999.00,0.60,0,0
110.40,0.000,0.000,1.000,999.00,0.60,0,0
110.50,0.000,0.000,1.000,999.00,0.60,0,0
110.60,0.000,0.000,1.000,999.00,0.60,0,0
110.70,0.000,0.000,1.000,999.00,0.60,0,0
110.80,0.000,0.000,1.000,999.00,0.60,0,0
110.90,0.000,0.000,1.000,999.00,0.60,0,0
111.00,0.000,0.000,1.000,999.00,0.60,0,0
111.10,0.000,0.000,1.000,999.00,0.60,0,0
111.20,0.000,0.000,1.000,999.00,0.60,0,0
111.30,0.000,0.000,1.000,999.00,0.60,0,0
111.40,0.000,0.000,1.000,999.00,0.60,0,0
111.50,0.000,0.000,1.000,999.00,0.60,0,0
111.60,0.000,0.000,1.000,999.00,0.60,0,0
111.70,0.000,0.000,1.000,999.00,0.60,0,0
111.80,0.000,0.000,1.000,999.00,0.60,0,0
111.90,0.000,0.000,1.000,999.00,0.60,0,0
112.00,0.000,0.000,1.000,999.00,0.60,0,0
112.10,0.000,0.000,1.000,999.00,0.60,0,0
112.20,0.000,0.000,1.000,999.00,0.60,0,0
112.30,0.000,0.000,1.000,999.00,0.60,0,0
112.40,0.000,0.000,1.000,999.00,0.60,0,0
112.50,0.000,0.000,1.000,999.00,0.60,0,0
112.60,0.000,0.000,1.000,999.00,0.60,0,0
112.70,0.000,0.000,1.000,999.00,0.60,0,0
112.80,0.000,0.000,1.000,999.00,0.60,0,0
112.90,0.000,0.000,1.000,999.00,0.60,0,0
113.00,0.000,0.000,1.000,999.00,0.60,0,0
113.10,0.000,0.000,1.000,999.00,0.60,0,0
113.20,0.000,0.000,1.000,999.00,0.60,0,0
113.30,0.000,0.000,1.000,999.00,0.60,0,0
113.40,0.000,0.000,1.000,999.00,0.60,0,0
113.50,0.000,0.000,1.000,999.00,0.60,0,0
113.60,0.000,0.000,1.000,999.00,0.60,0,0
113.70,0.000,0.000,1.000,999.00,0.60,0,0
113.80,0.000,0.000,1.000,999.00,0.60,0,0
113.90,0.000,0.000,1.000,999.00,0.60,0,0
114.00,0.000,0.000,1.000,999.00,0.60,0,0
114.10,0.000,0.000,1.000,999.00,0.60,0,0
114.20,0.000,0.000,1.000,999.00,0.60,0,0
114.30,0.000,0.000,1.000,999.00,0.60,0,0
114.40,0.000,0.000,1.000,999.00,0.60,0,0
114.50,0.000,0.000,1.000,999.00,0.60,0,0
114.60,0.000,0.000,1.000,999.00,0.60,0,0
114.70,0.000,0.000,1.000,999.00,0.60,0,0
114.80,0.000,0.000,1.000,999.00,0.60,0,0
114.90,0.000,0.000,1.000,999.00,0.60,0,0
115.00,0.000,0.000,1.000,999.00,0.60,0,0
115.10,0.000,0.000,1.000,999.00,0.60,0,0
115.20,0.000,0.000,1.000,999.00,0.60,0,0
115.30,0.000,0.000,1.000,999.00,0.60,0,0
115.40,0.000,0.000,1.000,999.00,0.60,0,0
115.50,0.000,0.000,1.000,999.00,0.60,0,0
115.60,0.000,0.000,1.000,999.00,0.60,0,0
115.70,0.000,0.000,1.000,999.00,0.60,0,0
115.80,0.000,0.000,1.000,999.00,0.60,0,0
115.90,0.000,0.000,1.000,999.00,0.60,0,0
116.00,0.000,0.000,1.000,999.00,0.60,0,0
116.10,0.000,0.000,1.000,999.00,0.60,0,0
116.20,0.000,0.000,1.000,999.00,0.60,0,0
116.30,0.000,0.000,1.000,999.00,0.60,0,0
116.40,0.000,0.000,1.000,999.00,0.60,0,0
116.50,0.000,0.000,1.000,999.00,0.60,0,0
116.60,0.000,0.000,1.000,999.00,0.60,0,0
116.70,0.000,0.000,1.000,999.00,0.60,0,0
116.80,0.000,0.000,1.000,999.00,0.60,0,0
116.90,0.000,0.000,1.000,999.00,0.60,0,0
117.00,0.000,0.000,1.000,999.00,0.60,0,0
117.10,0.000,0.000,1.000,999.00,0.60,0,0
117.20,0.000,0.000,1.000,999.00,0.60,0,0
117.30,0.000,0.000,1.000,999.00,0.60,0,0
117.40,0.000,0.000,1.000,999.00,0.60,0,0
117.50,0.000,0.000,1.000,999.00,0.60,0,0
117.60,0.000,0.000,1.000,999.00,0.60,0,0
117.70,0.000,0.000,1.000,999.00,0.60,0,0
117.80,0.000,0.000,1.000,999.00,0.60,0,0
117.90,0.000,0.000,1.000,999.00,0.60,0,0
118.00,0.000,0.000,1.000,999.00,0.60,0,0
118.10,0.000,0.000,1.000,999.00,0.60,0,0
118.20,0.000,0.000,1.000,999.00,0.60,0,0
118.30,0.000,0.000,1.000,999.00,0.60,0,0
118.40,0.000,0.000,1.000,999.00,0.60,0,0
118.50,0.000,0.000,1.000,999.00,0.60,0,0
118.60,0.000,0.000,1.000,999.00,0.60,0,0
118.70,0.000,0.000,1.000,999.00,0.60,0,0
118.80,0.000,0.000,1.000,999.00,0.60,0,0
118.90,0.000,0.000,1.000,999.00,0.60,0,0
119.00,0.000,0.000,1.000,999.00,0.60,0,0
119.10,0.000,0.000,1.000,999.00,0.60,0,0
119.20,0.000,0.000,1.000,999.00,0.60,0,0
119.30,0.000,0.000,1.000,999.00,0.60,0,0
119.40,0.000,0.000,1.000,999.00,0.60,0,0
119.50,0.000,0.000,1.000,999.00,0.60,0,0
119.60,0.000,0.000,1.000,999.00,0.60,0,0
119.70,0.000,0.000,1.000,999.00,0.60,0,0
119.80,0.000,0.000,1.000,999.00,0.60,0,0
119.90,0.000,0.000,1.000,999.00,0.60,0,0
120.00,0.000,0.000,1.000,999.00,0.60,0,0
120.10,0.000,0.000,1.000,999.00,0.60,0,0
120.20,0.000,0.000,1.000,999.00,0.60,0,0
120.30,0.000,0.000,1.000,999.00,0.60,0,0
120.40,0.000,0.000,1.000,999.00,0.60,0,0
120.50,0.000,0.000,1.000,999.00,0.60,0,0
120.60,0.000,0.000,1.000,999.00,0.60,0,0
120.70,0.000,0.000,1.000,999.00,0.60,0,0
120.80,0.000,0.000,1.000,999.00,0.60,0,0
120.90,0.000,0.000,1.000,999.00,0.60,0,0
121.00,0.000,0.000,1.000,999.00,0.60,0,0
121.10,0.000,0.000,1.000,999.00,0.60,0,0
121.20,0.000,0.000,1.000,999.00,0.60,0,0
121.30,0.000,0.000,1.000,999.00,0.60,0,0
121.40,0.000,0.000,1.000,999.00,0.60,0,0
121.50,0.000,0.000,1.000,999.00,0.60,0,0
121.60,0.000,0.000,1.000,999.00,0.60,0,0
121.70,0.000,0.000,1.000,999.00,0.60,0,0
121.80,0.000,0.000,1.000,999.00,0.60,0,0
121.90,0.000,0.000,1.000,999.00,0.60,0,0
122.00,0.000,0.000,1.000,999.00,0.60,0,0
122.10,0.000,0.000,1.000,999.00,0.60,0,0
122.20,0.000,0.000,1.000,999.00,0.60,0,0
122.30,0.000,0.000,1.000,999.00,0.60,0,0
122.40,0.000,0.000,1.000,999.00,0.60,0,0
122.50,0.000,0.000,1.000,999.00,0.60,0,0
122.60,0.000,0.000,1.000,999.00,0.60,0,0
122.70,0.000,0.000,1.000,999.00,0.60,0,0
122.80,0.000,0.000,1.000,999.00,0.60,0,0
122.90,0.000,0.000,1.000,999.00,0.60,0,0
123.00,0.000,0.000,1.000,999.00,0.60,0,0
123.10,0.000,0.000,1.000,999.00,0.60,0,0
123.20,0.000,0.000,1.000,999.00,0.60,0,0
123.30,0.000,0.000,1.000,999.00,0.60,0,0
123.40,0.000,0.000,1.000,999.00,0.60,0,0
123.50,0.000,0.000,1.000,999.00,0.60,0,0
123.60,0.000,0.000,1.000,999.00,0.60,0,0
123.70,0.000,0.000,1.000,999.00,0.60,0,0
123.80,0.000,0.000,1.000,999.00,0.60,0,0
123.90,0.000,0.000,1.000,999.00,0.60,0,0
124.00,0.000,0.000,1.000,999.00,0.60,0,0
124.10,0.000,0.000,1.000,999.00,0.60,0,0
124.20,0.000,0.000,1.000,999.00,0.60,0,0
124.30,0.000,0.000,1.000,999.00,0.60,0,0
124.40,0.000,0.000,1.000,999.00,0.60,0,0
124.50,0.000,0.000,1.000,999.00,0.60,0,0
124.60,0.000,0.000,1.000,999.00,0.60,0,0
124.70,0.000,0.000,1.000,999.00,0.60,0,0
124.80,0.000,0.000,1.000,999.00,0.60,0,0
124.90,0.000,0.000,1.000,999.00,0.60,0,0
125.00,0.000,0.000,1.000,999.00,0.60,0,0
125.10,0.000,0.000,1.000,999.00,0.60,0,0
125.20,0.000,0.000,1.000,999.00,0.60,0,0
125.30,0.000,0.000,1.000,999.00,0.60,0,0
125.40,0.000,0.000,1.000,999.00,0.60,0,0
125.50,0.000,0.000,1.000,999.00,0.60,0,0
125.60,0.000,0.000,1.000,999.00,0.60,0,0
125.70,0.000,0.000,1.000,999.00,0.60,0,0
125.80,0.000,0.000,1.000,999.00,0.60,0,0
125.90,0.000,0.000,1.000,999.00,0.60,0,0
126.00,0.000,0.000,1.000,999.00,0.60,0,0
126.10,0.000,0.000,1.000,999.00,0.60,0,0
126.20,0.000,0.000,1.000,999.00,0.60,0,0
126.30,0.000,0.000,1.000,999.00,0.60,0,0
126.40,0.000,0.000,1.000,999.00,0.60,0,0
126.50,0.000,0.000,1.000,999.00,0.60,0,0
126.60,0.000,0.000,1.000,999.00,0.60,0,0
126.70,0.000,0.000,1.000,999.00,0.60,0,0
126.80,0.000,0.000,1.000,999.00,0.60,0,0
126.90,0.000,0.000,1.000,999.00,0.60,0,0
127.00,0.000,0.000,1.000,999.00,0.60,0,0
127.10,0.000,0.000,1.000,999.00,0.60,0,0
127.20,0.000,0.000,1.000,999.00,0.60,0,0
127.30,0.000,0.000,1.000,999.00,0.60,0,0
127.40,0.000,0.000,1.000,999.00,0.60,0,0
127.50,0.000,0.000,1.000,999.00,0.60,0,0
127.60,0.000,0.000,1.000,999.00,0.60,0,0
127.70,0.000,0.000,1.000,999.00,0.60,0,0
127.80,0.000,0.000,1.000,999.00,0.60,0,0
127.90,0.000,0.000,1.000,999.00,0.60,0,0
128.00,0.000,0.000,1.000,999.00,0.60,0,0
128.10,0.000,0.000,1.000,999.00,0.60,0,0
128.20,0.000,0.000,1.000,999.00,0.60,0,0
128.30,0.000,0.000,1.000,999.00,0.60,0,0
128.40,0.000,0.000,1.000,999.00,0.60,0,0
128.50,0.000,0.000,1.000,999.00,0.60,0,0
128.60,0.000,0.000,1.000,999.00,0.60,0,0
128.70,0.000,0.000,1.000,999.00,0.60,0,0
128.80,0.000,0.000,1.000,999.00,0.60,0,0
128.90,0.000,0.000,1.000,999.00,0.60,0,0
129.00,0.000,0.000,1.000,999.00,0.60,0,0
129.10,0.000,0.000,1.000,999.00,0.60,0,0
129.20,0.000,0.000,1.000,999.00,0.60,0,0
129.30,0.000,0.000,1.000,999.00,0.60,0,0
129.40,0.000,0.000,1.000,999.00,0.60,0,0
129.50,0.000,0.000,1.000,999.00,0.60,0,0
129.60,0.000,0.000,1.000,999.00,0.60,0,0
129.70,0.000,0.000,1.000,999.00,0.60,0,0
129.80,0.000,0.000,1.000,999.00,0.60,0,0
129.90,0.000,0.000,1.000,999.00,0.60,0,0
130.00,0.000,0.000,1.000,999.00,0.60,0,0
130.10,0.000,0.000,1.000,999.00,0.60,0,0
130.20,0.000,0.000,1.000,999.00,0.60,0,0
130.30,0.000,0.000,1.000,999.00,0.60,0,0
130.40,0.000,0.000,1.000,999.00,0.60,0,0
130.50,0.000,0.000,1.000,999.00,0.60,0,0
130.60,0.000,0.000,1.000,999.00,0.60,0,0
130.70,0.000,0.000,1.000,999.00,0.60,0,0
130.80,0.000,0.000,1.000,999.00,0.60,0,0
130.90,0.000,0.000,1.000,999.00,0.60,0,0
131.00,0.000,0.000,1.000,999.00,0.60,0,0
131.10,0.000,0.000,1.000,999.00,0.60,0,0
131.20,0.000,0.000,1.000,999.00,0.60,0,0
131.30,0.000,0.000,1.000,999.00,0.60,0,0
131.40,0.000,0.000,1.000,999.00,0.60,0,0
131.50,0.000,0.000,1.000,999.00,0.60,0,0
131.60,0.000,0.000,1.000,999.00,0.60,0,0
131.70,0.000,0.000,1.000,999.00,0.60,0,0
131.80,0.000,0.000,1.000,999.00,0.60,0,0
131.90,0.000,0.000,1.000,999.00,0.60,0,0
132.00,0.000,0.000,1.000,999.00,0.60,0,0
132.10,0.000,0.000,1.000,999.00,0.60,0,0
132.20,0.000,0.000,1.000,999.00,0.60,0,0
132.30,0.000,0.000,1.000,999.00,0.60,0,0
132.40,0.000,0.000,1.000,999.00,0.60,0,0
132.50,0.000,0.000,1.000,999.00,0.60,0,0
132.60,0.000,0.000,1.000,999.00,0.60,0,0
132.70,0.000,0.000,1.000,999.00,0.60,0,0
132.80,0.000,0.000,1.000,999.00,0.60,0,0
132.90,0.000,0.000,1.000,999.00,0.60,0,0
133.00,0.000,0.000,1.000,999.00,0.60,0,0
133.10,0.000,0.000,1.000,999.00,0.60,0,0
133.20,0.000,0.000,1.000,999.00,0.60,0,0
133.30,0.000,0.000,1.000,999.00,0.60,0,0
133.40,0.000,0.000,1.000,999.00,0.60,0,0
133.50,0.000,0.000,1.000,999.00,0.60,0,0
133.60,0.000,0.000,1.000,999.00,0.60,0,0
133.70,0.000,0.000,1.000,999.00,0.60,0,0
133.80,0.000,0.000,1.000,999.00,0.60,0,0
133.90,0.000,0.000,1.000,999.00,0.60,0,0
134.00,0.000,0.000,1.000,999.00,0.60,0,0
134.10,0.000,0.000,1.000,999.00,0.60,0,0
134.20,0.000,0.000,1.000,999.00,0.60,0,0
134.30,0.000,0.000,1.000,999.00,0.60,0,0
134.40,0.000,0.000,1.000,999.00,0.60,0,0
134.50,0.000,0.000,1.000,999.00,0.60,0,0
134.60,0.000,0.000,1.000,999.00,0.60,0,0
134.70,0.000,0.000,1.000,999.00,0.60,0,0
134.80,0.000,0.000,1.000,999.00,0.60,0,0
134.90,0.000,0.000,1.000,999.00,0.60,0,0
135.00,0.000,0.000,1.000,999.00,0.60,0,0
135.10,0.000,0.000,1.000,999.00,0.60,0,0
135.20,0.000,0.000,1.000,999.00,0.60,0,0
135.30,0.000,0.000,1.000,999.00,0.60,0,0
135.40,0.000,0.000,1.000,999.00,0.60,0,0
135.50,0.000,0.000,1.000,999.00,0.60,0,0
135.60,0.000,0.000,1.000,999.00,0.60,0,0
135.70,0.000,0.000,1.000,999.00,0.60,0,0
135.80,0.000,0.000,1.000,999.00,0.60,0,0
135.90,0.000,0.000,1.000,999.00,0.60,0,0
136.00,0.000,0.000,1.000,999.00,0.60,0,0
136.10,0.000,0.000,1.000,999.00,0.60,0,0
136.20,0.000,0.000,1.000,999.00,0.60,0,0
136.30,0.000,0.000,1.000,999.00,0.60,0,0
136.40,0.000,0.000,1.000,999.00,0.60,0,0
136.50,0.000,0.000,1.000,999.00,0.60,0,0
136.60,0.000,0.000,1.000,999.00,0.60,0,0
136.70,0.000,0.000,1.000,999.00,0.60,0,0
136.80,0.000,0.000,1.000,999.00,0.60,0,0
136.90,0.000,0.000,1.000,999.00,0.60,0,0
137.00,0.000,0.000,1.000,999.00,0.60,0,0
137.10,0.000,0.000,1.000,999.00,0.60,0,0
137.20,0.000,0.000,1.000,999.00,0.60,0,0
137.30,0.000,0.000,1.000,999.00,0.60,0,0
137.40,0.000,0.000,1.000,999.00,0.60,0,0
137.50,0.000,0.000,1.000,999.00,0.60,0,0
137.60,0.000,0.000,1.000,999.00,0.60,0,0
137.70,0.000,0.000,1.000,999.00,0.60,0,0
137.80,0.000,0.000,1.000,999.00,0.60,0,0
137.90,0.000,0.000,1.000,999.00,0.60,0,0
138.00,0.000,0.000,1.000,999.00,0.60,0,0
138.10,0.000,0.000,1.000,999.00,0.60,0,0
138.20,0.000,0.000,1.000,999.00,0.60,0,0
138.30,0.000,0.000,1.000,999.00,0.60,0,0
138.40,0.000,0.000,1.000,999.00,0.60,0,0
138.50,0.000,0.000,1.000,999.00,0.60,0,0
138.60,0.000,0.000,1.000,999.00,0.60,0,0
138.70,0.000,0.000,1.000,999.00,0.60,0,0
138.80,0.000,0.000,1.000,999.00,0.60,0,0
138.90,0.000,0.000,1.000,999.00,0.60,0,0
139.00,0.000,0.000,1.000,999.00,0.60,0,0
139.10,0.000,0.000,1.000,999.00,0.60,0,0
139.20,0.000,0.000,1.000,999.00,0.60,0,0
139.30,0.000,0.000,1.000,999.00,0.60,0,0
139.40,0.000,0.000,1.000,999.00,0.60,0,0
139.50,0.000,0.000,1.000,999.00,0.60,0,0
139.60,0.000,0.000,1.000,999.00,0.60,0,0
139.70,0.000,0.000,1.000,999.00,0.60,0,0
139.80,0.000,0.000,1.000,999.00,0.60,0,0
139.90,0.000,0.000,1.000,999.00,0.60,0,0
140.00,0.000,0.000,1.000,999.00,0.60,0,0
140.10,0.000,0.000,1.000,999.00,0.60,0,0
140.20,0.000,0.000,1.000,999.00,0.60,0,0
140.30,0.000,0.000,1.000,999.00,0.60,0,0
140.40,0.000,0.000,1.000,999.00,0.60,0,0
140.50,0.000,0.000,1.000,999.00,0.60,0,0
140.60,0.000,0.000,1.000,999.00,0.60,0,0
140.70,0.000,0.000,1.000,999.00,0.60,0,0
140.80,0.000,0.000,1.000,999.00,0.60,0,0
140.90,0.000,0.000,1.000,999.00,0.60,0,0
141.00,0.000,0.000,1.000,999.00,0.60,0,0
141.10,0.000,0.000,1.000,999.00,0.60,0,0
141.20,0.000,0.000,1.000,999.00,0.60,0,0
141.30,0.000,0.000,1.000,999.00,0.60,0,0
141.40,0.000,0.000,1.000,999.00,0.60,0,0
141.50,0.000,0.000,1.000,999.00,0.60,0,0
141.60,0.000,0.000,1.000,999.00,0.60,0,0
141.70,0.000,0.000,1.000,999.00,0.60,0,0
141.80,0.000,0.000,1.000,999.00,0.60,0,0
141.90,0.000,0.000,1.000,999.00,0.60,0,0
142.00,0.000,0.000,1.000,999.00,0.60,0,0
142.10,0.000,0.000,1.000,999.00,0.60,0,0
142.20,0.000,0.000,1.000,999.00,0.60,0,0
142.30,0.000,0.000,1.000,999.00,0.60,0,0
142.40,0.000,0.000,1.000,999.00,0.60,0,0
142.50,0.000,0.000,1.000,999.00,0.60,0,0
142.60,0.000,0.000,1.000,999.00,0.60,0,0
142.70,0.000,0.000,1.000,999.00,0.60,0,0
142.80,0.000,0.000,1.000,999.00,0.60,0,0
142.90,0.000,0.000,1.000,999.00,0.60,0,0
143.00,0.000,0.000,1.000,999.00,0.60,0,0
143.10,0.000,0.000,1.000,999.00,0.60,0,0
143.20,0.000,0.000,1.000,999.00,0.60,0,0
143.30,0.000,0.000,1.000,999.00,0.60,0,0
143.40,0.000,0.000,1.000,999.00,0.60,0,0
143.50,0.000,0.000,1.000,999.00,0.60,0,0
143.60,0.000,0.000,1.000,999.00,0.60,0,0
143.70,0.000,0.000,1.000,999.00,0.60,0,0
143.80,0.000,0.000,1.000,999.00,0.60,0,0
143.90,0.000,0.000,1.000,999.00,0.60,0,0
144.00,0.000,0.000,1.000,999.00,0.60,0,0
144.10,0.000,0.000,1.000,999.00,0.60,0,0
144.20,0.000,0.000,1.000,999.00,0.60,0,0
144.30,0.000,0.000,1.000,999.00,0.60,0,0
144.40,0.000,0.000,1.000,999.00,0.60,0,0
144.50,0.000,0.000,1.000,999.00,0.60,0,0
144.60,0.000,0.000,1.000,999.00,0.60,0,0
144.70,0.000,0.000,1.000,999.00,0.60,0,0
144.80,0.000,0.000,1.000,999.00,0.60,0,0
144.90,0.000,0.000,1.000,999.00,0.60,0,0
145.00,0.000,0.000,1.000,999.00,0.60,0,0
145.10,0.000,0.000,1.000,999.00,0.60,0,0
145.20,0.000,0.000,1.000,999.00,0.60,0,0
145.30,0.000,0.000,1.000,999.00,0.60,0,0
145.40,0.000,0.000,1.000,999.00,0.60,0,0
145.50,0.000,0.000,1.000,999.00,0.60,0,0
145.60,0.000,0.000,1.000,999.00,0.60,0,0
145.70,0.000,0.000,1.000,999.00,0.60,0,0
145.80,0.000,0.000,1.000,999.00,0.60,0,0
145.90,0.000,0.000,1.000,999.00,0.60,0,0
146.00,0.000,0.000,1.000,999.00,0.60,0,0
146.10,0.000,0.000,1.000,999.00,0.60,0,0
146.20,0.000,0.000,1.000,999.00,0.60,0,0
146.30,0.000,0.000,1.000,999.00,0.60,0,0
146.40,0.000,0.000,1.000,999.00,0.60,0,0
146.50,0.000,0.000,1.000,999.00,0.60,0,0
146.60,0.000,0.000,1.000,999.00,0.60,0,0
146.70,0.000,0.000,1.000,999.00,0.60,0,0
146.80,0.000,0.000,1.000,999.00,0.60,0,0
146.90,0.000,0.000,1.000,999.00,0.60,0,0
147.00,0.000,0.000,1.000,999.00,0.60,0,0
147.10,0.000,0.000,1.000,999.00,0.60,0,0
147.20,0.000,0.000,1.000,999.00,0.60,0,0
147.30,0.000,0.000,1.000,999.00,0.60,0,0
147.40,0.000,0.000,1.000,999.00,0.60,0,0
147.50,0.000,0.000,1.000,999.00,0.60,0,0
147.60,0.000,0.000,1.000,999.00,0.60,0,0
147.70,0.000,0.000,1.000,999.00,0.60,0,0
147.80,0.000,0.000,1.000,999.00,0.60,0,0
147.90,0.000,0.000,1.000,999.00,0.60,0,0
148.00,0.000,0.000,1.000,999.00,0.60,0,0
148.10,0.000,0.000,1.000,999.00,0.60,0,0
148.20,0.000,0.000,1.000,999.00,0.60,0,0
148.30,0.000,0.000,1.000,999.00,0.60,0,0
148.40,0.000,0.000,1.000,999.00,0.60,0,0
148.50,0.000,0.000,1.000,999.00,0.60,0,0
148.60,0.000,0.000,1.000,999.00,0.60,0,0
148.70,0.000,0.000,1.000,999.00,0.60,0,0
148.80,0.000,0.000,1.000,999.00,0.60,0,0
148.90,0.000,0.000,1.000,999.00,0.60,0,0
149.00,0.000,0.000,1.000,999.00,0.60,0,0
149.10,0.000,0.000,1.000,999.00,0.60,0,0
149.20,0.000,0.000,1.000,999.00,0.60,0,0
149.30,0.000,0.000,1.000,999.00,0.60,0,0
149.40,0.000,0.000,1.000,999.00,0.60,0,0
149.50,0.000,0.000,1.000,999.00,0.60,0,0
149.60,0.000,0.000,1.000,999.00,0.60,0,0
149.70,0.000,0.000,1.000,999.00,0.60,0,0
149.80,0.000,0.000,1.000,999.00,0.60,0,0
149.90,0.000,0.000,1.000,999.00,0.60,0,0
150.00,0.000,0.000,1.000,999.00,0.60,0,0
150.10,0.000,0.000,1.000,999.00,0.60,0,0
150.20,0.000,0.000,1.000,999.00,0.60,0,0
150.30,0.000,0.000,1.000,999.00,0.60,0,0
150.40,0.000,0.000,1.000,999.00,0.60,0,0
150.50,0.000,0.000,1.000,999.00,0.60,0,0
150.60,0.000,0.000,1.000,999.00,0.60,0,0
150.70,0.000,0.000,1.000,999.00,0.60,0,0
150.80,0.000,0.000,1.000,999.00,0.60,0,0
150.90,0.000,0.000,1.000,999.00,0.60,0,0
151.00,0.000,0.000,1.000,999.00,0.60,0,0
151.10,0.000,0.000,1.000,999.00,0.60,0,0
151.20,0.000,0.000,1.000,999.00,0.60,0,0
151.30,0.000,0.000,1.000,999.00,0.60,0,0
151.40,0.000,0.000,1.000,999.00,0.60,0,0
151.50,0.000,0.000,1.000,999.00,0.60,0,0
151.60,0.000,0.000,1.000,999.00,0.60,0,0
151.70,0.000,0.000,1.000,999.00,0.60,0,0
151.80,0.000,0.000,1.000,999.00,0.60,0,0
151.90,0.000,0.000,1.000,999.00,0.60,0,0
152.00,0.000,0.000,1.000,999.00,0.60,0,0
152.10,0.000,0.000,1.000,999.00,0.60,0,0
152.20,0.000,0.000,1.000,999.00,0.60,0,0
152.30,0.000,0.000,1.000,999.00,0.60,0,0
152.40,0.000,0.000,1.000,999.00,0.60,0,0
152.50,0.000,0.000,1.000,999.00,0.60,0,0
152.60,0.000,0.000,1.000,999.00,0.60,0,0
152.70,0.000,0.000,1.000,999.00,0.60,0,0
152.80,0.000,0.000,1.000,999.00,0.60,0,0
152.90,0.000,0.000,1.000,999.00,0.60,0,0
153.00,0.000,0.000,1.000,999.00,0.60,0,0
153.10,0.000,0.000,1.000,999.00,0.60,0,0
153.20,0.000,0.000,1.000,999.00,0.60,0,0
153.30,0.000,0.000,1.000,999.00,0.60,0,0
153.40,0.000,0.000,1.000,999.00,0.60,0,0
153.50,0.000,0.000,1.000,999.00,0.60,0,0
153.60,0.000,0.000,1.000,999.00,0.60,0,0
153.70,0.000,0.000,1.000,999.00,0.60,0,0
153.80,0.000,0.000,1.000,999.00,0.60,0,0
153.90,0.000,0.000,1.000,999.00,0.60,0,0
154.00,0.000,0.000,1.000,999.00,0.60,0,0
154.10,0.000,0.000,1.000,999.00,0.60,0,0
154.20,0.000,0.000,1.000,999.00,0.60,0,0
154.30,0.000,0.000,1.000,999.00,0.60,0,0
154.40,0.000,0.000,1.000,999.00,0.60,0,0
154.50,0.000,0.000,1.000,999.00,0.60,0,0
154.60,0.000,0.000,1.000,999.00,0.60,0,0
154.70,0.000,0.000,1.000,999.00,0.60,0,0
154.80,0.000,0.000,1.000,999.00,0.60,0,0
154.90,0.000,0.000,1.000,999.00,0.60,0,0
155.00,0.000,0.000,1.000,999.00,0.60,0,0
155.10,0.000,0.000,1.000,999.00,0.60,0,0
155.20,0.000,0.000,1.000,999.00,0.60,0,0
155.30,0.000,0.000,1.000,999.00,0.60,0,0
155.40,0.000,0.000,1.000,999.00,0.60,0,0
155.50,0.000,0.000,1.000,999.00,0.60,0,0
155.60,0.000,0.000,1.000,999.00,0.60,0,0
155.70,0.000,0.000,1.000,999.00,0.60,0,0
155.80,0.000,0.000,1.000,999.00,0.60,0,0
155.90,0.000,0.000,1.000,999.00,0.60,0,0
156.00,0.000,0.000,1.000,999.00,0.60,0,0
156.10,0.000,0.000,1.000,999.00,0.60,0,0
156.20,0.000,0.000,1.000,999.00,0.60,0,0
156.30,0.000,0.000,1.000,999.00,0.60,0,0
156.40,0.000,0.000,1.000,999.00,0.60,0,0
156.50,0.000,0.000,1.000,999.00,0.60,0,0
156.60,0.000,0.000,1.000,999.00,0.60,0,0
156.70,0.000,0.000,1.000,999.00,0.60,0,0
156.80,0.000,0.000,1.000,999.00,0.60,0,0
156.90,0.000,0.000,1.000,999.00,0.60,0,0
157.00,0.000,0.000,1.000,999.00,0.60,0,0
157.10,0.000,0.000,1.000,999.00,0.60,0,0
157.20,0.000,0.000,1.000,999.00,0.60,0,0
157.30,0.000,0.000,1.000,999.00,0.60,0,0
157.40,0.000,0.000,1.000,999.00,0.60,0,0
157.50,0.000,0.000,1.000,999.00,0.60,0,0
157.60,0.000,0.000,1.000,999.00,0.60,0,0
157.70,0.000,0.000,1.000,999.00,0.60,0,0
157.80,0.000,0.000,1.000,999.00,0.60,0,0
157.90,0.000,0.000,1.000,999.00,0.60,0,0
158.00,0.000,0.000,1.000,999.00,0.60,0,0
158.10,0.000,0.000,1.000,999.00,0.60,0,0
158.20,0.000,0.000,1.000,999.00,0.60,0,0
158.30,0.000,0.000,1.000,999.00,0.60,0,0
158.40,0.000,0.000,1.000,999.00,0.60,0,0
158.50,0.000,0.000,1.000,999.00,0.60,0,0
158.60,0.000,0.000,1.000,999.00,0.60,0,0
158.70,0.000,0.000,1.000,999.00,0.60,0,0
158.80,0.000,0.000,1.000,999.00,0.60,0,0
158.90,0.000,0.000,1.000,999.00,0.60,0,0
159.00,0.000,0.000,1.000,999.00,0.60,0,0
159.10,0.000,0.000,1.000,999.00,0.60,0,0
159.20,0.000,0.000,1.000,999.00,0.60,0,0
159.30,0.000,0.000,1.000,999.00,0.60,0,0
159.40,0.000,0.000,1.000,999.00,0.60,0,0
159.50,0.000,0.000,1.000,999.00,0.60,0,0
159.60,0.000,0.000,1.000,999.00,0.60,0,0
159.70,0.000,0.000,1.000,999.00,0.60,0,0
159.80,0.000,0.000,1.000,999.00,0.60,0,0
159.90,0.000,0.000,1.000,999.00,0.60,0,0
160.00,0.000,0.000,1.000,999.00,0.60,0,0
160.10,0.000,0.000,1.000,999.00,0.60,0,0
160.20,0.000,0.000,1.000,999.00,0.60,0,0
160.30,0.000,0.000,1.000,999.00,0.60,0,0
160.40,0.000,0.000,1.000,999.00,0.60,0,0
160.50,0.000,0.000,1.000,999.00,0.60,0,0
160.60,0.000,0.000,1.000,999.00,0.60,0,0
160.70,0.000,0.000,1.000,999.00,0.60,0,0
160.80,0.000,0.000,1.000,999.00,0.60,0,0
160.90,0.000,0.000,1.000,999.00,0.60,0,0
161.00,0.000,0.000,1.000,999.00,0.60,0,0
161.10,0.000,0.000,1.000,999.00,0.60,0,0
161.20,0.000,0.000,1.000,999.00,0.60,0,0
161.30,0.000,0.000,1.000,999.00,0.60,0,0
161.40,0.000,0.000,1.000,999.00,0.60,0,0
161.50,0.000,0.000,1.000,999.00,0.60,0,0
161.60,0.000,0.000,1.000,999.00,0.60,0,0
161.70,0.000,0.000,1.000,999.00,0.60,0,0
161.80,0.000,0.000,1.000,999.00,0.60,0,0
161.90,0.000,0.000,1.000,999.00,0.60,0,0
162.00,0.000,0.000,1.000,999.00,0.60,0,0
162.10,0.000,0.000,1.000,999.00,0.60,0,0
162.20,0.000,0.000,1.000,999.00,0.60,0,0
162.30,0.000,0.000,1.000,999.00,0.60,0,0
162.40,0.000,0.000,1.000,999.00,0.60,0,0
162.50,0.000,0.000,1.000,999.00,0.60,0,0
162.60,0.000,0.000,1.000,999.00,0.60,0,0
162.70,0.000,0.000,1.000,999.00,0.60,0,0
162.80,0.000,0.000,1.000,999.00,0.60,0,0
162.90,0.000,0.000,1.000,999.00,0.60,0,0
163.00,0.000,0.000,1.000,999.00,0.60,0,0
163.10,0.000,0.000,1.000,999.00,0.60,0,0
163.20,0.000,0.000,1.000,999.00,0.60,0,0
163.30,0.000,0.000,1.000,999.00,0.60,0,0
163.40,0.000,0.000,1.000,999.00,0.60,0,0
163.50,0.000,0.000,1.000,999.00,0.60,0,0
163.60,0.000,0.000,1.000,999.00,0.60,0,0
163.70,0.000,0.000,1.000,999.00,0.60,0,0
163.80,0.000,0.000,1.000,999.00,0.60,0,0
163.90,0.000,0.000,1.000,999.00,0.60,0,0
164.00,0.000,0.000,1.000,999.00,0.60,0,0
164.10,0.000,0.000,1.000,999.00,0.60,0,0
164.20,0.000,0.000,1.000,999.00,0.60,0,0
164.30,0.000,0.000,1.000,999.00,0.60,0,0
164.40,0.000,0.000,1.000,999.00,0.60,0,0
164.50,0.000,0.000,1.000,999.00,0.60,0,0
164.60,0.000,0.000,1.000,999.00,0.60,0,0
164.70,0.000,0.000,1.000,999.00,0.60,0,0
164.80,0.000,0.000,1.000,999.00,0.60,0,0
164.90,0.000,0.000,1.000,999.00,0.60,0,0
165.00,0.000,0.000,1.000,999.00,0.60,0,0
165.10,0.000,0.000,1.000,999.00,0.60,0,0
165.20,0.000,0.000,1.000,999.00,0.60,0,0
165.30,0.000,0.000,1.000,999.00,0.60,0,0
165.40,0.000,0.000,1.000,999.00,0.60,0,0
165.50,0.000,0.000,1.000,999.00,0.60,0,0
165.60,0.000,0.000,1.000,999.00,0.60,0,0
165.70,0.000,0.000,1.000,999.00,0.60,0,0
165.80,0.000,0.000,1.000,999.00,0.60,0,0
165.90,0.000,0.000,1.000,999.00,0.60,0,0
166.00,0.000,0.000,1.000,999.00,0.60,0,0
166.10,0.000,0.000,1.000,999.00,0.60,0,0
166.20,0.000,0.000,1.000,999.00,0.60,0,0
166.30,0.000,0.000,1.000,999.00,0.60,0,0
166.40,0.000,0.000,1.000,999.00,0.60,0,0
166.50,0.000,0.000,1.000,999.00,0.60,0,0
166.60,0.000,0.000,1.000,999.00,0.60,0,0
166.70,0.000,0.000,1.000,999.00,0.60,0,0
166.80,0.000,0.000,1.000,999.00,0.60,0,0
166.90,0.000,0.000,1.000,999.00,0.60,0,0
167.00,0.000,0.000,1.000,999.00,0.60,0,0
167.10,0.000,0.000,1.000,999.00,0.60,0,0
167.20,0.000,0.000,1.000,999.00,0.60,0,0
167.30,0.000,0.000,1.000,999.00,0.60,0,0
167.40,0.000,0.000,1.000,999.00,0.60,0,0
167.50,0.000,0.000,1.000,999.00,0.60,0,0
167.60,0.000,0.000,1.000,999.00,0.60,0,0
167.70,0.000,0.000,1.000,999.00,0.60,0,0
167.80,0.000,0.000,1.000,999.00,0.60,0,0
167.90,0.000,0.000,1.000,999.00,0.60,0,0
168.00,0.000,0.000,1.000,999.00,0.60,0,0
168.10,0.000,0.000,1.000,999.00,0.60,0,0
168.20,0.000,0.000,1.000,999.00,0.60,0,0
168.30,0.000,0.000,1.000,999.00,0.60,0,0
168.40,0.000,0.000,1.000,999.00,0.60,0,0
168.50,0.000,0.000,1.000,999.00,0.60,0,0
168.60,0.000,0.000,1.000,999.00,0.60,0,0
168.70,0.000,0.000,1.000,999.00,0.60,0,0
168.80,0.000,0.000,1.000,999.00,0.60,0,0
168.90,0.000,0.000,1.000,999.00,0.60,0,0
169.00,0.000,0.000,1.000,999.00,0.60,0,0
169.10,0.000,0.000,1.000,999.00,0.60,0,0
169.20,0.000,0.000,1.000,999.00,0.60,0,0
169.30,0.000,0.000,1.000,999.00,0.60,0,0
169.40,0.000,0.000,1.000,999.00,0.60,0,0
169.50,0.000,0.000,1.000,999.00,0.60,0,0
169.60,0.000,0.000,1.000,999.00,0.60,0,0
169.70,0.000,0.000,1.000,999.00,0.60,0,0
169.80,0.000,0.000,1.000,999.00,0.60,0,0
169.90,0.000,0.000,1.000,999.00,0.60,0,0
170.00,0.000,0.000,1.000,999.00,0.60,0,0
170.10,0.000,0.000,1.000,999.00,0.60,0,0
170.20,0.000,0.000,1.000,999.00,0.60,0,0
170.30,0.000,0.000,1.000,999.00,0.60,0,0
170.40,0.000,0.000,1.000,999.00,0.60,0,0
170.50,0.000,0.000,1.000,999.00,0.60,0,0
170.60,0.000,0.000,1.000,999.00,0.60,0,0
170.70,0.000,0.000,1.000,999.00,0.60,0,0
170.80,0.000,0.000,1.000,999.00,0.60,0,0
170.90,0.000,0.000,1.000,999.00,0.60,0,0
171.00,0.000,0.000,1.000,999.00,0.60,0,0
171.10,0.000,0.000,1.000,999.00,0.60,0,0
171.20,0.000,0.000,1.000,999.00,0.60,0,0
171.30,0.000,0.000,1.000,999.00,0.60,0,0
171.40,0.000,0.000,1.000,999.00,0.60,0,0
171.50,0.000,0.000,1.000,999.00,0.60,0,0
171.60,0.000,0.000,1.000,999.00,0.60,0,0
171.70,0.000,0.000,1.000,999.00,0.60,0,0
171.80,0.000,0.000,1.000,999.00,0.60,0,0
171.90,0.000,0.000,1.000,999.00,0.60,0,0
172.00,0.000,0.000,1.000,999.00,0.60,0,0
172.10,0.000,0.000,1.000,999.00,0.60,0,0
172.20,0.000,0.000,1.000,999.00,0.60,0,0
172.30,0.000,0.000,1.000,999.00,0.60,0,0
172.40,0.000,0.000,1.000,999.00,0.60,0,0
172.50,0.000,0.000,1.000,999.00,0.60,0,0
172.60,0.000,0.000,1.000,999.00,0.60,0,0
172.70,0.000,0.000,1.000,999.00,0.60,0,0
172.80,0.000,0.000,1.000,999.00,0.60,0,0
172.90,0.000,0.000,1.000,999.00,0.60,0,0
173.00,0.000,0.000,1.000,999.00,0.60,0,0
173.10,0.000,0.000,1.000,999.00,0.60,0,0
173.20,0.000,0.000,1.000,999.00,0.60,0,0
173.30,0.000,0.000,1.000,999.00,0.60,0,0
173.40,0.000,0.000,1.000,999.00,0.60,0,0
173.50,0.000,0.000,1.000,999.00,0.60,0,0
173.60,0.000,0.000,1.000,999.00,0.60,0,0
173.70,0.000,0.000,1.000,999.00,0.60,0,0
173.80,0.000,0.000,1.000,999.00,0.60,0,0
173.90,0.000,0.000,1.000,999.00,0.60,0,0
174.00,0.000,0.000,1.000,999.00,0.60,0,0
174.10,0.000,0.000,1.000,999.00,0.60,0,0
174.20,0.000,0.000,1.000,999.00,0.60,0,0
174.30,0.000,0.000,1.000,999.00,0.60,0,0
174.40,0.000,0.000,1.000,999.00,0.60,0,0
174.50,0.000,0.000,1.000,999.00,0.60,0,0
174.60,0.000,0.000,1.000,999.00,0.60,0,0
174.70,0.000,0.000,1.000,999.00,0.60,0,0
174.80,0.000,0.000,1.000,999.00,0.60,0,0
174.90,0.000,0.000,1.000,999.00,0.60,0,0
175.00,0.000,0.000,1.000,999.00,0.60,0,0
175.10,0.000,0.000,1.000,999.00,0.60,0,0
175.20,0.000,0.000,1.000,999.00,0.60,0,0
175.30,0.000,0.000,1.000,999.00,0.60,0,0
175.40,0.000,0.000,1.000,999.00,0.60,0,0
175.50,0.000,0.000,1.000,999.00,0.60,0,0
175.60,0.000,0.000,1.000,999.00,0.60,0,0
175.70,0.000,0.000,1.000,999.00,0.60,0,0
175.80,0.000,0.000,1.000,999.00,0.60,0,0
175.90,0.000,0.000,1.000,999.00,0.60,0,0
176.00,0.000,0.000,1.000,999.00,0.60,0,0
176.10,0.000,0.000,1.000,999.00,0.60,0,0
176.20,0.000,0.000,1.000,999.00,0.60,0,0
176.30,0.000,0.000,1.000,999.00,0.60,0,0
176.40,0.000,0.000,1.000,999.00,0.60,0,0
176.50,0.000,0.000,1.000,999.00,0.60,0,0
176.60,0.000,0.000,1.000,999.00,0.60,0,0
176.70,0.000,0.000,1.000,999.00,0.60,0,0
176.80,0.000,0.000,1.000,999.00,0.60,0,0
176.90,0.000,0.000,1.000,999.00,0.60,0,0
177.00,0.000,0.000,1.000,999.00,0.60,0,0
177.10,0.000,0.000,1.000,999.00,0.60,0,0
177.20,0.000,0.000,1.000,999.00,0.60,0,0
177.30,0.000,0.000,1.000,999.00,0.60,0,0
177.40,0.000,0.000,1.000,999.00,0.60,0,0
177.50,0.000,0.000,1.000,999.00,0.60,0,0
177.60,0.000,0.000,1.000,999.00,0.60,0,0
177.70,0.000,0.000,1.000,999.00,0.60,0,0
177.80,0.000,0.000,1.000,999.00,0.60,0,0
177.90,0.000,0.000,1.000,999.00,0.60,0,0
178.00,0.000,0.000,1.000,999.00,0.60,0,0
178.10,0.000,0.000,1.000,999.00,0.60,0,0
178.20,0.000,0.000,1.000,999.00,0.60,0,0
178.30,0.000,0.000,1.000,999.00,0.60,0,0
178.40,0.000,0.000,1.000,999.00,0.60,0,0
178.50,0.000,0.000,1.000,999.00,0.60,0,0
178.60,0.000,0.000,1.000,999.00,0.60,0,0
178.70,0.000,0.000,1.000,999.00,0.60,0,0
178.80,0.000,0.000,1.000,999.00,0.60,0,0
178.90,0.000,0.000,1.000,999.00,0.60,0,0
179.00,0.000,0.000,1.000,999.00,0.60,0,0
179.10,0.000,0.000,1.000,999.00,0.60,0,0
179.20,0.000,0.000,1.000,999.00,0.60,0,0
179.30,0.000,0.000,1.000,999.00,0.60,0,0
179.40,0.000,0.000,1.000,999.00,0.60,0,0
179.50,0.000,0.000,1.000,999.00,0.60,0,0
179.60,0.000,0.000,1.000,999.00,0.60,0,0
179.70,0.000,0.000,1.000,999.00,0.60,0,0
179.80,0.000,0.000,1.000,999.00,0.60,0,0
179.90,0.000,0.000,1.000,999.00,0.60,0,0
180.00,0.000,0.000,1.000,999.00,0.60,0,0
180.10,0.000,0.000,1.000,999.00,0.60,0,0
180.20,0.000,0.000,1.000,999.00,0.60,0,0
180.30,0.000,0.000,1.000,999.00,0.60,0,0
180.40,0.000,0.000,1.000,999.00,0.60,0,0
180.50,0.000,0.000,1.000,999.00,0.60,0,0
180.60,0.000,0.000,1.000,999.00,0.60,0,0
180.70,0.000,0.000,1.000,999.00,0.60,0,0
180.81,0.000,0.000,1.000,999.00,0.60,0,0
180.90,0.000,0.000,1.000,999.00,0.60,0,0
181.00,0.000,0.000,1.000,999.00,0.60,0,0
181.10,0.000,0.000,1.000,999.00,0.60,0,0
181.20,0.000,0.000,1.000,999.00,0.60,0,0
181.30,0.000,0.000,1.000,999.00,0.60,0,0
181.40,0.000,0.000,1.000,999.00,0.60,0,0
181.50,0.000,0.000,1.000,999.00,0.60,0,0
181.60,0.000,0.000,1.000,999.00,0.60,0,0
181.70,0.000,0.000,1.000,999.00,0.60,0,0
181.80,0.000,0.000,1.000,999.00,0.60,0,0
181.90,0.000,0.000,1.000,999.00,0.60,0,0
182.00,0.000,0.000,1.000,999.00,0.60,0,0
182.10,0.000,0.000,1.000,999.00,0.60,0,0
182.20,0.000,0.000,1.000,999.00,0.60,0,0
182.30,0.000,0.000,1.000,999.00,0.60,0,0
182.40,0.000,0.000,1.000,999.00,0.60,0,0
182.50,0.000,0.000,1.000,999.00,0.60,0,0
182.60,0.000,0.000,1.000,999.00,0.60,0,0
182.70,0.000,0.000,1.000,999.00,0.60,0,0
182.80,0.000,0.000,1.000,999.00,0.60,0,0
182.90,0.000,0.000,1.000,999.00,0.60,0,0
183.00,0.000,0.000,1.000,999.00,0.60,0,0
183.10,0.000,0.000,1.000,999.00,0.60,0,0
183.20,0.000,0.000,1.000,999.00,0.60,0,0
183.30,0.000,0.000,1.000,999.00,0.60,0,0
183.40,0.000,0.000,1.000,999.00,0.60,0,0
183.50,0.000,0.000,1.000,999.00,0.60,0,0
183.60,0.000,0.000,1.000,999.00,0.60,0,0
183.70,0.000,0.000,1.000,999.00,0.60,0,0
183.80,0.000,0.000,1.000,999.00,0.60,0,0
183.90,0.000,0.000,1.000,999.00,0.60,0,0
184.00,0.000,0.000,1.000,999.00,0.60,0,0
184.10,0.000,0.000,1.000,999.00,0.60,0,0
184.20,0.000,0.000,1.000,999.00,0.60,0,0
184.30,0.000,0.000,1.000,999.00,0.60,0,0
184.40,0.000,0.000,1.000,999.00,0.60,0,0
184.50,0.000,0.000,1.000,999.00,0.60,0,0
184.60,0.000,0.000,1.000,999.00,0.60,0,0
184.70,0.000,0.000,1.000,999.00,0.60,0,0
184.80,0.000,0.000,1.000,999.00,0.60,0,0
184.90,0.000,0.000,1.000,999.00,0.60,0,0
185.00,0.000,0.000,1.000,999.00,0.60,0,0
185.10,0.000,0.000,1.000,999.00,0.60,0,0
185.20,0.000,0.000,1.000,999.00,0.60,0,0
185.30,0.000,0.000,1.000,999.00,0.60,0,0
185.40,0.000,0.000,1.000,999.00,0.60,0,0
185.50,0.000,0.000,1.000,999.00,0.60,0,0
185.60,0.000,0.000,1.000,999.00,0.60,0,0
185.70,0.000,0.000,1.000,999.00,0.60,0,0
185.80,0.000,0.000,1.000,999.00,0.60,0,0
185.90,0.000,0.000,1.000,999.00,0.60,0,0
186.00,0.000,0.000,1.000,999.00,0.60,0,0
186.10,0.000,0.000,1.000,999.00,0.60,0,0
186.20,0.000,0.000,1.000,999.00,0.60,0,0
186.30,0.000,0.000,1.000,999.00,0.60,0,0
186.40,0.000,0.000,1.000,999.00,0.60,0,0
186.50,0.000,0.000,1.000,999.00,0.60,0,0
186.60,0.000,0.000,1.000,999.00,0.60,0,0
186.70,0.000,0.000,1.000,999.00,0.60,0,0
186.80,0.000,0.000,1.000,999.00,0.60,0,0
186.90,0.000,0.000,1.000,999.00,0.60,0,0
187.00,0.000,0.000,1.000,999.00,0.60,0,0
187.10,0.000,0.000,1.000,999.00,0.60,0,0
187.20,0.000,0.000,1.000,999.00,0.60,0,0
187.30,0.000,0.000,1.000,999.00,0.60,0,0
187.40,0.000,0.000,1.000,999.00,0.60,0,0
187.50,0.000,0.000,1.000,999.00,0.60,0,0
187.60,0.000,0.000,1.000,999.00,0.60,0,0
187.70,0.000,0.000,1.000,999.00,0.60,0,0
187.80,0.000,0.000,1.000,999.00,0.60,0,0
187.90,0.000,0.000,1.000,999.00,0.60,0,0
188.00,0.000,0.000,1.000,999.00,0.60,0,0
188.10,0.000,0.000,1.000,999.00,0.60,0,0
188.20,0.000,0.000,1.000,999.00,0.60,0,0
188.30,0.000,0.000,1.000,999.00,0.60,0,0
188.40,0.000,0.000,1.000,999.00,0.60,0,0
188.50,0.000,0.000,1.000,999.00,0.60,0,0
188.60,0.000,0.000,1.000,999.00,0.60,0,0
188.70,0.000,0.000,1.000,999.00,0.60,0,0
188.80,0.000,0.000,1.000,999.00,0.60,0,0
188.90,0.000,0.000,1.000,999.00,0.60,0,0
189.00,0.000,0.000,1.000,999.00,0.60,0,0
189.10,0.000,0.000,1.000,999.00,0.60,0,0
189.20,0.000,0.000,1.000,999.00,0.60,0,0
189.30,0.000,0.000,1.000,999.00,0.60,0,0
189.41,0.000,0.000,1.000,999.00,0.60,0,0
189.50,0.000,0.000,1.000,999.00,0.60,0,0
189.60,0.000,0.000,1.000,999.00,0.60,0,0
189.70,0.000,0.000,1.000,999.00,0.60,0,0
189.80,0.000,0.000,1.000,999.00,0.60,0,0
189.90,0.000,0.000,1.000,999.00,0.60,0,0
190.00,0.000,0.000,1.000,999.00,0.60,0,0
190.10,0.000,0.000,1.000,999.00,0.60,0,0
190.20,0.000,0.000,1.000,999.00,0.60,0,0
190.30,0.000,0.000,1.000,999.00,0.60,0,0
190.40,0.000,0.000,1.000,999.00,0.60,0,0
190.50,0.000,0.000,1.000,999.00,0.60,0,0
190.60,0.000,0.000,1.000,999.00,0.60,0,0
190.70,0.000,0.000,1.000,999.00,0.60,0,0
190.80,0.000,0.000,1.000,999.00,0.60,0,0
190.90,0.000,0.000,1.000,999.00,0.60,0,0
191.00,0.000,0.000,1.000,999.00,0.60,0,0
191.10,0.000,0.000,1.000,999.00,0.60,0,0
191.20,0.000,0.000,1.000,999.00,0.60,0,0
191.30,0.000,0.000,1.000,999.00,0.60,0,0
191.40,0.000,0.000,1.000,999.00,0.60,0,0
191.50,0.000,0.000,1.000,999.00,0.60,0,0
191.60,0.000,0.000,1.000,999.00,0.60,0,0
191.70,0.000,0.000,1.000,999.00,0.60,0,0
191.80,0.000,0.000,1.000,999.00,0.60,0,0
191.90,0.000,0.000,1.000,999.00,0.60,0,0
192.00,0.000,0.000,1.000,999.00,0.60,0,0
192.10,0.000,0.000,1.000,999.00,0.60,0,0
192.20,0.000,0.000,1.000,999.00,0.60,0,0
192.30,0.000,0.000,1.000,999.00,0.60,0,0
192.40,0.000,0.000,1.000,999.00,0.60,0,0
192.50,0.000,0.000,1.000,999.00,0.60,0,0
192.60,0.000,0.000,1.000,999.00,0.60,0,0
192.70,0.000,0.000,1.000,999.00,0.60,0,0
192.80,0.000,0.000,1.000,999.00,0.60,0,0
192.90,0.000,0.000,1.000,999.00,0.60,0,0
193.00,0.000,0.000,1.000,999.00,0.60,0,0
193.10,0.000,0.000,1.000,999.00,0.60,0,0
193.20,0.000,0.000,1.000,999.00,0.60,0,0
193.30,0.000,0.000,1.000,999.00,0.60,0,0
193.40,0.000,0.000,1.000,999.00,0.60,0,0
193.50,0.000,0.000,1.000,999.00,0.60,0,0
193.60,0.000,0.000,1.000,999.00,0.60,0,0
193.70,0.000,0.000,1.000,999.00,0.60,0,0
193.80,0.000,0.000,1.000,999.00,0.60,0,0
193.90,0.000,0.000,1.000,999.00,0.60,0,0
194.00,0.000,0.000,1.000,999.00,0.60,0,0
194.10,0.000,0.000,1.000,999.00,0.60,0,0
194.20,0.000,0.000,1.000,999.00,0.60,0,0
194.30,0.000,0.000,1.000,999.00,0.60,0,0
194.40,0.000,0.000,1.000,999.00,0.60,0,0
194.50,0.000,0.000,1.000,999.00,0.60,0,0
194.60,0.000,0.000,1.000,999.00,0.60,0,0
194.70,0.000,0.000,1.000,999.00,0.60,0,0
194.80,0.000,0.000,1.000,999.00,0.60,0,0
194.90,0.000,0.000,1.000,999.00,0.60,0,0
195.00,0.000,0.000,1.000,999.00,0.60,0,0
195.10,0.000,0.000,1.000,999.00,0.60,0,0
195.20,0.000,0.000,1.000,999.00,0.60,0,0
195.30,0.000,0.000,1.000,999.00,0.60,0,0
195.40,0.000,0.000,1.000,999.00,0.60,0,0
195.50,0.000,0.000,1.000,999.00,0.60,0,0
195.60,0.000,0.000,1.000,999.00,0.60,0,0
195.70,0.000,0.000,1.000,999.00,0.60,0,0
195.80,0.000,0.000,1.000,999.00,0.60,0,0
195.90,0.000,0.000,1.000,999.00,0.60,0,0
196.00,0.000,0.000,1.000,999.00,0.60,0,0
196.10,0.000,0.000,1.000,999.00,0.60,0,0
196.20,0.000,0.000,1.000,999.00,0.60,0,0
196.30,0.000,0.000,1.000,999.00,0.60,0,0
196.40,0.000,0.000,1.000,999.00,0.60,0,0
196.50,0.000,0.000,1.000,999.00,0.60,0,0
196.60,0.000,0.000,1.000,999.00,0.60,0,0
196.70,0.000,0.000,1.000,999.00,0.60,0,0
196.80,0.000,0.000,1.000,999.00,0.60,0,0
196.90,0.000,0.000,1.000,999.00,0.60,0,0
197.00,0.000,0.000,1.000,999.00,0.60,0,0
197.10,0.000,0.000,1.000,999.00,0.60,0,0
197.20,0.000,0.000,1.000,999.00,0.60,0,0
197.30,0.000,0.000,1.000,999.00,0.60,0,0
197.40,0.000,0.000,1.000,999.00,0.60,0,0
197.50,0.000,0.000,1.000,999.00,0.60,0,0
197.60,0.000,0.000,1.000,999.00,0.60,0,0
197.70,0.000,0.000,1.000,999.00,0.60,0,0
197.80,0.000,0.000,1.000,999.00,0.60,0,0
197.90,0.000,0.000,1.000,999.00,0.60,0,0
198.00,0.000,0.000,1.000,999.00,0.60,0,0
198.10,0.000,0.000,1.000,999.00,0.60,0,0
198.20,0.000,0.000,1.000,999.00,0.60,0,0
198.30,0.000,0.000,1.000,999.00,0.60,0,0
198.40,0.000,0.000,1.000,999.00,0.60,0,0
198.50,0.000,0.000,1.000,999.00,0.60,0,0
198.60,0.000,0.000,1.000,999.00,0.60,0,0
198.70,0.000,0.000,1.000,999.00,0.60,0,0
198.80,0.000,0.000,1.000,999.00,0.60,0,0
198.90,0.000,0.000,1.000,999.00,0.60,0,0
199.00,0.000,0.000,1.000,999.00,0.60,0,0
199.10,0.000,0.000,1.000,999.00,0.60,0,0
199.20,0.000,0.000,1.000,999.00,0.60,0,0
199.30,0.000,0.000,1.000,999.00,0.60,0,0
199.40,0.000,0.000,1.000,999.00,0.60,0,0
199.50,0.000,0.000,1.000,999.00,0.60,0,0
199.60,0.000,0.000,1.000,999.00,0.60,0,0
199.70,0.000,0.000,1.000,999.00,0.60,0,0
199.80,0.000,0.000,1.000,999.00,0.60,0,0
199.90,0.000,0.000,1.000,999.00,0.60,0,0
200.00,0.000,0.000,1.000,999.00,0.60,0,0
200.10,0.000,0.000,1.000,999.00,0.60,0,0
200.20,0.000,0.000,1.000,999.00,0.60,0,0
200.30,0.000,0.000,1.000,999.00,0.60,0,0
200.40,0.000,0.000,1.000,999.00,0.60,0,0
200.50,0.000,0.000,1.000,999.00,0.60,0,0
200.60,0.000,0.000,1.000,999.00,0.60,0,0
200.70,0.000,0.000,1.000,999.00,0.60,0,0
200.80,0.000,0.000,1.000,999.00,0.60,0,0
200.90,0.000,0.000,1.000,999.00,0.60,0,0
201.00,0.000,0.000,1.000,999.00,0.60,0,0
201.10,0.000,0.000,1.000,999.00,0.60,0,0
201.20,0.000,0.000,1.000,999.00,0.60,0,0
201.31,0.000,0.000,1.000,999.00,0.60,0,0
201.40,0.000,0.000,1.000,999.00,0.60,0,0
201.50,0.000,0.000,1.000,999.00,0.60,0,0
201.60,0.000,0.000,1.000,999.00,0.60,0,0
201.70,0.000,0.000,1.000,999.00,0.60,0,0
201.80,0.000,0.000,1.000,999.00,0.60,0,0
201.90,0.000,0.000,1.000,999.00,0.60,0,0
202.00,0.000,0.000,1.000,999.00,0.60,0,0
202.10,0.000,0.000,1.000,999.00,0.60,0,0
202.20,0.000,0.000,1.000,999.00,0.60,0,0
202.30,0.000,0.000,1.000,999.00,0.60,0,0
202.40,0.000,0.000,1.000,999.00,0.60,0,0
202.50,0.000,0.000,1.000,999.00,0.60,0,0
202.60,0.000,0.000,1.000,999.00,0.60,0,0
202.70,0.000,0.000,1.000,999.00,0.60,0,0
202.80,0.000,0.000,1.000,999.00,0.60,0,0
202.90,0.000,0.000,1.000,999.00,0.60,0,0
203.00,0.000,0.000,1.000,999.00,0.60,0,0
203.10,0.000,0.000,1.000,999.00,0.60,0,0
203.20,0.000,0.000,1.000,999.00,0.60,0,0
203.30,0.000,0.000,1.000,999.00,0.60,0,0
203.40,0.000,0.000,1.000,999.00,0.60,0,0
203.50,0.000,0.000,1.000,999.00,0.60,0,0
203.60,0.000,0.000,1.000,999.00,0.60,0,0
203.70,0.000,0.000,1.000,999.00,0.60,0,0
203.80,0.000,0.000,1.000,999.00,0.60,0,0
203.90,0.000,0.000,1.000,999.00,0.60,0,0
204.00,0.000,0.000,1.000,999.00,0.60,0,0
204.10,0.000,0.000,1.000,999.00,0.60,0,0
204.20,0.000,0.000,1.000,999.00,0.60,0,0
204.30,0.000,0.000,1.000,999.00,0.60,0,0
204.40,0.000,0.000,1.000,999.00,0.60,0,0
204.50,0.000,0.000,1.000,999.00,0.60,0,0
204.60,0.000,0.000,1.000,999.00,0.60,0,0
204.70,0.000,0.000,1.000,999.00,0.60,0,0
204.80,0.000,0.000,1.000,999.00,0.60,0,0
204.90,0.000,0.000,1.000,999.00,0.60,0,0
205.00,0.000,0.000,1.000,999.00,0.60,0,0
205.10,0.000,0.000,1.000,999.00,0.60,0,0
205.20,0.000,0.000,1.000,999.00,0.60,0,0
205.30,0.000,0.000,1.000,999.00,0.60,0,0
205.40,0.000,0.000,1.000,999.00,0.60,0,0
205.50,0.000,0.000,1.000,999.00,0.60,0,0
205.60,0.000,0.000,1.000,999.00,0.60,0,0
205.70,0.000,0.000,1.000,999.00,0.60,0,0
205.80,0.000,0.000,1.000,999.00,0.60,0,0
205.90,0.000,0.000,1.000,999.00,0.60,0,0
206.00,0.000,0.000,1.000,999.00,0.60,0,0
206.10,0.000,0.000,1.000,999.00,0.60,0,0
206.20,0.000,0.000,1.000,999.00,0.60,0,0
206.30,0.000,0.000,1.000,999.00,0.60,0,0
206.41,0.000,0.000,1.000,999.00,0.60,0,0
206.50,0.000,0.000,1.000,999.00,0.60,0,0
206.60,0.000,0.000,1.000,999.00,0.60,0,0
206.70,0.000,0.000,1.000,999.00,0.60,0,0
206.80,0.000,0.000,1.000,999.00,0.60,0,0
206.90,0.000,0.000,1.000,999.00,0.60,0,0
207.00,0.000,0.000,1.000,999.00,0.60,0,0
207.10,0.000,0.000,1.000,999.00,0.60,0,0
207.20,0.000,0.000,1.000,999.00,0.60,0,0
207.30,0.000,0.000,1.000,999.00,0.60,0,0
207.40,0.000,0.000,1.000,999.00,0.60,0,0
207.50,0.000,0.000,1.000,999.00,0.60,0,0
207.60,0.000,0.000,1.000,999.00,0.60,0,0
207.70,0.000,0.000,1.000,999.00,0.60,0,0
207.80,0.000,0.000,1.000,999.00,0.60,0,0
207.90,0.000,0.000,1.000,999.00,0.60,0,0
208.00,0.000,0.000,1.000,999.00,0.60,0,0
208.10,0.000,0.000,1.000,999.00,0.60,0,0
208.20,0.000,0.000,1.000,999.00,0.60,0,0
208.30,0.000,0.000,1.000,999.00,0.60,0,0
208.40,0.000,0.000,1.000,999.00,0.60,0,0
208.50,0.000,0.000,1.000,999.00,0.60,0,0
208.60,0.000,0.000,1.000,999.00,0.60,0,0
208.70,0.000,0.000,1.000,999.00,0.60,0,0
208.80,0.000,0.000,1.000,999.00,0.60,0,0
208.90,0.000,0.000,1.000,999.00,0.60,0,0
209.00,0.000,0.000,1.000,999.00,0.60,0,0
209.10,0.000,0.000,1.000,999.00,0.60,0,0
209.20,0.000,0.000,1.000,999.00,0.60,0,0
209.30,0.000,0.000,1.000,999.00,0.60,0,0
209.40,0.000,0.000,1.000,999.00,0.60,0,0
209.50,0.000,0.000,1.000,999.00,0.60,0,0
209.60,0.000,0.000,1.000,999.00,0.60,0,0
209.70,0.000,0.000,1.000,999.00,0.60,0,0
209.80,0.000,0.000,1.000,999.00,0.60,0,0
209.90,0.000,0.000,1.000,999.00,0.60,0,0
210.00,0.000,0.000,1.000,999.00,0.60,0,0
210.10,0.000,0.000,1.000,999.00,0.60,0,0
210.20,0.000,0.000,1.000,999.00,0.60,0,0
210.30,0.000,0.000,1.000,999.00,0.60,0,0
210.40,0.000,0.000,1.000,999.00,0.60,0,0
210.50,0.000,0.000,1.000,999.00,0.60,0,0
210.60,0.000,0.000,1.000,999.00,0.60,0,0
210.70,0.000,0.000,1.000,999.00,0.60,0,0
210.80,0.000,0.000,1.000,999.00,0.60,0,0
210.90,0.000,0.000,1.000,999.00,0.60,0,0
211.00,0.000,0.000,1.000,999.00,0.60,0,0
211.10,0.000,0.000,1.000,999.00,0.60,0,0
211.20,0.000,0.000,1.000,999.00,0.60,0,0
211.30,0.000,0.000,1.000,999.00,0.60,0,0
211.40,0.000,0.000,1.000,999.00,0.60,0,0
211.50,0.000,0.000,1.000,999.00,0.60,0,0
211.60,0.000,0.000,1.000,999.00,0.60,0,0
211.70,0.000,0.000,1.000,999.00,0.60,0,0
211.80,0.000,0.000,1.000,999.00,0.60,0,0
211.90,0.000,0.000,1.000,999.00,0.60,0,0
212.00,0.000,0.000,1.000,999.00,0.60,0,0
212.10,0.000,0.000,1.000,999.00,0.60,0,0
212.20,0.000,0.000,1.000,999.00,0.60,0,0
212.30,0.000,0.000,1.000,999.00,0.60,0,0
212.40,0.000,0.000,1.000,999.00,0.60,0,0
212.50,0.000,0.000,1.000,999.00,0.60,0,0
212.60,0.000,0.000,1.000,999.00,0.60,0,0
212.70,0.000,0.000,1.000,999.00,0.60,0,0
212.80,0.000,0.000,1.000,999.00,0.60,0,0
212.90,0.000,0.000,1.000,999.00,0.60,0,0
213.00,0.000,0.000,1.000,999.00,0.60,0,0
213.10,0.000,0.000,1.000,999.00,0.60,0,0
213.20,0.000,0.000,1.000,999.00,0.60,0,0
213.30,0.000,0.000,1.000,999.00,0.60,0,0
213.40,0.000,0.000,1.000,999.00,0.60,0,0
213.50,0.000,0.000,1.000,999.00,0.60,0,0
213.60,0.000,0.000,1.000,999.00,0.60,0,0
213.70,0.000,0.000,1.000,999.00,0.60,0,0
213.80,0.000,0.000,1.000,999.00,0.60,0,0
213.90,0.000,0.000,1.000,999.00,0.60,0,0
214.00,0.000,0.000,1.000,999.00,0.60,0,0
214.10,0.000,0.000,1.000,999.00,0.60,0,0
214.20,0.000,0.000,1.000,999.00,0.60,0,0
214.30,0.000,0.000,1.000,999.00,0.60,0,0
214.40,0.000,0.000,1.000,999.00,0.60,0,0
214.50,0.000,0.000,1.000,999.00,0.60,0,0
214.60,0.000,0.000,1.000,999.00,0.60,0,0
214.70,0.000,0.000,1.000,999.00,0.60,0,0
214.80,0.000,0.000,1.000,999.00,0.60,0,0
214.90,0.000,0.000,1.000,999.00,0.60,0,0
215.00,0.000,0.000,1.000,999.00,0.60,0,0
215.10,0.000,0.000,1.000,999.00,0.60,0,0
215.20,0.000,0.000,1.000,999.00,0.60,0,0
215.30,0.000,0.000,1.000,999.00,0.60,0,0
215.40,0.000,0.000,1.000,999.00,0.60,0,0
215.50,0.000,0.000,1.000,999.00,0.60,0,0
215.60,0.000,0.000,1.000,999.00,0.60,0,0
215.70,0.000,0.000,1.000,999.00,0.60,0,0
215.80,0.000,0.000,1.000,999.00,0.60,0,0
215.90,0.000,0.000,1.000,999.00,0.60,0,0
216.00,0.000,0.000,1.000,999.00,0.60,0,0
216.10,0.000,0.000,1.000,999.00,0.60,0,0
216.20,0.000,0.000,1.000,999.00,0.60,0,0
216.30,0.000,0.000,1.000,999.00,0.60,0,0
216.40,0.000,0.000,1.000,999.00,0.60,0,0
216.50,0.000,0.000,1.000,999.00,0.60,0,0
216.60,0.000,0.000,1.000,999.00,0.60,0,0
216.70,0.000,0.000,1.000,999.00,0.60,0,0
216.80,0.000,0.000,1.000,999.00,0.60,0,0
216.90,0.000,0.000,1.000,999.00,0.60,0,0
217.00,0.000,0.000,1.000,999.00,0.60,0,0
217.10,0.000,0.000,1.000,999.00,0.60,0,0
217.20,0.000,0.000,1.000,999.00,0.60,0,0
217.30,0.000,0.000,1.000,999.00,0.60,0,0
217.40,0.000,0.000,1.000,999.00,0.60,0,0
217.50,0.000,0.000,1.000,999.00,0.60,0,0
217.60,0.000,0.000,1.000,999.00,0.60,0,0
217.70,0.000,0.000,1.000,999.00,0.60,0,0
217.80,0.000,0.000,1.000,999.00,0.60,0,0
217.90,0.000,0.000,1.000,999.00,0.60,0,0
218.00,0.000,0.000,1.000,999.00,0.60,0,0
218.10,0.000,0.000,1.000,999.00,0.60,0,0
218.20,0.000,0.000,1.000,999.00,0.60,0,0
218.30,0.000,0.000,1.000,999.00,0.60,0,0
218.40,0.000,0.000,1.000,999.00,0.60,0,0
218.50,0.000,0.000,1.000,999.00,0.60,0,0
218.60,0.000,0.000,1.000,999.00,0.60,0,0
218.70,0.000,0.000,1.000,999.00,0.60,0,0
218.81,0.000,0.000,1.000,999.00,0.60,0,0
218.90,0.000,0.000,1.000,999.00,0.60,0,0
219.00,0.000,0.000,1.000,999.00,0.60,0,0
219.10,0.000,0.000,1.000,999.00,0.60,0,0
219.20,0.000,0.000,1.000,999.00,0.60,0,0
219.30,0.000,0.000,1.000,999.00,0.60,0,0
219.40,0.000,0.000,1.000,999.00,0.60,0,0
219.50,0.000,0.000,1.000,999.00,0.60,0,0
219.60,0.000,0.000,1.000,999.00,0.60,0,0
219.70,0.000,0.000,1.000,999.00,0.60,0,0
219.80,0.000,0.000,1.000,999.00,0.60,0,0
219.90,0.000,0.000,1.000,999.00,0.60,0,0
220.00,0.000,0.000,1.000,999.00,0.60,0,0
220.10,0.000,0.000,1.000,999.00,0.60,0,0
220.20,0.000,0.000,1.000,999.00,0.60,0,0
220.30,0.000,0.000,1.000,999.00,0.60,0,0
220.40,0.000,0.000,1.000,999.00,0.60,0,0
220.50,0.000,0.000,1.000,999.00,0.60,0,0
220.60,0.000,0.000,1.000,999.00,0.60,0,0
220.70,0.000,0.000,1.000,999.00,0.60,0,0
220.80,0.000,0.000,1.000,999.00,0.60,0,0
220.90,0.000,0.000,1.000,999.00,0.60,0,0
221.00,0.000,0.000,1.000,999.00,0.60,0,0
221.10,0.000,0.000,1.000,999.00,0.60,0,0
221.20,0.000,0.000,1.000,999.00,0.60,0,0
221.30,0.000,0.000,1.000,999.00,0.60,0,0
221.40,0.000,0.000,1.000,999.00,0.60,0,0
221.50,0.000,0.000,1.000,999.00,0.60,0,0
221.60,0.000,0.000,1.000,999.00,0.60,0,0
221.70,0.000,0.000,1.000,999.00,0.60,0,0
221.80,0.000,0.000,1.000,999.00,0.60,0,0
221.90,0.000,0.000,1.000,999.00,0.60,0,0
222.00,0.000,0.000,1.000,999.00,0.60,0,0
222.10,0.000,0.000,1.000,999.00,0.60,0,0
222.20,0.000,0.000,1.000,999.00,0.60,0,0
222.30,0.000,0.000,1.000,999.00,0.60,0,0
222.40,0.000,0.000,1.000,999.00,0.60,0,0
222.50,0.000,0.000,1.000,999.00,0.60,0,0
222.60,0.000,0.000,1.000,999.00,0.60,0,0
222.70,0.000,0.000,1.000,999.00,0.60,0,0
222.80,0.000,0.000,1.000,999.00,0.60,0,0
222.90,0.000,0.000,1.000,999.00,0.60,0,0
223.00,0.000,0.000,1.000,999.00,0.60,0,0
223.10,0.000,0.000,1.000,999.00,0.60,0,0
223.20,0.000,0.000,1.000,999.00,0.60,0,0
223.30,0.000,0.000,1.000,999.00,0.60,0,0
223.40,0.000,0.000,1.000,999.00,0.60,0,0
223.50,0.000,0.000,1.000,999.00,0.60,0,0
223.60,0.000,0.000,1.000,999.00,0.60,0,0
223.70,0.000,0.000,1.000,999.00,0.60,0,0
223.80,0.000,0.000,1.000,999.00,0.60,0,0
223.90,0.000,0.000,1.000,999.00,0.60,0,0
224.00,0.000,0.000,1.000,999.00,0.60,0,0
224.10,0.000,0.000,1.000,999.00,0.60,0,0
224.20,0.000,0.000,1.000,999.00,0.60,0,0
224.30,0.000,0.000,1.000,999.00,0.60,0,0
224.40,0.000,0.000,1.000,999.00,0.60,0,0
224.50,0.000,0.000,1.000,999.00,0.60,0,0
224.60,0.000,0.000,1.000,999.00,0.60,0,0
224.70,0.000,0.000,1.000,999.00,0.60,0,0
224.80,0.000,0.000,1.000,999.00,0.60,0,0
224.90,0.000,0.000,1.000,999.00,0.60,0,0
225.00,0.000,0.000,1.000,999.00,0.60,0,0
225.10,0.000,0.000,1.000,999.00,0.60,0,0
225.20,0.000,0.000,1.000,999.00,0.60,0,0
225.30,0.000,0.000,1.000,999.00,0.60,0,0
225.40,0.000,0.000,1.000,999.00,0.60,0,0
225.50,0.000,0.000,1.000,999.00,0.60,0,0
225.60,0.000,0.000,1.000,999.00,0.60,0,0
225.70,0.000,0.000,1.000,999.00,0.60,0,0
225.80,0.000,0.000,1.000,999.00,0.60,0,0
225.90,0.000,0.000,1.000,999.00,0.60,0,0
226.00,0.000,0.000,1.000,999.00,0.60,0,0
226.10,0.000,0.000,1.000,999.00,0.60,0,0
226.20,0.000,0.000,1.000,999.00,0.60,0,0
226.30,0.000,0.000,1.000,999.00,0.60,0,0
226.40,0.000,0.000,1.000,999.00,0.60,0,0
226.50,0.000,0.000,1.000,999.00,0.60,0,0
226.60,0.000,0.000,1.000,999.00,0.60,0,0
226.70,0.000,0.000,1.000,999.00,0.60,0,0
226.80,0.000,0.000,1.000,999.00,0.60,0,0
226.90,0.000,0.000,1.000,999.00,0.60,0,0
227.00,0.000,0.000,1.000,999.00,0.60,0,0
227.10,0.000,0.000,1.000,999.00,0.60,0,0
227.20,0.000,0.000,1.000,999.00,0.60,0,0
227.30,0.000,0.000,1.000,999.00,0.60,0,0
227.40,0.000,0.000,1.000,999.00,0.60,0,0
227.50,0.000,0.000,1.000,999.00,0.60,0,0
227.60,0.000,0.000,1.000,999.00,0.60,0,0
227.70,0.000,0.000,1.000,999.00,0.60,0,0
227.80,0.000,0.000,1.000,999.00,0.60,0,0
227.90,0.000,0.000,1.000,999.00,0.60,0,0
228.00,0.000,0.000,1.000,999.00,0.60,0,0
228.10,0.000,0.000,1.000,999.00,0.60,0,0
228.20,0.000,0.000,1.000,999.00,0.60,0,0
228.30,0.000,0.000,1.000,999.00,0.60,0,0
228.40,0.000,0.000,1.000,999.00,0.60,0,0
228.50,0.000,0.000,1.000,999.00,0.60,0,0
228.60,0.000,0.000,1.000,999.00,0.60,0,0
228.70,0.000,0.000,1.000,999.00,0.60,0,0
228.80,0.000,0.000,1.000,999.00,0.60,0,0
228.90,0.000,0.000,1.000,999.00,0.60,0,0
229.00,0.000,0.000,1.000,999.00,0.60,0,0
229.10,0.000,0.000,1.000,999.00,0.60,0,0
229.20,0.000,0.000,1.000,999.00,0.60,0,0
229.30,0.000,0.000,1.000,999.00,0.60,0,0
229.40,0.000,0.000,1.000,999.00,0.60,0,0
229.50,0.000,0.000,1.000,999.00,0.60,0,0
229.60,0.000,0.000,1.000,999.00,0.60,0,0
229.70,0.000,0.000,1.000,999.00,0.60,0,0
229.80,0.000,0.000,1.000,999.00,0.60,0,0
229.90,0.000,0.000,1.000,999.00,0.60,0,0
230.00,0.000,0.000,1.000,999.00,0.60,0,0
230.10,0.000,0.000,1.000,999.00,0.60,0,0
230.20,0.000,0.000,1.000,999.00,0.60,0,0
230.30,0.000,0.000,1.000,999.00,0.60,0,0
230.40,0.000,0.000,1.000,999.00,0.60,0,0
230.50,0.000,0.000,1.000,999.00,0.60,0,0
230.60,0.000,0.000,1.000,999.00,0.60,0,0
230.70,0.000,0.000,1.000,999.00,0.60,0,0
230.80,0.000,0.000,1.000,999.00,0.60,0,0
230.90,0.000,0.000,1.000,999.00,0.60,0,0
231.00,0.000,0.000,1.000,999.00,0.60,0,0
231.10,0.000,0.000,1.000,999.00,0.60,0,0
231.20,0.000,0.000,1.000,999.00,0.60,0,0
231.30,0.000,0.000,1.000,999.00,0.60,0,0
231.40,0.000,0.000,1.000,999.00,0.60,0,0
231.50,0.000,0.000,1.000,999.00,0.60,0,0
231.60,0.000,0.000,1.000,999.00,0.60,0,0
231.70,0.000,0.000,1.000,999.00,0.60,0,0
231.80,0.000,0.000,1.000,999.00,0.60,0,0
231.90,0.000,0.000,1.000,999.00,0.60,0,0
232.00,0.000,0.000,1.000,999.00,0.60,0,0
232.10,0.000,0.000,1.000,999.00,0.60,0,0
232.20,0.000,0.000,1.000,999.00,0.60,0,0
232.30,0.000,0.000,1.000,999.00,0.60,0,0
232.40,0.000,0.000,1.000,999.00,0.60,0,0
232.50,0.000,0.000,1.000,999.00,0.60,0,0
232.60,0.000,0.000,1.000,999.00,0.60,0,0
232.70,0.000,0.000,1.000,999.00,0.60,0,0
232.80,0.000,0.000,1.000,999.00,0.60,0,0
232.90,0.000,0.000,1.000,999.00,0.60,0,0
233.00,0.000,0.000,1.000,999.00,0.60,0,0
233.10,0.000,0.000,1.000,999.00,0.60,0,0
233.20,0.000,0.000,1.000,999.00,0.60,0,0
233.30,0.000,0.000,1.000,999.00,0.60,0,0
233.40,0.000,0.000,1.000,999.00,0.60,0,0
233.50,0.000,0.000,1.000,999.00,0.60,0,0
233.60,0.000,0.000,1.000,999.00,0.60,0,0
233.70,0.000,0.000,1.000,999.00,0.60,0,0
233.80,0.000,0.000,1.000,999.00,0.60,0,0
233.90,0.000,0.000,1.000,999.00,0.60,0,0
234.00,0.000,0.000,1.000,999.00,0.60,0,0
234.10,0.000,0.000,1.000,999.00,0.60,0,0
234.20,0.000,0.000,1.000,999.00,0.60,0,0
234.30,0.000,0.000,1.000,999.00,0.60,0,0
234.40,0.000,0.000,1.000,999.00,0.60,0,0
234.50,0.000,0.000,1.000,999.00,0.60,0,0
234.60,0.000,0.000,1.000,999.00,0.60,0,0
234.70,0.000,0.000,1.000,999.00,0.60,0,0
234.80,0.000,0.000,1.000,999.00,0.60,0,0
234.90,0.000,0.000,1.000,999.00,0.60,0,0
235.00,0.000,0.000,1.000,999.00,0.60,0,0
235.10,0.000,0.000,1.000,999.00,0.60,0,0
235.20,0.000,0.000,1.000,999.00,0.60,0,0
235.30,0.000,0.000,1.000,999.00,0.60,0,0
235.40,0.000,0.000,1.000,999.00,0.60,0,0
235.50,0.000,0.000,1.000,999.00,0.60,0,0
235.60,0.000,0.000,1.000,999.00,0.60,0,0
235.70,0.000,0.000,1.000,999.00,0.60,0,0
235.80,0.000,0.000,1.000,999.00,0.60,0,0
235.90,0.000,0.000,1.000,999.00,0.60,0,0
236.00,0.000,0.000,1.000,999.00,0.60,0,0
236.10,0.000,0.000,1.000,999.00,0.60,0,0
236.20,0.000,0.000,1.000,999.00,0.60,0,0
236.30,0.000,0.000,1.000,999.00,0.60,0,0
236.40,0.000,0.000,1.000,999.00,0.60,0,0
236.50,0.000,0.000,1.000,999.00,0.60,0,0
236.60,0.000,0.000,1.000,999.00,0.60,0,0
236.70,0.000,0.000,1.000,999.00,0.60,0,0
236.80,0.000,0.000,1.000,999.00,0.60,0,0
236.90,0.000,0.000,1.000,999.00,0.60,0,0
237.00,0.000,0.000,1.000,999.00,0.60,0,0
237.10,0.000,0.000,1.000,999.00,0.60,0,0
237.20,0.000,0.000,1.000,999.00,0.60,0,0
237.30,0.000,0.000,1.000,999.00,0.60,0,0
237.40,0.000,0.000,1.000,999.00,0.60,0,0
237.50,0.000,0.000,1.000,999.00,0.60,0,0
237.60,0.000,0.000,1.000,999.00,0.60,0,0
237.70,0.000,0.000,1.000,999.00,0.60,0,0
237.80,0.000,0.000,1.000,999.00,0.60,0,0
237.90,0.000,0.000,1.000,999.00,0.60,0,0
238.00,0.000,0.000,1.000,999.00,0.60,0,0
238.10,0.000,0.000,1.000,999.00,0.60,0,0
238.20,0.000,0.000,1.000,999.00,0.60,0,0
238.30,0.000,0.000,1.000,999.00,0.60,0,0
238.40,0.000,0.000,1.000,999.00,0.60,0,0
238.50,0.000,0.000,1.000,999.00,0.60,0,0
238.60,0.000,0.000,1.000,999.00,0.60,0,0
238.70,0.000,0.000,1.000,999.00,0.60,0,0
238.80,0.000,0.000,1.000,999.00,0.60,0,0
238.90,0.000,0.000,1.000,999.00,0.60,0,0
239.00,0.000,0.000,1.000,999.00,0.60,0,0
239.10,0.000,0.000,1.000,999.00,0.60,0,0
239.20,0.000,0.000,1.000,999.00,0.60,0,0
239.30,0.000,0.000,1.000,999.00,0.60,0,0
239.40,0.000,0.000,1.000,999.00,0.60,0,0
239.50,0.000,0.000,1.000,999.00,0.60,0,0
239.60,0.000,0.000,1.000,999.00,0.60,0,0
239.70,0.000,0.000,1.000,999.00,0.60,0,0
239.80,0.000,0.000,1.000,999.00,0.60,0,0
239.90,0.000,0.000,1.000,999.00,0.60,0,0
240.00,0.000,0.000,1.000,999.00,0.60,0,0
240.10,0.000,0.000,1.000,999.00,0.60,0,0
240.20,0.000,0.000,1.000,999.00,0.60,0,0
240.30,0.000,0.000,1.000,999.00,0.60,0,0
240.40,0.000,0.000,1.000,999.00,0.60,0,0
240.50,0.000,0.000,1.000,999.00,0.60,0,0
240.60,0.000,0.000,1.000,999.00,0.60,0,0
240.70,0.000,0.000,1.000,999.00,0.60,0,0
240.80,0.000,0.000,1.000,999.00,0.60,0,0
240.90,0.000,0.000,1.000,999.00,0.60,0,0
241.00,0.000,0.000,1.000,999.00,0.60,0,0
241.10,0.000,0.000,1.000,999.00,0.60,0,0
241.20,0.000,0.000,1.000,999.00,0.60,0,0
241.30,0.000,0.000,1.000,999.00,0.60,0,0
241.40,0.000,0.000,1.000,999.00,0.60,0,0
241.50,0.000,0.000,1.000,999.00,0.60,0,0
241.60,0.000,0.000,1.000,999.00,0.60,0,0
241.70,0.000,0.000,1.000,999.00,0.60,0,0
241.80,0.000,0.000,1.000,999.00,0.60,0,0
241.90,0.000,0.000,1.000,999.00,0.60,0,0
242.00,0.000,0.000,1.000,999.00,0.60,0,0
242.10,0.000,0.000,1.000,999.00,0.60,0,0
242.20,0.000,0.000,1.000,999.00,0.60,0,0
242.30,0.000,0.000,1.000,999.00,0.60,0,0
242.40,0.000,0.000,1.000,999.00,0.60,0,0
242.50,0.000,0.000,1.000,999.00,0.60,0,0
242.60,0.000,0.000,1.000,999.00,0.60,0,0
242.70,0.000,0.000,1.000,999.00,0.60,0,0
242.80,0.000,0.000,1.000,999.00,0.60,0,0
242.90,0.000,0.000,1.000,999.00,0.60,0,0
243.00,0.000,0.000,1.000,999.00,0.60,0,0
243.10,0.000,0.000,1.000,999.00,0.60,0,0
243.20,0.000,0.000,1.000,999.00,0.60,0,0
243.30,0.000,0.000,1.000,999.00,0.60,0,0
243.40,0.000,0.000,1.000,999.00,0.60,0,0
243.50,0.000,0.000,1.000,999.00,0.60,0,0
243.60,0.000,0.000,1.000,999.00,0.60,0,0
243.70,0.000,0.000,1.000,999.00,0.60,0,0
243.80,0.000,0.000,1.000,999.00,0.60,0,0
243.90,0.000,0.000,1.000,999.00,0.60,0,0
244.00,0.000,0.000,1.000,999.00,0.60,0,0
244.10,0.000,0.000,1.000,999.00,0.60,0,0
244.20,0.000,0.000,1.000,999.00,0.60,0,0
244.30,0.000,0.000,1.000,999.00,0.60,0,0
244.40,0.000,0.000,1.000,999.00,0.60,0,0
244.50,0.000,0.000,1.000,999.00,0.60,0,0
244.60,0.000,0.000,1.000,999.00,0.60,0,0
244.70,0.000,0.000,1.000,999.00,0.60,0,0
244.80,0.000,0.000,1.000,999.00,0.60,0,0
244.90,0.000,0.000,1.000,999.00,0.60,0,0
245.00,0.000,0.000,1.000,999.00,0.60,0,0
245.10,0.000,0.000,1.000,999.00,0.60,0,0
245.20,0.000,0.000,1.000,999.00,0.60,0,0
245.30,0.000,0.000,1.000,999.00,0.60,0,0
245.40,0.000,0.000,1.000,999.00,0.60,0,0
245.50,0.000,0.000,1.000,999.00,0.60,0,0
245.60,0.000,0.000,1.000,999.00,0.60,0,0
245.70,0.000,0.000,1.000,999.00,0.60,0,0
245.80,0.000,0.000,1.000,999.00,0.60,0,0
245.90,0.000,0.000,1.000,999.00,0.60,0,0
246.00,0.000,0.000,1.000,999.00,0.60,0,0
246.10,0.000,0.000,1.000,999.00,0.60,0,0
246.20,0.000,0.000,1.000,999.00,0.60,0,0
246.30,0.000,0.000,1.000,999.00,0.60,0,0
246.40,0.000,0.000,1.000,999.00,0.60,0,0
246.50,0.000,0.000,1.000,999.00,0.60,0,0
246.60,0.000,0.000,1.000,999.00,0.60,0,0
246.70,0.000,0.000,1.000,999.00,0.60,0,0
246.80,0.000,0.000,1.000,999.00,0.60,0,0
246.90,0.000,0.000,1.000,999.00,0.60,0,0
247.00,0.000,0.000,1.000,999.00,0.60,0,0
247.10,0.000,0.000,1.000,999.00,0.60,0,0
247.20,0.000,0.000,1.000,999.00,0.60,0,0
247.30,0.000,0.000,1.000,999.00,0.60,0,0
247.40,0.000,0.000,1.000,999.00,0.60,0,0
247.50,0.000,0.000,1.000,999.00,0.60,0,0
247.60,0.000,0.000,1.000,999.00,0.60,0,0
247.70,0.000,0.000,1.000,999.00,0.60,0,0
247.81,0.000,0.000,1.000,999.00,0.60,0,0
247.90,0.000,0.000,1.000,999.00,0.60,0,0
248.00,0.000,0.000,1.000,999.00,0.60,0,0
248.10,0.000,0.000,1.000,999.00,0.60,0,0
248.20,0.000,0.000,1.000,999.00,0.60,0,0
248.30,0.000,0.000,1.000,999.00,0.60,0,0
248.40,0.000,0.000,1.000,999.00,0.60,0,0
248.50,0.000,0.000,1.000,999.00,0.60,0,0
248.60,0.000,0.000,1.000,999.00,0.60,0,0
248.70,0.000,0.000,1.000,999.00,0.60,0,0
248.80,0.000,0.000,1.000,999.00,0.60,0,0
248.90,0.000,0.000,1.000,999.00,0.60,0,0
249.00,0.000,0.000,1.000,999.00,0.60,0,0
249.10,0.000,0.000,1.000,999.00,0.60,0,0
249.20,0.000,0.000,1.000,999.00,0.60,0,0
249.30,0.000,0.000,1.000,999.00,0.60,0,0
249.40,0.000,0.000,1.000,999.00,0.60,0,0
249.50,0.000,0.000,1.000,999.00,0.60,0,0
249.60,0.000,0.000,1.000,999.00,0.60,0,0
249.70,0.000,0.000,1.000,999.00,0.60,0,0
249.80,0.000,0.000,1.000,999.00,0.60,0,0
249.90,0.000,0.000,1.000,999.00,0.60,0,0
250.00,0.000,0.000,1.000,999.00,0.60,0,0
250.10,0.000,0.000,1.000,999.00,0.60,0,0
250.20,0.000,0.000,1.000,999.00,0.60,0,0
250.30,0.000,0.000,1.000,999.00,0.60,0,0
250.40,0.000,0.000,1.000,999.00,0.60,0,0
250.50,0.000,0.000,1.000,999.00,0.60,0,0
250.60,0.000,0.000,1.000,999.00,0.60,0,0
250.70,0.000,0.000,1.000,999.00,0.60,0,0
250.80,0.000,0.000,1.000,999.00,0.60,0,0
250.90,0.000,0.000,1.000,999.00,0.60,0,0
251.00,0.000,0.000,1.000,999.00,0.60,0,0
251.10,0.000,0.000,1.000,999.00,0.60,0,0
251.20,0.000,0.000,1.000,999.00,0.60,0,0
251.30,0.000,0.000,1.000,999.00,0.60,0,0
251.40,0.000,0.000,1.000,999.00,0.60,0,0
251.50,0.000,0.000,1.000,999.00,0.60,0,0
251.60,0.000,0.000,1.000,999.00,0.60,0,0
251.70,0.000,0.000,1.000,999.00,0.60,0,0
251.80,0.000,0.000,1.000,999.00,0.60,0,0
251.90,0.000,0.000,1.000,999.00,0.60,0,0
252.00,0.000,0.000,1.000,999.00,0.60,0,0
252.10,0.000,0.000,1.000,999.00,0.60,0,0
252.20,0.000,0.000,1.000,999.00,0.60,0,0
252.30,0.000,0.000,1.000,999.00,0.60,0,0
252.40,0.000,0.000,1.000,999.00,0.60,0,0
252.50,0.000,0.000,1.000,999.00,0.60,0,0
252.60,0.000,0.000,1.000,999.00,0.60,0,0
252.70,0.000,0.000,1.000,999.00,0.60,0,0
252.80,0.000,0.000,1.000,999.00,0.60,0,0
252.90,0.000,0.000,1.000,999.00,0.60,0,0
253.00,0.000,0.000,1.000,999.00,0.60,0,0
253.10,0.000,0.000,1.000,999.00,0.60,0,0
253.20,0.000,0.000,1.000,999.00,0.60,0,0
253.30,0.000,0.000,1.000,999.00,0.60,0,0
253.40,0.000,0.000,1.000,999.00,0.60,0,0
253.50,0.000,0.000,1.000,999.00,0.60,0,0
253.60,0.000,0.000,1.000,999.00,0.60,0,0
253.70,0.000,0.000,1.000,999.00,0.60,0,0
253.80,0.000,0.000,1.000,999.00,0.60,0,0
253.90,0.000,0.000,1.000,999.00,0.60,0,0
254.00,0.000,0.000,1.000,999.00,0.60,0,0
254.10,0.000,0.000,1.000,999.00,0.60,0,0
254.20,0.000,0.000,1.000,999.00,0.60,0,0
254.30,0.000,0.000,1.000,999.00,0.60,0,0
254.40,0.000,0.000,1.000,999.00,0.60,0,0
254.50,0.000,0.000,1.000,999.00,0.60,0,0
254.60,0.000,0.000,1.000,999.00,0.60,0,0
254.70,0.000,0.000,1.000,999.00,0.60,0,0
254.80,0.000,0.000,1.000,999.00,0.60,0,0
254.90,0.000,0.000,1.000,999.00,0.60,0,0
255.00,0.000,0.000,1.000,999.00,0.60,0,0
255.10,0.000,0.000,1.000,999.00,0.60,0,0
255.20,0.000,0.000,1.000,999.00,0.60,0,0
255.30,0.000,0.000,1.000,999.00,0.60,0,0
255.40,0.000,0.000,1.000,999.00,0.60,0,0
255.50,0.000,0.000,1.000,999.00,0.60,0,0
255.60,0.000,0.000,1.000,999.00,0.60,0,0
255.70,0.000,0.000,1.000,999.00,0.60,0,0
255.80,0.000,0.000,1.000,999.00,0.60,0,0
255.90,0.000,0.000,1.000,999.00,0.60,0,0
256.00,0.000,0.000,1.000,999.00,0.60,0,0
256.10,0.000,0.000,1.000,999.00,0.60,0,0
256.20,0.000,0.000,1.000,999.00,0.60,0,0
256.30,0.000,0.000,1.000,999.00,0.60,0,0
256.40,0.000,0.000,1.000,999.00,0.60,0,0
256.50,0.000,0.000,1.000,999.00,0.60,0,0
256.60,0.000,0.000,1.000,999.00,0.60,0,0
256.70,0.000,0.000,1.000,999.00,0.60,0,0
256.80,0.000,0.000,1.000,999.00,0.60,0,0
256.90,0.000,0.000,1.000,999.00,0.60,0,0
257.00,0.000,0.000,1.000,999.00,0.60,0,0
257.10,0.000,0.000,1.000,999.00,0.60,0,0
257.20,0.000,0.000,1.000,999.00,0.60,0,0
257.30,0.000,0.000,1.000,999.00,0.60,0,0
257.40,0.000,0.000,1.000,999.00,0.60,0,0
257.50,0.000,0.000,1.000,999.00,0.60,0,0
257.60,0.000,0.000,1.000,999.00,0.60,0,0
257.70,0.000,0.000,1.000,999.00,0.60,0,0
257.80,0.000,0.000,1.000,999.00,0.60,0,0
257.90,0.000,0.000,1.000,999.00,0.60,0,0
258.00,0.000,0.000,1.000,999.00,0.60,0,0
258.10,0.000,0.000,1.000,999.00,0.60,0,0
258.20,0.000,0.000,1.000,999.00,0.60,0,0
258.30,0.000,0.000,1.000,999.00,0.60,0,0
258.40,0.000,0.000,1.000,999.00,0.60,0,0
258.50,0.000,0.000,1.000,999.00,0.60,0,0
258.60,0.000,0.000,1.000,999.00,0.60,0,0
258.70,0.000,0.000,1.000,999.00,0.60,0,0
258.80,0.000,0.000,1.000,999.00,0.60,0,0
258.90,0.000,0.000,1.000,999.00,0.60,0,0
259.00,0.000,0.000,1.000,999.00,0.60,0,0
259.10,0.000,0.000,1.000,999.00,0.60,0,0
259.20,0.000,0.000,1.000,999.00,0.60,0,0
259.30,0.000,0.000,1.000,999.00,0.60,0,0
259.40,0.000,0.000,1.000,999.00,0.60,0,0
259.50,0.000,0.000,1.000,999.00,0.60,0,0
259.60,0.000,0.000,1.000,999.00,0.60,0,0
259.70,0.000,0.000,1.000,999.00,0.60,0,0
259.80,0.000,0.000,1.000,999.00,0.60,0,0
259.90,0.000,0.000,1.000,999.00,0.60,0,0
260.00,0.000,0.000,1.000,999.00,0.60,0,0
260.10,0.000,0.000,1.000,999.00,0.60,0,0
260.20,0.000,0.000,1.000,999.00,0.60,0,0
260.30,0.000,0.000,1.000,999.00,0.60,0,0
260.40,0.000,0.000,1.000,999.00,0.60,0,0
260.50,0.000,0.000,1.000,999.00,0.60,0,0
260.60,0.000,0.000,1.000,999.00,0.60,0,0
260.70,0.000,0.000,1.000,999.00,0.60,0,0
260.80,-0.001,0.000,0.999,999.00,0.60,0,0
260.90,-0.006,0.003,0.997,999.00,0.60,0,0
261.00,-0.022,0.009,0.995,999.00,0.62,0,0
261.10,-0.071,0.026,0.989,999.00,0.67,0,0
261.20,-0.114,0.039,0.984,999.00,0.72,0,0
261.30,-0.170,0.054,0.977,999.00,0.78,0,0
261.40,-0.246,0.074,0.968,999.00,0.86,0,0
261.50,-0.314,0.093,0.959,999.00,0.93,0,0
261.60,-0.370,0.108,0.951,999.00,0.99,0,0
261.70,0.000,0.000,0.000,999.00,2.05,0,0
261.80,0.000,0.000,0.000,999.00,2.05,0,0
261.90,0.000,0.000,0.000,999.00,2.05,0,0
262.00,0.000,0.000,0.000,999.00,2.05,0,0
262.10,0.000,0.000,0.000,999.00,2.05,0,0
262.20,0.000,0.000,0.000,999.00,2.05,0,0
262.30,0.000,0.000,0.000,999.00,2.05,0,0
262.40,0.000,0.000,0.000,999.00,2.05,0,0
262.50,0.000,0.000,0.000,999.00,2.05,0,0
262.60,0.000,0.000,0.000,999.00,2.05,0,0
262.70,0.000,0.000,0.000,999.00,2.05,0,0
262.80,0.000,0.000,0.000,999.00,2.05,0,0
262.90,0.000,0.000,0.000,999.00,2.05,0,0
263.00,0.000,0.000,0.000,999.00,2.05,0,0
263.10,0.000,0.000,0.000,999.00,2.05,0,0
263.20,0.000,0.000,0.000,999.00,2.05,0,0
263.30,0.000,0.000,0.000,999.00,2.05,0,0
263.40,0.000,0.000,0.000,999.00,2.05,0,0
263.50,0.000,0.000,0.000,999.00,2.05,0,0
263.60,0.000,0.000,0.000,999.00,2.05,0,0
263.70,0.000,0.000,0.000,999.00,2.05,0,0
263.80,0.000,0.000,0.000,999.00,2.05,0,0
263.90,0.000,0.000,0.000,999.00,2.05,0,0
264.00,0.000,0.000,0.000,999.00,2.05,0,0
264.10,0.000,0.000,0.000,999.00,2.05,0,0
264.20,0.000,0.000,0.000,999.00,2.05,0,0
264.30,0.000,0.000,0.000,999.00,2.05,0,0
264.41,0.000,0.000,0.000,999.00,2.05,0,0
264.50,0.000,0.000,0.000,999.00,2.05,0,0
264.60,0.000,0.000,0.000,999.00,2.05,0,0
264.70,0.000,0.000,0.000,999.00,2.05,0,0
264.80,0.000,0.000,0.000,999.00,2.05,0,0
264.90,0.000,0.000,0.000,999.00,2.05,0,0
265.00,0.000,0.000,0.000,999.00,2.05,0,0
265.10,0.000,0.000,0.000,999.00,2.05,0,0
265.20,0.000,0.000,0.000,999.00,2.05,0,0
265.30,0.000,0.000,0.000,999.00,2.05,0,0
265.40,0.000,0.000,0.000,999.00,2.05,0,0
265.50,0.000,0.000,0.000,999.00,2.05,0,0
265.60,0.000,0.000,0.000,999.00,2.05,0,0
265.70,0.000,0.000,0.000,999.00,2.05,0,0
265.80,0.000,0.000,0.000,999.00,2.05,0,0
265.90,0.000,0.000,0.000,999.00,2.05,0,0
266.00,0.000,0.000,0.000,999.00,2.05,0,0
266.10,0.000,0.000,0.000,999.00,2.05,0,0
266.20,0.000,0.000,0.000,999.00,2.05,0,0
266.31,0.000,0.000,0.000,999.00,2.05,0,0
266.40,0.000,0.000,0.000,999.00,2.05,0,0
266.50,0.000,0.000,0.000,999.00,2.05,0,0
266.60,0.000,0.000,0.000,999.00,2.05,0,0
266.70,0.000,0.000,0.000,999.00,2.05,0,0
266.80,0.000,0.000,0.000,999.00,2.05,0,0
266.90,0.000,0.000,0.000,999.00,2.05,0,0
267.00,0.000,0.000,0.000,999.00,2.05,0,0
267.10,0.000,0.000,0.000,999.00,2.05,0,0
267.20,0.000,0.000,0.000,999.00,2.05,0,0
267.30,0.000,0.000,0.000,999.00,2.05,0,0
267.41,0.000,0.000,0.000,999.00,2.05,0,0
267.50,0.000,0.000,0.000,999.00,2.05,0,0
267.60,0.000,0.000,0.000,999.00,2.05,0,0
267.70,0.000,0.000,0.000,999.00,2.05,0,0
267.80,0.000,0.000,0.000,999.00,2.05,0,0
267.90,0.000,0.000,0.000,999.00,2.05,0,0
268.00,0.000,0.000,0.000,999.00,2.05,0,0
268.10,0.000,0.000,0.000,999.00,2.05,0,0
268.20,0.000,0.000,0.000,999.00,2.05,0,0
268.30,0.000,0.000,0.000,999.00,2.05,0,0
268.40,0.000,0.000,0.000,999.00,2.05,0,0
268.50,0.000,0.000,0.000,999.00,2.05,0,0
268.60,0.000,0.000,0.000,999.00,2.05,0,0
268.70,0.000,0.000,0.000,999.00,2.05,0,0
268.80,0.000,0.000,0.000,999.00,2.05,0,0
268.90,0.000,0.000,0.000,999.00,2.05,0,0
269.00,0.000,0.000,0.000,999.00,2.05,0,0
269.10,0.000,0.000,0.000,999.00,2.05,0,0
269.20,0.000,0.000,0.000,999.00,2.05,0,0
269.30,0.000,0.000,0.000,999.00,2.05,0,0
269.40,0.000,0.000,0.000,999.00,2.05,0,0
269.50,0.000,0.000,0.000,999.00,2.05,0,0
269.60,0.000,0.000,0.000,999.00,2.05,0,0
