time,uav_x,uav_y,uav_z,dist_min,path_length,infeasible_flag,collision_flag
0.02,0.000,0.000,-1.258,999.00,0.00,0,0
0.12,0.000,0.000,-1.836,999.00,0.58,0,0
0.22,0.000,0.000,-2.515,999.00,1.26,0,0
0.32,0.000,0.000,-3.296,999.00,2.04,0,0
0.42,0.000,0.000,-4.179,999.00,2.92,0,0
0.52,0.000,0.000,-5.164,999.00,3.91,0,0
0.62,0.000,0.000,-6.251,999.00,4.99,0,0
0.72,0.000,0.000,-7.440,999.00,6.18,0,0
0.82,0.000,0.000,-8.731,999.00,7.47,0,0
0.92,0.000,0.000,-9.649,999.00,8.39,0,0
1.02,0.000,0.000,-10.874,999.00,9.62,0,0
1.12,0.000,0.000,-12.641,999.00,11.38,0,0
1.22,0.000,0.000,-13.870,999.00,12.61,0,0
1.32,0.000,0.000,-15.820,999.00,14.56,0,0
1.42,0.000,0.000,-17.898,999.00,16.64,0,0
1.52,0.000,0.000,-19.353,999.00,18.09,0,0
1.62,0.000,0.000,-21.643,999.00,20.38,0,0
1.72,0.000,0.000,-24.060,999.00,22.80,0,0
1.82,0.000,0.000,-25.742,999.00,24.48,0,0
1.92,0.000,0.000,-28.371,999.00,27.11,0,0
2.02,0.000,0.000,-31.128,999.00,29.87,0,0
2.12,0.000,0.000,-33.037,999.00,31.78,0,0
2.22,0.000,0.000,-36.006,999.00,34.75,0,0
2.32,0.000,0.000,-38.056,999.00,36.80,0,0
2.42,0.000,0.000,-41.237,999.00,39.98,0,0
2.52,0.000,0.000,-44.546,999.00,43.29,0,0
2.62,0.000,0.000,-46.852,999.00,45.59,0,0
2.72,0.000,0.000,-50.595,999.00,49.34,0,0
2.82,0.000,0.000,-53.116,999.00,51.86,0,0
2.92,0.000,0.000,-56.861,999.00,55.60,0,0
3.02,0.000,0.000,-60.768,999.00,59.51,0,0
3.12,0.000,0.000,-63.422,999.00,62.16,0,0
3.22,0.000,0.000,-67.508,999.00,66.25,0,0
3.32,0.000,0.000,-70.303,999.00,69.04,0,0
3.42,0.000,0.000,-74.601,999.00,73.34,0,0
3.52,0.000,0.000,-79.027,999.00,77.77,0,0
3.62,0.000,0.000,-82.048,999.00,80.79,0,0
3.72,0.000,0.000,-86.686,999.00,85.43,0,0
3.82,0.000,0.000,-91.452,999.00,90.19,0,0
3.92,0.000,0.000,-94.699,999.00,93.44,0,0
4.02,0.000,0.000,-99.677,999.00,98.42,0,0
4.12,0.000,0.000,-103.066,999.00,101.81,0,0
4.22,0.000,0.000,-108.256,999.00,107.00,0,0
4.32,0.000,0.000,-113.573,999.00,112.32,0,0
4.42,0.000,0.000,-117.189,999.00,115.93,0,0
4.52,0.000,0.000,-122.719,999.00,121.46,0,0
4.62,0.000,0.000,-128.376,999.00,127.12,0,0
4.72,0.000,0.000,-132.218,999.00,130.96,0,0
4.82,0.000,0.000,-138.087,999.00,136.83,0,0
4.92,0.000,0.000,-142.070,999.00,140.81,0,0
5.02,0.000,0.000,-148.962,999.00,147.70,0,0
5.12,0.000,0.000,-154.746,999.00,153.49,0,0
5.22,0.000,0.000,-158.961,999.00,157.70,0,0
5.32,0.000,0.000,-165.390,999.00,164.13,0,0
5.42,0.000,0.000,-171.947,999.00,170.69,0,0
5.52,0.000,0.000,-176.388,999.00,175.13,0,0
5.62,0.000,0.000,-183.157,999.00,181.90,0,0
5.72,0.000,0.000,-187.801,999.00,186.54,0,0
5.82,0.000,0.000,-194.844,999.00,193.59,0,0
5.92,0.000,0.000,-201.955,999.00,200.70,0,0
6.02,0.000,0.000,-206.766,999.00,205.51,0,0
6.12,0.000,0.000,-214.153,999.00,212.89,0,0
6.22,0.000,0.000,-219.107,999.00,217.85,0,0
6.32,0.000,0.000,-226.643,999.00,225.38,0,0
6.42,0.000,0.000,-234.306,999.00,233.05,0,0
6.52,0.000,0.000,-239.486,999.00,238.23,0,0
6.62,0.000,0.000,-247.361,999.00,246.10,0,0
6.72,0.000,0.000,-255.365,999.00,254.11,0,0
6.82,0.000,0.000,-260.771,999.00,259.51,0,0
6.92,0.000,0.000,-268.986,999.00,267.73,0,0
7.02,0.000,0.000,-277.329,999.00,276.07,0,0
7.12,0.000,0.000,-282.961,999.00,281.70,0,0
7.22,0.000,0.000,-291.516,999.00,290.26,0,0
7.32,0.000,0.000,-297.290,999.00,296.03,0,0
7.42,0.000,0.000,-306.057,999.00,304.80,0,0
7.52,0.000,0.000,-314.952,999.00,313.69,0,0
7.62,0.000,0.000,-320.953,999.00,319.69,0,0
7.72,0.000,0.000,-330.059,999.00,328.80,0,0
7.82,0.000,0.000,-339.538,999.00,338.28,0,0
7.92,0.000,0.000,-345.767,999.00,344.51,0,0
8.02,0.000,0.000,-355.217,999.00,353.96,0,0
8.12,0.000,0.000,-361.588,999.00,360.33,0,0
8.22,0.000,0.000,-371.250,999.00,369.99,0,0
8.32,0.000,0.000,-381.040,999.00,379.78,0,0
8.42,0.000,0.000,-387.637,999.00,386.38,0,0
8.52,0.000,0.000,-397.638,999.00,396.38,0,0
8.62,0.000,0.000,-407.767,999.00,406.51,0,0
8.72,0.000,0.000,-414.591,999.00,413.33,0,0
8.82,0.000,0.000,-424.932,999.00,423.67,0,0
8.92,0.000,0.000,-431.897,999.00,430.64,0,0
9.02,0.000,0.000,-442.451,999.00,441.19,0,0
9.12,0.000,0.000,-453.132,999.00,451.87,0,0
9.22,0.000,0.000,-460.323,999.00,459.07,0,0
9.32,0.000,0.000,-471.217,999.00,469.96,0,0
9.42,0.000,0.000,-482.237,999.00,480.98,0,0
9.52,0.000,0.000,-489.655,999.00,488.40,0,0
9.62,0.000,0.000,-500.888,999.00,499.63,0,0
9.72,0.000,0.000,-508.447,999.00,507.19,0,0
9.82,0.000,0.000,-520.094,999.00,518.84,0,0
9.92,0.000,0.000,-531.669,999.00,530.41,0,0
10.02,0.000,0.000,-539.456,999.00,538.20,0,0
10.12,0.000,0.000,-551.347,999.00,550.09,0,0
10.22,0.000,0.000,-563.263,999.00,562.00,0,0
10.32,0.000,0.000,-571.277,999.00,570.02,0,0
10.42,0.000,0.000,-583.405,999.00,582.15,0,0
10.52,0.000,0.000,-591.561,999.00,590.30,0,0
10.62,0.000,0.000,-603.901,999.00,602.64,0,0
10.72,0.000,0.000,-616.368,999.00,615.11,0,0
10.82,0.000,0.000,-624.751,999.00,623.49,0,0
10.92,0.000,0.000,-637.430,999.00,636.17,0,0
11.02,0.000,0.000,-650.350,999.00,649.09,0,0
11.12,0.000,0.000,-658.960,999.00,657.70,0,0
11.22,0.000,0.000,-671.980,999.00,670.72,0,0
11.32,0.000,0.000,-685.128,999.00,683.87,0,0
11.42,0.000,0.000,-693.964,999.00,692.71,0,0
11.52,0.000,0.000,-707.324,999.00,706.07,0,0
11.62,0.000,0.000,-716.301,999.00,715.04,0,0
11.72,0.000,0.000,-729.993,999.00,728.74,0,0
11.82,0.000,0.000,-743.815,999.00,742.56,0,0
11.92,0.000,0.000,-753.142,999.00,751.88,0,0
12.02,0.000,0.000,-768.161,999.00,766.90,0,0
12.12,0.000,0.000,-776.528,999.00,775.27,0,0
12.22,0.000,0.000,-790.657,999.00,789.40,0,0
12.32,0.000,0.000,-804.913,999.00,803.65,0,0
12.42,0.000,0.000,-814.487,999.00,813.23,0,0
12.52,0.000,0.000,-828.956,999.00,827.70,0,0
12.62,0.000,0.000,-843.551,999.00,842.29,0,0
12.72,0.000,0.000,-853.353,999.00,852.09,0,0
12.82,0.000,0.000,-868.161,999.00,866.90,0,0
12.92,0.000,0.000,-878.103,999.00,876.84,0,0
13.02,0.000,0.000,-893.123,999.00,891.87,0,0
13.12,0.000,0.000,-908.271,999.00,907.01,0,0
13.22,0.000,0.000,-918.440,999.00,917.18,0,0
13.32,0.000,0.000,-933.800,999.00,932.54,0,0
13.42,0.000,0.000,-949.287,999.00,948.03,0,0
13.52,0.000,0.000,-959.683,999.00,958.42,0,0
13.62,0.000,0.000,-975.382,999.00,974.12,0,0
13.72,0.000,0.000,-991.209,999.00,989.95,0,0
13.82,0.000,0.000,-1001.831,999.00,1000.57,0,0
13.92,0.000,0.000,-1017.870,999.00,1016.61,0,0
14.02,0.000,0.000,-1028.633,999.00,1027.38,0,0
14.12,0.000,0.000,-1044.885,999.00,1043.63,0,0
14.22,0.000,0.000,-1061.552,999.00,1060.29,0,0
14.32,0.000,0.000,-1072.253,999.00,1071.00,0,0
14.42,0.000,0.000,-1088.991,999.00,1087.73,0,0
14.52,0.000,0.000,-1105.710,999.00,1104.45,0,0
14.62,0.000,0.000,-1116.927,999.00,1115.67,0,0
14.72,0.000,0.000,-1133.859,999.00,1132.60,0,0
14.82,0.000,0.000,-1145.217,999.00,1143.96,0,0
14.92,0.000,0.000,-1162.814,999.00,1161.56,0,0
15.02,0.000,0.000,-1180.089,999.00,1178.83,0,0
15.12,0.000,0.000,-1191.676,999.00,1190.42,0,0
15.22,0.000,0.000,-1209.163,999.00,1207.90,0,0
15.32,0.000,0.000,-1226.777,999.00,1225.52,0,0
15.42,0.000,0.000,-1238.591,999.00,1237.33,0,0
15.52,0.000,0.000,-1256.418,999.00,1255.16,0,0
15.62,0.000,0.000,-1268.373,999.00,1267.11,0,0
15.72,0.000,0.000,-1286.412,999.00,1285.15,0,0
15.82,0.000,0.000,-1304.578,999.00,1303.32,0,0
15.92,0.000,0.000,-1316.760,999.00,1315.50,0,0
16.02,0.000,0.000,-1335.138,999.00,1333.88,0,0
16.12,0.000,0.000,-1353.644,999.00,1352.39,0,0
16.22,0.000,0.000,-1366.052,999.00,1364.79,0,0
16.32,0.000,0.000,-1384.770,999.00,1383.51,0,0
16.42,0.000,0.000,-1403.615,999.00,1402.36,0,0
16.52,0.000,0.000,-1416.250,999.00,1414.99,0,0
16.62,0.000,0.000,-1435.308,999.00,1434.05,0,0
16.72,0.000,0.000,-1448.084,999.00,1446.83,0,0
16.82,0.000,0.000,-1467.354,999.00,1466.10,0,0
16.92,0.000,0.000,-1486.751,999.00,1485.49,0,0
17.02,0.000,0.000,-1499.753,999.00,1498.50,0,0
17.12,0.000,0.000,-1519.363,999.00,1518.10,0,0
17.22,0.000,0.000,-1539.100,999.00,1537.84,0,0
17.32,0.000,0.000,-1552.329,999.00,1551.07,0,0
17.42,0.000,0.000,-1572.278,999.00,1571.02,0,0
17.52,0.000,0.000,-1585.648,999.00,1584.39,0,0
17.62,0.000,0.000,-1605.810,999.00,1604.55,0,0
17.72,0.000,0.000,-1626.099,999.00,1624.84,0,0
17.82,0.000,0.000,-1639.695,999.00,1638.44,0,0
17.92,0.000,0.000,-1660.197,999.00,1658.94,0,0
18.02,0.000,0.000,-1680.825,999.00,1679.57,0,0
18.12,0.000,0.000,-1694.648,999.00,1693.39,0,0
18.22,0.000,0.000,-1715.489,999.00,1714.23,0,0
18.32,0.000,0.000,-1736.457,999.00,1735.20,0,0
18.42,0.000,0.000,-1750.507,999.00,1749.25,0,0
18.52,0.000,0.000,-1772.246,999.00,1770.99,0,0
18.62,0.000,0.000,-1786.440,999.00,1785.18,0,0
18.72,0.000,0.000,-1807.836,999.00,1806.58,0,0
18.82,0.000,0.000,-1829.359,999.00,1828.10,0,0
18.92,0.000,0.000,-1843.779,999.00,1842.52,0,0
19.02,0.000,0.000,-1865.515,999.00,1864.26,0,0
19.12,0.000,0.000,-1880.076,999.00,1878.82,0,0
19.22,0.000,0.000,-1902.024,999.00,1900.77,0,0
19.32,0.000,0.000,-1924.099,999.00,1922.84,0,0
19.42,0.000,0.000,-1938.887,999.00,1937.63,0,0
19.52,0.000,0.000,-1961.174,999.00,1959.92,0,0
19.62,0.000,0.000,-1983.589,999.00,1982.33,0,0
19.72,0.000,0.000,-1998.603,999.00,1997.34,0,0
19.82,0.000,0.000,-2021.230,999.00,2019.97,0,0
19.92,0.000,0.000,-2045.587,999.00,2044.33,0,0
20.02,0.000,0.000,-2059.225,999.00,2057.97,0,0
20.12,0.000,0.000,-2082.192,999.00,2080.93,0,0
20.22,0.000,0.000,-2097.574,999.00,2096.32,0,0
20.32,0.000,0.000,-2120.753,999.00,2119.50,0,0
20.42,0.000,0.000,-2144.060,999.00,2142.80,0,0
20.52,0.000,0.000,-2159.668,999.00,2158.41,0,0
20.62,0.000,0.000,-2183.187,999.00,2181.93,0,0
20.72,0.000,0.000,-2206.833,999.00,2205.57,0,0
20.82,0.000,0.000,-2222.668,999.00,2221.41,0,0
20.92,0.000,0.000,-2246.736,999.00,2245.48,0,0
21.02,0.000,0.000,-2262.713,999.00,2261.45,0,0
21.12,0.000,0.000,-2286.785,999.00,2285.53,0,0
21.22,0.000,0.000,-2310.984,999.00,2309.73,0,0
21.32,0.000,0.000,-2327.188,999.00,2325.93,0,0
21.42,0.000,0.000,-2351.599,999.00,2350.34,0,0
21.52,0.000,0.000,-2376.138,999.00,2374.88,0,0
21.62,0.000,0.000,-2392.568,999.00,2391.31,0,0
21.72,0.000,0.000,-2417.319,999.00,2416.06,0,0
21.82,0.000,0.000,-2442.197,999.00,2440.94,0,0
21.92,0.000,0.000,-2458.853,999.00,2457.60,0,0
22.02,0.000,0.000,-2483.944,999.00,2482.69,0,0
22.12,0.000,0.000,-2500.742,999.00,2499.48,0,0
22.22,0.000,0.000,-2526.045,999.00,2524.79,0,0
22.32,0.000,0.000,-2551.475,999.00,2550.22,0,0
22.42,0.000,0.000,-2568.499,999.00,2567.24,0,0
22.52,0.000,0.000,-2594.142,999.00,2592.88,0,0
22.62,0.000,0.000,-2619.912,999.00,2618.65,0,0
22.72,0.000,0.000,-2637.162,999.00,2635.90,0,0
22.82,0.000,0.000,-2663.144,999.00,2661.89,0,0
22.92,0.000,0.000,-2680.537,999.00,2679.28,0,0
23.02,0.000,0.000,-2706.731,999.00,2705.47,0,0
23.12,0.000,0.000,-2733.053,999.00,2731.79,0,0
23.22,0.000,0.000,-2750.672,999.00,2749.41,0,0
23.32,0.000,0.000,-2777.206,999.00,2775.95,0,0
23.42,0.000,0.000,-2803.867,999.00,2802.61,0,0
23.52,0.000,0.000,-2821.712,999.00,2820.45,0,0
23.62,0.000,0.000,-2848.586,999.00,2847.33,0,0
23.72,0.000,0.000,-2875.587,999.00,2874.33,0,0
23.82,0.000,0.000,-2893.658,999.00,2892.40,0,0
23.92,0.000,0.000,-2920.872,999.00,2919.61,0,0
24.02,0.000,0.000,-2939.085,999.00,2937.83,0,0
24.12,0.000,0.000,-2966.510,999.00,2965.25,0,0
24.22,0.000,0.000,-2994.063,999.00,2992.80,0,0
24.32,0.000,0.000,-3012.502,999.00,3011.24,0,0
24.42,0.000,0.000,-3040.268,999.00,3039.01,0,0
24.52,0.000,0.000,-3068.160,999.00,3066.90,0,0
24.62,0.000,0.000,-3087.318,999.00,3086.06,0,0
24.72,0.000,0.000,-3115.425,999.00,3114.17,0,0
24.82,0.000,0.000,-3134.234,999.00,3132.98,0,0
24.92,0.000,0.000,-3162.553,999.00,3161.29,0,0
25.02,0.000,0.000,-3191.000,999.00,3189.74,0,0
25.12,0.000,0.000,-3210.035,999.00,3208.78,0,0
25.22,0.000,0.000,-3238.694,999.00,3237.44,0,0
25.32,0.000,0.000,-3267.480,999.00,3266.22,0,0
25.42,0.000,0.000,-3286.742,999.00,3285.48,0,0
25.52,0.000,0.000,-3315.741,999.00,3314.48,0,0
25.62,0.000,0.000,-3335.144,999.00,3333.89,0,0
25.72,0.000,0.000,-3364.355,999.00,3363.10,0,0
25.82,0.000,0.000,-3393.693,999.00,3392.43,0,0
25.92,0.000,0.000,-3413.323,999.00,3412.06,0,0
26.02,0.000,0.000,-3442.873,999.00,3441.61,0,0
26.12,0.000,0.000,-3472.551,999.00,3471.29,0,0
26.22,0.000,0.000,-3492.407,999.00,3491.15,0,0
26.32,0.000,0.000,-3522.297,999.00,3521.04,0,0
26.42,0.000,0.000,-3552.314,999.00,3551.06,0,0
26.52,0.000,0.000,-3572.397,999.00,3571.14,0,0
26.62,0.000,0.000,-3602.627,999.00,3601.37,0,0
26.72,0.000,0.000,-3622.851,999.00,3621.59,0,0
26.82,0.000,0.000,-3653.293,999.00,3652.03,0,0
26.92,0.000,0.000,-3683.862,999.00,3682.60,0,0
27.02,0.000,0.000,-3704.312,999.00,3703.05,0,0
27.12,0.000,0.000,-3735.094,999.00,3733.84,0,0
27.22,0.000,0.000,-3766.003,999.00,3764.74,0,0
27.32,0.000,0.000,-3789.950,999.00,3788.69,0,0
27.42,0.000,0.000,-3820.811,999.00,3819.55,0,0
27.52,0.000,0.000,-3841.912,999.00,3840.65,0,0
27.62,0.000,0.000,-3873.259,999.00,3872.00,0,0
27.72,0.000,0.000,-3894.227,999.00,3892.97,0,0
27.82,0.000,0.000,-3925.787,999.00,3924.53,0,0
27.92,0.000,0.000,-3957.473,999.00,3956.21,0,0
28.02,0.000,0.000,-3978.668,999.00,3977.41,0,0
28.12,0.000,0.000,-4011.128,999.00,4009.87,0,0
28.22,0.000,0.000,-4043.156,999.00,4041.90,0,0
28.32,0.000,0.000,-4064.579,999.00,4063.32,0,0
28.42,0.000,0.000,-4096.820,999.00,4095.56,0,0
28.52,0.000,0.000,-4118.385,999.00,4117.13,0,0
28.62,0.000,0.000,-4150.838,999.00,4149.58,0,0
28.72,0.000,0.000,-4183.418,999.00,4182.16,0,0
28.82,0.000,0.000,-4205.209,999.00,4203.95,0,0
28.92,0.000,0.000,-4238.002,999.00,4236.74,0,0
29.02,0.000,0.000,-4270.922,999.00,4269.66,0,0
29.12,0.000,0.000,-4292.939,999.00,4291.68,0,0
29.22,0.000,0.000,-4326.071,999.00,4324.81,0,0
29.32,0.000,0.000,-4348.230,999.00,4346.97,0,0
29.42,0.000,0.000,-4381.575,999.00,4380.32,0,0
29.52,0.000,0.000,-4415.046,999.00,4413.79,0,0
29.62,0.000,0.000,-4437.432,999.00,4436.17,0,0
29.72,0.000,0.000,-4471.116,999.00,4469.86,0,0
29.82,0.000,0.000,-4504.927,999.00,4503.67,0,0
29.92,0.000,0.000,-4527.539,999.00,4526.28,0,0
30.02,0.000,0.000,-4561.563,999.00,4560.30,0,0
30.12,0.000,0.000,-4595.714,999.00,4594.46,0,0
30.22,0.000,0.000,-4618.552,999.00,4617.29,0,0
30.32,0.000,0.000,-4652.916,999.00,4651.66,0,0
30.42,0.000,0.000,-4675.895,999.00,4674.64,0,0
30.52,0.000,0.000,-4710.471,999.00,4709.21,0,0
30.62,0.000,0.000,-4745.174,999.00,4743.92,0,0
30.72,0.000,0.000,-4768.380,999.00,4767.12,0,0
30.82,0.000,0.000,-4803.295,999.00,4802.04,0,0
30.92,0.000,0.000,-4838.338,999.00,4837.08,0,0
31.02,0.000,0.000,-4861.771,999.00,4860.51,0,0
31.12,0.000,0.000,-4897.026,999.00,4895.77,0,0
31.22,0.000,0.000,-4920.600,999.00,4919.34,0,0
31.32,0.000,0.000,-4956.067,999.00,4954.81,0,0
31.42,0.000,0.000,-4991.661,999.00,4990.40,0,0
31.52,0.000,0.000,-5015.462,999.00,5014.20,0,0
31.62,0.000,0.000,-5051.269,999.00,5050.01,0,0
31.72,0.000,0.000,-5087.203,999.00,5085.94,0,0
31.82,0.000,0.000,-5111.230,999.00,5109.97,0,0
31.92,0.000,0.000,-5147.376,999.00,5146.12,0,0
32.02,0.000,0.000,-5183.650,999.00,5182.39,0,0
32.12,0.000,0.000,-5207.903,999.00,5206.64,0,0
32.22,0.000,0.000,-5244.389,999.00,5243.13,0,0
32.32,0.000,0.000,-5268.784,999.00,5267.53,0,0
32.42,0.000,0.000,-5305.482,999.00,5304.22,0,0
32.52,0.000,0.000,-5342.308,999.00,5341.05,0,0
32.62,0.000,0.000,-5366.929,999.00,5365.67,0,0
32.72,0.000,0.000,-5403.967,999.00,5402.71,0,0
32.82,0.000,0.000,-5428.730,999.00,5427.47,0,0
32.92,0.000,0.000,-5467.290,999.00,5466.03,0,0
33.02,0.000,0.000,-5504.672,999.00,5503.41,0,0
33.12,0.000,0.000,-5529.664,999.00,5528.41,0,0
33.22,0.000,0.000,-5567.258,999.00,5566.00,0,0
33.32,0.000,0.000,-5604.980,999.00,5603.72,0,0
33.42,0.000,0.000,-5630.198,999.00,5628.94,0,0
33.52,0.000,0.000,-5670.799,999.00,5669.54,0,0
33.62,0.000,0.000,-5706.194,999.00,5704.94,0,0
33.72,0.000,0.000,-5731.639,999.00,5730.38,0,0
33.82,0.000,0.000,-5769.912,999.00,5768.65,0,0
33.92,0.000,0.000,-5795.499,999.00,5794.24,0,0
34.02,0.000,0.000,-5833.985,999.00,5832.73,0,0
34.12,0.000,0.000,-5872.598,999.00,5871.34,0,0
34.22,0.000,0.000,-5898.411,999.00,5897.15,0,0
34.32,0.000,0.000,-5937.236,999.00,5935.98,0,0
34.42,0.000,0.000,-5978.927,999.00,5977.67,0,0
34.52,0.000,0.000,-6002.229,999.00,6000.97,0,0
34.62,0.000,0.000,-6041.394,999.00,6040.14,0,0
34.72,0.000,0.000,-6067.574,999.00,6066.32,0,0
34.82,0.000,0.000,-6106.952,999.00,6105.69,0,0
34.92,0.000,0.000,-6146.457,999.00,6145.20,0,0
35.02,0.000,0.000,-6172.864,999.00,6171.61,0,0
35.12,0.000,0.000,-6212.581,999.00,6211.32,0,0
35.22,0.000,0.000,-6252.425,999.00,6251.17,0,0
35.32,0.000,0.000,-6279.059,999.00,6277.80,0,0
35.42,0.000,0.000,-6319.116,999.00,6317.86,0,0
35.52,0.000,0.000,-6359.300,999.00,6358.04,0,0
35.62,0.000,0.000,-6386.160,999.00,6384.90,0,0
35.72,0.000,0.000,-6426.556,999.00,6425.30,0,0
35.82,0.000,0.000,-6453.558,999.00,6452.30,0,0
35.92,0.000,0.000,-6494.166,999.00,6492.91,0,0
36.02,0.000,0.000,-6534.902,999.00,6533.64,0,0
36.12,0.000,0.000,-6562.130,999.00,6560.87,0,0
36.22,0.000,0.000,-6603.078,999.00,6601.82,0,0
36.32,0.000,0.000,-6644.154,999.00,6642.90,0,0
36.42,0.000,0.000,-6671.608,999.00,6670.35,0,0
36.52,0.000,0.000,-6712.896,999.00,6711.64,0,0
36.62,0.000,0.000,-6740.492,999.00,6739.23,0,0
36.72,0.000,0.000,-6781.992,999.00,6780.73,0,0
36.82,0.000,0.000,-6823.619,999.00,6822.36,0,0
36.92,0.000,0.000,-6851.442,999.00,6850.18,0,0
37.02,0.000,0.000,-6893.282,999.00,6892.02,0,0
37.12,0.000,0.000,-6935.249,999.00,6933.99,0,0
37.22,0.000,0.000,-6963.297,999.00,6962.04,0,0
37.32,0.000,0.000,-7005.477,999.00,7004.22,0,0
37.42,0.000,0.000,-7047.783,999.00,7046.53,0,0
37.52,0.000,0.000,-7076.059,999.00,7074.80,0,0
37.62,0.000,0.000,-7118.578,999.00,7117.32,0,0
37.72,0.000,0.000,-7146.994,999.00,7145.74,0,0
37.82,0.000,0.000,-7189.726,999.00,7188.47,0,0
37.92,0.000,0.000,-7232.584,999.00,7231.33,0,0
38.02,0.000,0.000,-7261.227,999.00,7259.97,0,0
38.12,0.000,0.000,-7304.298,999.00,7303.04,0,0
38.22,0.000,0.000,-7347.496,999.00,7346.24,0,0
38.32,0.000,0.000,-7376.366,999.00,7375.11,0,0
38.42,0.000,0.000,-7419.776,999.00,7418.52,0,0
38.52,0.000,0.000,-7448.787,999.00,7447.53,0,0
38.62,0.000,0.000,-7492.410,999.00,7491.15,0,0
38.72,0.000,0.000,-7536.160,999.00,7534.90,0,0
38.82,0.000,0.000,-7565.398,999.00,7564.14,0,0
38.92,0.000,0.000,-7609.360,999.00,7608.10,0,0
39.02,0.000,0.000,-7653.450,999.00,7652.19,0,0
39.12,0.000,0.000,-7682.914,999.00,7681.66,0,0
39.22,0.000,0.000,-7727.216,999.00,7725.96,0,0
39.32,0.000,0.000,-7756.821,999.00,7755.56,0,0
39.42,0.000,0.000,-7801.336,999.00,7800.08,0,0
39.52,0.000,0.000,-7845.977,999.00,7844.72,0,0
39.62,0.000,0.000,-7875.809,999.00,7874.55,0,0
39.72,0.000,0.000,-7920.663,999.00,7919.40,0,0
39.82,0.000,0.000,-7965.644,999.00,7964.39,0,0
39.92,0.000,0.000,-7995.702,999.00,7994.44,0,0
40.02,0.000,0.000,-8040.896,999.00,8039.64,0,0
40.12,0.000,0.000,-8086.217,999.00,8084.96,0,0
40.22,0.000,0.000,-8116.502,999.00,8115.24,0,0
40.32,0.000,0.000,-8162.035,999.00,8160.78,0,0
40.42,0.000,0.000,-8192.461,999.00,8191.20,0,0
40.52,0.000,0.000,-8238.206,999.00,8236.95,0,0
40.62,0.000,0.000,-8284.079,999.00,8282.82,0,0
40.72,0.000,0.000,-8314.732,999.00,8313.47,0,0
40.82,0.000,0.000,-8360.817,999.00,8359.56,0,0
40.92,0.000,0.000,-8407.029,999.00,8405.77,0,0
41.02,0.000,0.000,-8437.908,999.00,8436.65,0,0
41.12,0.000,0.000,-8484.333,999.00,8483.07,0,0
41.22,0.000,0.000,-8530.885,999.00,8529.63,0,0
41.32,0.000,0.000,-8561.990,999.00,8560.73,0,0
41.42,0.000,0.000,-8608.755,999.00,8607.50,0,0
41.52,0.000,0.000,-8640.002,999.00,8638.74,0,0
41.62,0.000,0.000,-8686.978,999.00,8685.72,0,0
41.72,0.000,0.000,-8734.082,999.00,8732.82,0,0
41.82,0.000,0.000,-8765.556,999.00,8764.30,0,0
41.92,0.000,0.000,-8813.287,999.00,8812.03,0,0
42.02,0.000,0.000,-8860.732,999.00,8859.47,0,0
42.12,0.000,0.000,-8892.433,999.00,8891.17,0,0
42.22,0.000,0.000,-8940.090,999.00,8938.83,0,0
42.32,0.000,0.000,-8971.932,999.00,8970.67,0,0
42.42,0.000,0.000,-9019.801,999.00,9018.54,0,0
42.52,0.000,0.000,-9067.798,999.00,9066.54,0,0
42.62,0.000,0.000,-9099.866,999.00,9098.61,0,0
42.72,0.000,0.000,-9148.075,999.00,9146.82,0,0
42.82,0.000,0.000,-9196.411,999.00,9195.15,0,0
42.92,0.000,0.000,-9228.706,999.00,9227.45,0,0
43.02,0.000,0.000,-9277.255,999.00,9276.00,0,0
43.12,0.000,0.000,-9309.691,999.00,9308.43,0,0
43.22,0.000,0.000,-9358.452,999.00,9357.19,0,0
43.32,0.000,0.000,-9407.340,999.00,9406.08,0,0
43.42,0.000,0.000,-9440.003,999.00,9438.74,0,0
43.52,0.000,0.000,-9489.103,999.00,9487.84,0,0
43.62,0.000,0.000,-9538.331,999.00,9537.07,0,0
43.72,0.000,0.000,-9571.220,999.00,9569.96,0,0
43.82,0.000,0.000,-9620.660,999.00,9619.40,0,0
43.92,0.000,0.000,-9670.227,999.00,9668.97,0,0
44.02,0.000,0.000,-9703.343,999.00,9702.08,0,0
44.12,0.000,0.000,-9753.123,999.00,9751.86,0,0
44.22,0.000,0.000,-9786.380,999.00,9785.12,0,0
44.32,0.000,0.000,-9836.372,999.00,9835.11,0,0
44.42,0.000,0.000,-9886.491,999.00,9885.23,0,0
44.52,0.000,0.000,-9919.975,999.00,9918.72,0,0
44.62,0.000,0.000,-9970.306,999.00,9969.05,0,0
44.72,0.000,0.000,-10020.765,999.00,10019.51,0,0
44.82,0.000,0.000,-10054.475,999.00,10053.22,0,0
44.92,0.000,0.000,-10105.146,999.00,10103.89,0,0
45.02,0.000,0.000,-10138.998,999.00,10137.74,0,0
45.12,0.000,0.000,-10189.881,999.00,10188.62,0,0
45.22,0.000,0.000,-10240.892,999.00,10239.63,0,0
45.32,0.000,0.000,-10274.970,999.00,10273.71,0,0
45.42,0.000,0.000,-10326.193,999.00,10324.93,0,0
45.52,0.000,0.000,-10377.543,999.00,10376.29,0,0
45.62,0.000,0.000,-10411.848,999.00,10410.59,0,0
45.72,0.000,0.000,-10463.411,999.00,10462.15,0,0
45.82,0.000,0.000,-10515.101,999.00,10513.84,0,0
45.92,0.000,0.000,-10549.631,999.00,10548.37,0,0
46.02,0.000,0.000,-10601.534,999.00,10600.28,0,0
46.12,0.000,0.000,-10636.206,999.00,10634.95,0,0
46.22,0.000,0.000,-10688.321,999.00,10687.06,0,0
46.32,0.000,0.000,-10740.563,999.00,10739.30,0,0
46.42,0.000,0.000,-10775.461,999.00,10774.20,0,0
46.52,0.000,0.000,-10827.915,999.00,10826.66,0,0
46.62,0.000,0.000,-10880.497,999.00,10879.24,0,0
46.72,0.000,0.000,-10915.622,999.00,10914.36,0,0
46.82,0.000,0.000,-10968.416,999.00,10967.16,0,0
46.92,0.000,0.000,-11003.683,999.00,11002.42,0,0
47.02,0.000,0.000,-11060.413,999.00,11059.15,0,0
47.12,0.000,0.000,-11109.822,999.00,11108.56,0,0
47.22,0.000,0.000,-11145.315,999.00,11144.06,0,0
47.32,0.000,0.000,-11198.661,999.00,11197.40,0,0
47.42,0.000,0.000,-11252.134,999.00,11250.88,0,0
47.52,0.000,0.000,-11287.854,999.00,11286.60,0,0
47.62,0.000,0.000,-11341.539,999.00,11340.28,0,0
47.72,0.000,0.000,-11395.352,999.00,11394.09,0,0
47.82,0.000,0.000,-11431.298,999.00,11430.04,0,0
47.92,0.000,0.000,-11485.323,999.00,11484.06,0,0
48.02,0.000,0.000,-11521.410,999.00,11520.15,0,0
48.12,0.000,0.000,-11575.647,999.00,11574.39,0,0
48.22,0.000,0.000,-11630.012,999.00,11628.75,0,0
48.32,0.000,0.000,-11666.326,999.00,11665.07,0,0
48.42,0.000,0.000,-11720.903,999.00,11719.64,0,0
48.52,0.000,0.000,-11775.607,999.00,11774.35,0,0
48.62,0.000,0.000,-11812.147,999.00,11810.89,0,0
48.72,0.000,0.000,-11867.064,999.00,11865.81,0,0
48.82,0.000,0.000,-11903.746,999.00,11902.49,0,0
48.92,0.000,0.000,-11958.874,999.00,11957.62,0,0
49.02,0.000,0.000,-12014.130,999.00,12012.87,0,0
49.12,0.000,0.000,-12051.039,999.00,12049.78,0,0
49.22,0.000,0.000,-12106.507,999.00,12105.25,0,0
49.32,0.000,0.000,-12162.103,999.00,12160.84,0,0
49.42,0.000,0.000,-12199.237,999.00,12197.98,0,0
49.52,0.000,0.000,-12255.046,999.00,12253.79,0,0
49.62,0.000,0.000,-12310.981,999.00,12309.72,0,0
49.72,0.000,0.000,-12348.342,999.00,12347.08,0,0
49.82,0.000,0.000,-12404.490,999.00,12403.23,0,0
49.92,0.000,0.000,-12441.992,999.00,12440.73,0,0
50.02,0.000,0.000,-12498.352,999.00,12497.09,0,0
50.12,0.000,0.000,-12554.839,999.00,12553.58,0,0
50.22,0.000,0.000,-12592.568,999.00,12591.31,0,0
50.32,0.000,0.000,-12649.268,999.00,12648.01,0,0
50.42,0.000,0.000,-12706.095,999.00,12704.84,0,0
50.52,0.000,0.000,-12744.050,999.00,12742.79,0,0
50.62,0.000,0.000,-12801.090,999.00,12799.83,0,0
50.72,0.000,0.000,-12839.186,999.00,12837.93,0,0
50.82,0.000,0.000,-12896.438,999.00,12895.18,0,0
50.92,0.000,0.000,-12953.817,999.00,12952.56,0,0
51.02,0.000,0.000,-12992.140,999.00,12990.88,0,0
51.12,0.000,0.000,-13049.731,999.00,13048.47,0,0
51.22,0.000,0.000,-13107.450,999.00,13106.19,0,0
51.32,0.000,0.000,-13145.999,999.00,13144.74,0,0
51.42,0.000,0.000,-13203.930,999.00,13202.67,0,0
51.52,0.000,0.000,-13261.988,999.00,13260.73,0,0
51.62,0.000,0.000,-13300.764,999.00,13299.51,0,0
51.72,0.000,0.000,-13359.035,999.00,13357.78,0,0
51.82,0.000,0.000,-13397.952,999.00,13396.69,0,0
51.92,0.000,0.000,-13456.435,999.00,13455.18,0,0
52.02,0.000,0.000,-13515.045,999.00,13513.79,0,0
52.12,0.000,0.000,-13554.704,999.00,13553.45,0,0
52.22,0.000,0.000,-13613.011,999.00,13611.75,0,0
52.32,0.000,0.000,-13671.961,999.00,13670.70,0,0
52.42,0.000,0.000,-13711.331,999.00,13710.07,0,0
52.52,0.000,0.000,-13770.493,999.00,13769.23,0,0
52.62,0.000,0.000,-13810.005,999.00,13808.75,0,0
52.72,0.000,0.000,-13869.379,999.00,13868.12,0,0
52.82,0.000,0.000,-13928.881,999.00,13927.62,0,0
52.92,0.000,0.000,-13968.619,999.00,13967.36,0,0
53.02,0.000,0.000,-14028.333,999.00,14027.07,0,0
53.12,0.000,0.000,-14088.174,999.00,14086.92,0,0
53.22,0.000,0.000,-14128.139,999.00,14126.88,0,0
53.32,0.000,0.000,-14188.193,999.00,14186.93,0,0
53.42,0.000,0.000,-14248.373,999.00,14247.12,0,0
53.52,0.000,0.000,-14288.565,999.00,14287.31,0,0
53.62,0.000,0.000,-14348.958,999.00,14347.70,0,0
53.72,0.000,0.000,-14389.290,999.00,14388.03,0,0
53.82,0.000,0.000,-14449.896,999.00,14448.64,0,0
53.92,0.000,0.000,-14510.628,999.00,14509.37,0,0
54.02,0.000,0.000,-14551.188,999.00,14549.93,0,0
54.12,0.000,0.000,-14612.133,999.00,14610.87,0,0
54.22,0.000,0.000,-14673.205,999.00,14671.95,0,0
54.32,0.000,0.000,-14713.990,999.00,14712.73,0,0
54.42,0.000,0.000,-14775.275,999.00,14774.02,0,0
54.52,0.000,0.000,-14816.202,999.00,14814.94,0,0
54.62,0.000,0.000,-14877.699,999.00,14876.44,0,0
54.72,0.000,0.000,-14939.323,999.00,14938.06,0,0
54.82,0.000,0.000,-14980.477,999.00,14979.22,0,0
54.92,0.000,0.000,-15042.313,999.00,15041.05,0,0
55.02,0.000,0.000,-15104.277,999.00,15103.02,0,0
55.12,0.000,0.000,-15145.657,999.00,15144.40,0,0
55.22,0.000,0.000,-15207.833,999.00,15206.57,0,0
55.32,0.000,0.000,-15270.137,999.00,15268.88,0,0
55.42,0.000,0.000,-15311.743,999.00,15310.48,0,0
55.52,0.000,0.000,-15374.259,999.00,15373.00,0,0
55.62,0.000,0.000,-15416.007,999.00,15414.75,0,0
55.72,0.000,0.000,-15478.735,999.00,15477.48,0,0
55.82,0.000,0.000,-15541.590,999.00,15540.33,0,0
55.92,0.000,0.000,-15583.564,999.00,15582.31,0,0
56.02,0.000,0.000,-15646.632,999.00,15645.37,0,0
56.12,0.000,0.000,-15712.046,999.00,15710.79,0,0
56.22,0.000,0.000,-15752.028,999.00,15750.77,0,0
56.32,0.000,0.000,-15815.435,999.00,15814.18,0,0
56.42,0.000,0.000,-15857.777,999.00,15856.52,0,0
56.52,0.000,0.000,-15922.514,999.00,15921.26,0,0
56.62,0.000,0.000,-15969.474,999.00,15968.22,0,0
56.72,0.000,0.000,-16033.317,999.00,16032.06,0,0
56.82,0.000,0.000,-16097.288,999.00,16096.03,0,0
56.92,0.000,0.000,-16140.005,999.00,16138.75,0,0
57.02,0.000,0.000,-16204.188,999.00,16202.93,0,0
57.12,0.000,0.000,-16268.498,999.00,16267.24,0,0
57.22,0.000,0.000,-16311.442,999.00,16310.18,0,0
57.32,0.000,0.000,-16375.964,999.00,16374.71,0,0
57.42,0.000,0.000,-16440.614,999.00,16439.36,0,0
57.52,0.000,0.000,-16483.784,999.00,16482.53,0,0
57.62,0.000,0.000,-16548.646,999.00,16547.39,0,0
57.72,0.000,0.000,-16591.958,999.00,16590.70,0,0
57.82,0.000,0.000,-16657.032,999.00,16655.77,0,0
57.92,0.000,0.000,-16722.234,999.00,16720.98,0,0
58.02,0.000,0.000,-16765.772,999.00,16764.51,0,0
58.12,0.000,0.000,-16831.186,999.00,16829.93,0,0
58.22,0.000,0.000,-16896.727,999.00,16895.47,0,0
58.32,0.000,0.000,-16940.492,999.00,16939.23,0,0
58.42,0.000,0.000,-17006.245,999.00,17004.99,0,0
58.52,0.000,0.000,-17050.151,999.00,17048.89,0,0
58.62,0.000,0.000,-17116.117,999.00,17114.86,0,0
58.72,0.000,0.000,-17182.210,999.00,17180.95,0,0
58.82,0.000,0.000,-17226.343,999.00,17225.08,0,0
58.92,0.000,0.000,-17292.648,999.00,17291.39,0,0
59.02,0.000,0.000,-17359.081,999.00,17357.82,0,0
59.12,0.000,0.000,-17403.440,999.00,17402.18,0,0
59.22,0.000,0.000,-17470.085,999.00,17468.83,0,0
59.32,0.000,0.000,-17536.857,999.00,17535.60,0,0
59.42,0.000,0.000,-17581.443,999.00,17580.18,0,0
59.52,0.000,0.000,-17648.427,999.00,17647.17,0,0
59.62,0.000,0.000,-17693.154,999.00,17691.90,0,0
59.72,0.000,0.000,-17760.351,999.00,17759.09,0,0
59.82,0.000,0.000,-17827.675,999.00,17826.42,0,0
59.92,0.000,0.000,-17872.629,999.00,17871.37,0,0
60.02,0.000,0.000,-17940.165,999.00,17938.91,0,0
60.12,0.000,0.000,-18007.829,999.00,18006.57,0,0
60.22,0.000,0.000,-18053.009,999.00,18051.75,0,0
60.32,0.000,0.000,-18120.885,999.00,18119.63,0,0
60.42,0.000,0.000,-18166.206,999.00,18164.95,0,0
60.52,0.000,0.000,-18234.295,999.00,18233.04,0,0
60.62,0.000,0.000,-18302.510,999.00,18301.25,0,0
60.72,0.000,0.000,-18348.058,999.00,18346.80,0,0
60.82,0.000,0.000,-18416.486,999.00,18415.23,0,0
60.92,0.000,0.000,-18485.041,999.00,18483.78,0,0
61.02,0.000,0.000,-18530.816,999.00,18529.56,0,0
61.12,0.000,0.000,-18599.583,999.00,18598.32,0,0
61.22,0.000,0.000,-18668.478,999.00,18667.22,0,0
61.32,0.000,0.000,-18714.479,999.00,18713.22,0,0
61.42,0.000,0.000,-18783.586,999.00,18782.33,0,0
61.52,0.000,0.000,-18829.728,999.00,18828.47,0,0
61.62,0.000,0.000,-18899.048,999.00,18897.79,0,0
61.72,0.000,0.000,-18968.495,999.00,18967.24,0,0
61.82,0.000,0.000,-19014.863,999.00,19013.60,0,0
61.92,0.000,0.000,-19084.522,999.00,19083.26,0,0
62.02,0.000,0.000,-19154.309,999.00,19153.05,0,0
62.12,0.000,0.000,-19200.904,999.00,19199.65,0,0
62.22,0.000,0.000,-19270.903,999.00,19269.64,0,0
62.32,0.000,0.000,-19317.639,999.00,19316.38,0,0
62.42,0.000,0.000,-19387.850,999.00,19386.59,0,0
62.52,0.000,0.000,-19458.188,999.00,19456.93,0,0
62.62,0.000,0.000,-19505.151,999.00,19503.89,0,0
62.72,0.000,0.000,-19575.702,999.00,19574.44,0,0
62.82,0.000,0.000,-19646.380,999.00,19645.12,0,0
62.92,0.000,0.000,-19693.569,999.00,19692.31,0,0
63.02,0.000,0.000,-19764.460,999.00,19763.20,0,0
63.12,0.000,0.000,-19835.477,999.00,19834.22,0,0
63.22,0.000,0.000,-19882.893,999.00,19881.63,0,0
63.32,0.000,0.000,-19954.123,999.00,19952.86,0,0
63.42,0.000,0.000,-20001.680,999.00,20000.42,0,0
63.52,0.000,0.000,-20073.122,999.00,20071.86,0,0
63.62,0.000,0.000,-20144.692,999.00,20143.43,0,0
63.72,0.000,0.000,-20192.476,999.00,20191.22,0,0
63.82,0.000,0.000,-20264.258,999.00,20263.00,0,0
63.92,0.000,0.000,-20336.167,999.00,20334.91,0,0
64.02,0.000,0.000,-20384.177,999.00,20382.92,0,0
64.12,0.000,0.000,-20456.298,999.00,20455.04,0,0
64.22,0.000,0.000,-20504.450,999.00,20503.19,0,0
64.32,0.000,0.000,-20576.784,999.00,20575.53,0,0
64.42,0.000,0.000,-20649.245,999.00,20647.99,0,0
64.52,0.000,0.000,-20697.623,999.00,20696.36,0,0
64.62,0.000,0.000,-20770.296,999.00,20769.04,0,0
64.72,0.000,0.000,-20843.097,999.00,20841.84,0,0
64.82,0.000,0.000,-20891.701,999.00,20890.44,0,0
64.92,0.000,0.000,-20964.714,999.00,20963.46,0,0
65.02,0.000,0.000,-21037.854,999.00,21036.60,0,0
65.12,0.000,0.000,-21086.685,999.00,21085.43,0,0
65.22,0.000,0.000,-21160.038,999.00,21158.78,0,0
65.32,0.000,0.000,-21209.010,999.00,21207.75,0,0
65.42,0.000,0.000,-21282.575,999.00,21281.32,0,0
65.52,0.000,0.000,-21356.267,999.00,21355.01,0,0
65.62,0.000,0.000,-21405.466,999.00,21404.21,0,0
65.72,0.000,0.000,-21479.371,999.00,21478.11,0,0
65.82,0.000,0.000,-21553.403,999.00,21552.14,0,0
65.92,0.000,0.000,-21602.828,999.00,21601.57,0,0
66.02,0.000,0.000,-21677.072,999.00,21675.81,0,0
66.12,0.000,0.000,-21726.639,999.00,21725.38,0,0
66.22,0.000,0.000,-21801.095,999.00,21799.84,0,0
66.32,0.000,0.000,-21875.679,999.00,21874.42,0,0
66.42,0.000,0.000,-21925.472,999.00,21924.21,0,0
66.52,0.000,0.000,-22000.268,999.00,21999.01,0,0
66.62,0.000,0.000,-22075.191,999.00,22073.93,0,0
66.72,0.000,0.000,-22125.211,999.00,22123.95,0,0
66.82,0.000,0.000,-22200.347,999.00,22199.09,0,0
66.92,0.000,0.000,-22275.610,999.00,22274.35,0,0
67.02,0.000,0.000,-22325.856,999.00,22324.60,0,0
67.12,0.000,0.000,-22401.331,999.00,22400.07,0,0
67.22,0.000,0.000,-22451.719,999.00,22450.46,0,0
67.32,0.000,0.000,-22527.406,999.00,22526.15,0,0
67.42,0.000,0.000,-22603.221,999.00,22601.96,0,0
67.52,0.000,0.000,-22653.835,999.00,22652.58,0,0
67.62,0.000,0.000,-22729.862,999.00,22728.60,0,0
67.72,0.000,0.000,-22806.017,999.00,22804.76,0,0
67.82,0.000,0.000,-22856.857,999.00,22855.60,0,0
67.92,0.000,0.000,-22933.224,999.00,22931.97,0,0
68.02,0.000,0.000,-22984.206,999.00,22982.95,0,0
68.12,0.000,0.000,-23060.785,999.00,23059.53,0,0
68.22,0.000,0.000,-23137.491,999.00,23136.23,0,0
68.32,0.000,0.000,-23188.699,999.00,23187.44,0,0
68.42,0.000,0.000,-23265.618,999.00,23264.36,0,0
68.52,0.000,0.000,-23342.664,999.00,23341.41,0,0
68.62,0.000,0.000,-23394.099,999.00,23392.84,0,0
68.72,0.000,0.000,-23471.357,999.00,23470.10,0,0
68.82,0.000,0.000,-23548.743,999.00,23547.48,0,0
68.92,0.000,0.000,-23600.404,999.00,23599.15,0,0
69.02,0.000,0.000,-23678.002,999.00,23676.74,0,0
69.12,0.000,0.000,-23729.805,999.00,23728.55,0,0
69.22,0.000,0.000,-23807.615,999.00,23806.36,0,0
69.32,0.000,0.000,-23885.552,999.00,23884.29,0,0
69.42,0.000,0.000,-23937.582,999.00,23936.32,0,0
69.52,0.000,0.000,-24015.731,999.00,24014.47,0,0
69.62,0.000,0.000,-24094.009,999.00,24092.75,0,0
69.72,0.000,0.000,-24151.768,999.00,24150.51,0,0
69.82,0.000,0.000,-24224.754,999.00,24223.50,0,0
69.92,0.000,0.000,-24277.151,999.00,24275.89,0,0
70.02,0.000,0.000,-24355.852,999.00,24354.59,0,0
70.12,0.000,0.000,-24434.681,999.00,24433.42,0,0
70.22,0.000,0.000,-24487.305,999.00,24486.05,0,0
70.32,0.000,0.000,-24566.346,999.00,24565.09,0,0
70.42,0.000,0.000,-24645.515,999.00,24644.26,0,0
70.52,0.000,0.000,-24698.365,999.00,24697.11,0,0
70.62,0.000,0.000,-24777.746,999.00,24776.49,0,0
70.72,0.000,0.000,-24857.254,999.00,24856.00,0,0
70.82,0.000,0.000,-24910.330,999.00,24909.07,0,0
70.92,0.000,0.000,-24992.850,999.00,24991.59,0,0
71.02,0.000,0.000,-25046.071,999.00,25044.81,0,0
71.12,0.000,0.000,-25126.009,999.00,25124.75,0,0
71.22,0.000,0.000,-25206.073,999.00,25204.82,0,0
71.32,0.000,0.000,-25259.521,999.00,25258.26,0,0
71.42,0.000,0.000,-25339.798,999.00,25338.54,0,0
71.52,0.000,0.000,-25393.386,999.00,25392.13,0,0
71.62,0.000,0.000,-25473.875,999.00,25472.62,0,0
71.72,0.000,0.000,-25554.492,999.00,25553.23,0,0
71.82,0.000,0.000,-25608.307,999.00,25607.05,0,0
71.92,0.000,0.000,-25689.136,999.00,25687.88,0,0
72.02,0.000,0.000,-25770.092,999.00,25768.83,0,0
72.12,0.000,0.000,-25824.134,999.00,25822.88,0,0
72.22,0.000,0.000,-25905.302,999.00,25904.04,0,0
72.32,0.000,0.000,-25986.598,999.00,25985.34,0,0
72.42,0.000,0.000,-26040.866,999.00,26039.61,0,0
72.52,0.000,0.000,-26122.374,999.00,26121.12,0,0
72.62,0.000,0.000,-26176.784,999.00,26175.53,0,0
72.72,0.000,0.000,-26258.504,999.00,26257.25,0,0
72.82,0.000,0.000,-26340.352,999.00,26339.09,0,0
72.92,0.000,0.000,-26394.988,999.00,26393.73,0,0
73.02,0.000,0.000,-26487.134,999.00,26485.88,0,0
73.12,0.000,0.000,-26536.152,999.00,26534.89,0,0
73.22,0.000,0.000,-26618.431,999.00,26617.17,0,0
73.32,0.000,0.000,-26700.838,999.00,26699.58,0,0
73.42,0.000,0.000,-26755.846,999.00,26754.59,0,0
73.52,0.000,0.000,-26838.465,999.00,26837.21,0,0
73.62,0.000,0.000,-26921.211,999.00,26919.95,0,0
73.72,0.000,0.000,-26976.445,999.00,26975.19,0,0
73.82,0.000,0.000,-27059.404,999.00,27058.15,0,0
73.92,0.000,0.000,-27114.780,999.00,27113.52,0,0
74.02,0.000,0.000,-27197.950,999.00,27196.69,0,0
74.12,0.000,0.000,-27281.248,999.00,27279.99,0,0
74.22,0.000,0.000,-27336.851,999.00,27335.59,0,0
74.32,0.000,0.000,-27420.361,999.00,27419.10,0,0
74.42,0.000,0.000,-27503.998,999.00,27502.74,0,0
74.52,0.000,0.000,-27559.828,999.00,27558.57,0,0
74.62,0.000,0.000,-27643.677,999.00,27642.42,0,0
74.72,0.000,0.000,-27727.654,999.00,27726.40,0,0
74.82,0.000,0.000,-27783.710,999.00,27782.45,0,0
74.92,0.000,0.000,-27867.899,999.00,27866.64,0,0
75.02,0.000,0.000,-27924.096,999.00,27922.84,0,0
75.12,0.000,0.000,-28008.498,999.00,28007.24,0,0
75.22,0.000,0.000,-28093.027,999.00,28091.77,0,0
75.32,0.000,0.000,-28149.451,999.00,28148.19,0,0
75.42,0.000,0.000,-28234.192,999.00,28232.93,0,0
75.52,0.000,0.000,-28319.060,999.00,28317.80,0,0
75.62,0.000,0.000,-28375.710,999.00,28374.45,0,0
75.72,0.000,0.000,-28460.791,999.00,28459.53,0,0
75.82,0.000,0.000,-28517.583,999.00,28516.32,0,0
75.92,0.000,0.000,-28602.876,999.00,28601.62,0,0
76.02,0.000,0.000,-28688.296,999.00,28687.04,0,0
76.12,0.000,0.000,-28745.314,999.00,28744.06,0,0
76.22,0.000,0.000,-28830.947,999.00,28829.69,0,0
76.32,0.000,0.000,-28916.707,999.00,28915.45,0,0
76.42,0.000,0.000,-28973.951,999.00,28972.69,0,0
76.52,0.000,0.000,-29059.924,999.00,29058.67,0,0
76.62,0.000,0.000,-29146.024,999.00,29144.77,0,0
76.72,0.000,0.000,-29203.494,999.00,29202.24,0,0
76.82,0.000,0.000,-29289.806,999.00,29288.55,0,0
76.92,0.000,0.000,-29347.419,999.00,29346.16,0,0
77.02,0.000,0.000,-29433.943,999.00,29432.68,0,0
77.12,0.000,0.000,-29520.595,999.00,29519.34,0,0
77.22,0.000,0.000,-29578.433,999.00,29577.17,0,0
77.32,0.000,0.000,-29665.297,999.00,29664.04,0,0
77.42,0.000,0.000,-29752.288,999.00,29751.03,0,0
77.52,0.000,0.000,-29810.353,999.00,29809.10,0,0
77.62,0.000,0.000,-29897.557,999.00,29896.30,0,0
77.72,0.000,0.000,-29955.764,999.00,29954.51,0,0
77.82,0.000,0.000,-30043.179,999.00,30041.92,0,0
77.92,0.000,0.000,-30130.723,999.00,30129.46,0,0
78.02,0.000,0.000,-30189.156,999.00,30187.90,0,0
78.12,0.000,0.000,-30276.911,999.00,30275.65,0,0
78.22,0.000,0.000,-30364.794,999.00,30363.54,0,0
78.32,0.000,0.000,-30423.453,999.00,30422.19,0,0
78.42,0.000,0.000,-30511.548,999.00,30510.29,0,0
78.52,0.000,0.000,-30599.771,999.00,30598.51,0,0
78.62,0.000,0.000,-30658.657,999.00,30657.40,0,0
78.72,0.000,0.000,-30747.091,999.00,30745.83,0,0
78.82,0.000,0.000,-30806.119,999.00,30804.86,0,0
78.92,0.000,0.000,-30894.766,999.00,30893.51,0,0
79.02,0.000,0.000,-30983.540,999.00,30982.28,0,0
79.12,0.000,0.000,-31046.694,999.00,31045.44,0,0
79.22,0.000,0.000,-31135.686,999.00,31134.43,0,0
79.32,0.000,0.000,-31195.085,999.00,31193.83,0,0
79.42,0.000,0.000,-31284.290,999.00,31283.03,0,0
79.52,0.000,0.000,-31373.621,999.00,31372.36,0,0
79.62,0.000,0.000,-31433.247,999.00,31431.99,0,0
79.72,0.000,0.000,-31522.791,999.00,31521.53,0,0
79.82,0.000,0.000,-31612.462,999.00,31611.20,0,0
79.92,0.000,0.000,-31672.314,999.00,31671.06,0,0
80.02,0.000,0.000,-31762.198,999.00,31760.94,0,0
80.12,0.000,0.000,-31852.209,999.00,31850.95,0,0
80.22,0.000,0.000,-31912.287,999.00,31911.03,0,0
80.32,0.000,0.000,-32002.511,999.00,32001.25,0,0
80.42,0.000,0.000,-32062.730,999.00,32061.47,0,0
80.52,0.000,0.000,-32153.166,999.00,32151.91,0,0
80.62,0.000,0.000,-32243.729,999.00,32242.47,0,0
80.72,0.000,0.000,-32304.175,999.00,32302.92,0,0
80.82,0.000,0.000,-32394.950,999.00,32393.69,0,0
80.92,0.000,0.000,-32485.853,999.00,32484.59,0,0
81.02,0.000,0.000,-32546.526,999.00,32545.27,0,0
81.12,0.000,0.000,-32637.641,999.00,32636.38,0,0
81.22,0.000,0.000,-32698.455,999.00,32697.20,0,0
81.32,0.000,0.000,-32789.782,999.00,32788.52,0,0
81.42,0.000,0.000,-32881.236,999.00,32879.98,0,0
81.52,0.000,0.000,-32942.277,999.00,32941.02,0,0
81.62,0.000,0.000,-33033.944,999.00,33032.69,0,0
81.72,0.000,0.000,-33125.738,999.00,33124.48,0,0
81.82,0.000,0.000,-33187.005,999.00,33185.75,0,0
81.92,0.000,0.000,-33279.011,999.00,33277.75,0,0
82.02,0.000,0.000,-33371.145,999.00,33369.89,0,0
82.12,0.000,0.000,-33432.638,999.00,33431.38,0,0
82.22,0.000,0.000,-33524.984,999.00,33523.73,0,0
82.32,0.000,0.000,-33586.619,999.00,33585.36,0,0
82.42,0.000,0.000,-33679.177,999.00,33677.92,0,0
82.52,0.000,0.000,-33771.863,999.00,33770.60,0,0
82.62,0.000,0.000,-33833.724,999.00,33832.47,0,0
82.72,0.000,0.000,-33926.622,999.00,33925.36,0,0
82.82,0.000,0.000,-34019.648,999.00,34018.39,0,0
82.92,0.000,0.000,-34081.735,999.00,34080.48,0,0
83.02,0.000,0.000,-34174.973,999.00,34173.71,0,0
83.12,0.000,0.000,-34237.202,999.00,34235.94,0,0
83.22,0.000,0.000,-34330.652,999.00,34329.39,0,0
83.32,0.000,0.000,-34424.229,999.00,34422.97,0,0
83.42,0.000,0.000,-34486.685,999.00,34485.43,0,0
83.52,0.000,0.000,-34580.474,999.00,34579.22,0,0
83.62,0.000,0.000,-34674.391,999.00,34673.13,0,0
83.72,0.000,0.000,-34737.073,999.00,34735.81,0,0
83.82,0.000,0.000,-34831.202,999.00,34829.94,0,0
83.92,0.000,0.000,-34925.459,999.00,34924.20,0,0
84.02,0.000,0.000,-34988.367,999.00,34987.11,0,0
84.12,0.000,0.000,-35082.836,999.00,35081.58,0,0
84.22,0.000,0.000,-35145.886,999.00,35144.63,0,0
84.32,0.000,0.000,-35240.567,999.00,35239.31,0,0
84.42,0.000,0.000,-35335.375,999.00,35334.12,0,0
84.52,0.000,0.000,-35398.652,999.00,35397.39,0,0
84.62,0.000,0.000,-35493.672,999.00,35492.41,0,0
84.72,0.000,0.000,-35588.820,999.00,35587.56,0,0
84.82,0.000,0.000,-35652.323,999.00,35651.06,0,0
84.92,0.000,0.000,-35747.683,999.00,35746.43,0,0
85.02,0.000,0.000,-35811.328,999.00,35810.07,0,0
85.12,0.000,0.000,-35906.900,999.00,35905.64,0,0
85.22,0.000,0.000,-36002.600,999.00,36001.34,0,0
85.32,0.000,0.000,-36073.197,999.00,36071.94,0,0
85.42,0.000,0.000,-36162.383,999.00,36161.12,0,0
85.52,0.000,0.000,-36258.422,999.00,36257.16,0,0
85.62,0.000,0.000,-36322.520,999.00,36321.26,0,0
85.72,0.000,0.000,-36418.771,999.00,36417.51,0,0
85.82,0.000,0.000,-36515.151,999.00,36513.89,0,0
85.92,0.000,0.000,-36579.474,999.00,36578.22,0,0
86.02,0.000,0.000,-36676.066,999.00,36674.81,0,0
86.12,0.000,0.000,-36740.531,999.00,36739.27,0,0
86.22,0.000,0.000,-36837.334,999.00,36836.08,0,0
86.32,0.000,0.000,-36934.265,999.00,36933.01,0,0
86.42,0.000,0.000,-36998.957,999.00,36997.70,0,0
86.52,0.000,0.000,-37096.100,999.00,37094.84,0,0
86.62,0.000,0.000,-37193.371,999.00,37192.11,0,0
86.72,0.000,0.000,-37258.289,999.00,37257.03,0,0
86.82,0.000,0.000,-37355.772,999.00,37354.51,0,0
86.92,0.000,0.000,-37420.831,999.00,37419.57,0,0
87.02,0.000,0.000,-37518.526,999.00,37517.27,0,0
87.12,0.000,0.000,-37616.349,999.00,37615.09,0,0
87.22,0.000,0.000,-37681.635,999.00,37680.38,0,0
87.32,0.000,0.000,-37779.670,999.00,37778.41,0,0
87.42,0.000,0.000,-37877.832,999.00,37876.57,0,0
87.52,0.000,0.000,-37943.344,999.00,37942.09,0,0
87.62,0.000,0.000,-38042.582,999.00,38041.32,0,0
87.72,0.000,0.000,-38108.237,999.00,38106.98,0,0
87.82,0.000,0.000,-38206.824,999.00,38205.57,0,0
87.92,0.000,0.000,-38305.540,999.00,38304.28,0,0
88.02,0.000,0.000,-38371.421,999.00,38370.16,0,0
88.12,0.000,0.000,-38478.164,999.00,38476.91,0,0
88.22,0.000,0.000,-38544.193,999.00,38542.93,0,0
88.32,0.000,0.000,-38643.342,999.00,38642.08,0,0
88.42,0.000,0.000,-38751.334,999.00,38750.08,0,0
88.52,0.000,0.000,-38813.236,999.00,38811.98,0,0
88.62,0.000,0.000,-38914.478,999.00,38913.22,0,0
88.72,0.000,0.000,-38980.880,999.00,38979.62,0,0
88.82,0.000,0.000,-39080.590,999.00,39079.33,0,0
88.92,0.000,0.000,-39180.427,999.00,39179.17,0,0
89.02,0.000,0.000,-39247.055,999.00,39245.80,0,0
89.12,0.000,0.000,-39347.104,999.00,39345.85,0,0
89.22,0.000,0.000,-39447.281,999.00,39446.02,0,0
89.32,0.000,0.000,-39514.136,999.00,39512.88,0,0
89.42,0.000,0.000,-39614.525,999.00,39613.27,0,0
89.52,0.000,0.000,-39681.521,999.00,39680.26,0,0
89.62,0.000,0.000,-39782.123,999.00,39780.86,0,0
89.72,0.000,0.000,-39882.851,999.00,39881.59,0,0
89.82,0.000,0.000,-39950.074,999.00,39948.82,0,0
89.92,0.000,0.000,-40051.015,999.00,40049.76,0,0
90.02,0.000,0.000,-40152.083,999.00,40150.82,0,0
90.12,0.000,0.000,-40221.308,999.00,40220.05,0,0
90.22,0.000,0.000,-40322.590,999.00,40321.33,0,0
90.32,0.000,0.000,-40390.183,999.00,40388.92,0,0
90.42,0.000,0.000,-40491.678,999.00,40490.42,0,0
90.52,0.000,0.000,-40593.300,999.00,40592.04,0,0
90.62,0.000,0.000,-40661.119,999.00,40659.86,0,0
90.72,0.000,0.000,-40762.953,999.00,40761.70,0,0
90.82,0.000,0.000,-40864.915,999.00,40863.66,0,0
90.92,0.000,0.000,-40932.960,999.00,40931.70,0,0
91.02,0.000,0.000,-41035.135,999.00,41033.88,0,0
91.12,0.000,0.000,-41103.321,999.00,41102.06,0,0
91.22,0.000,0.000,-41205.708,999.00,41204.45,0,0
91.32,0.000,0.000,-41308.221,999.00,41306.96,0,0
91.42,0.000,0.000,-41376.635,999.00,41375.38,0,0
91.52,0.000,0.000,-41479.361,999.00,41478.10,0,0
91.62,0.000,0.000,-41582.214,999.00,41580.96,0,0
91.72,0.000,0.000,-41650.854,999.00,41649.60,0,0
91.82,0.000,0.000,-41753.919,999.00,41752.66,0,0
91.92,0.000,0.000,-41857.112,999.00,41855.85,0,0
92.02,0.000,0.000,-41925.978,999.00,41924.72,0,0
92.12,0.000,0.000,-42029.383,999.00,42028.13,0,0
92.22,0.000,0.000,-42098.391,999.00,42097.13,0,0
92.32,0.000,0.000,-42202.009,999.00,42200.75,0,0
92.42,0.000,0.000,-42305.753,999.00,42304.50,0,0
92.52,0.000,0.000,-42374.987,999.00,42373.73,0,0
92.62,0.000,0.000,-42478.945,999.00,42477.69,0,0
92.72,0.000,0.000,-42583.029,999.00,42581.77,0,0
92.82,0.000,0.000,-42652.489,999.00,42651.23,0,0
92.92,0.000,0.000,-42756.786,999.00,42755.53,0,0
93.02,0.000,0.000,-42826.388,999.00,42825.13,0,0
93.12,0.000,0.000,-42930.897,999.00,42929.64,0,0
93.22,0.000,0.000,-43035.534,999.00,43034.28,0,0
93.32,0.000,0.000,-43105.362,999.00,43104.10,0,0
93.42,0.000,0.000,-43210.211,999.00,43208.95,0,0
93.52,0.000,0.000,-43315.187,999.00,43313.93,0,0
93.62,0.000,0.000,-43385.241,999.00,43383.98,0,0
93.72,0.000,0.000,-43490.430,999.00,43489.17,0,0
93.82,0.000,0.000,-43595.745,999.00,43594.49,0,0
93.92,0.000,0.000,-43666.027,999.00,43664.77,0,0
94.02,0.000,0.000,-43771.554,999.00,43770.30,0,0
94.12,0.000,0.000,-43841.977,999.00,43840.72,0,0
94.22,0.000,0.000,-43947.717,999.00,43946.46,0,0
94.32,0.000,0.000,-44053.585,999.00,44052.33,0,0
94.42,0.000,0.000,-44124.234,999.00,44122.98,0,0
94.52,0.000,0.000,-44230.314,999.00,44229.06,0,0
94.62,0.000,0.000,-44336.521,999.00,44335.26,0,0
94.72,0.000,0.000,-44407.397,999.00,44406.14,0,0
94.82,0.000,0.000,-44513.816,999.00,44512.56,0,0
94.92,0.000,0.000,-44584.833,999.00,44583.57,0,0
95.02,0.000,0.000,-44691.465,999.00,44690.21,0,0
95.12,0.000,0.000,-44798.224,999.00,44796.97,0,0
95.22,0.000,0.000,-44869.467,999.00,44868.21,0,0
95.32,0.000,0.000,-44976.439,999.00,44975.18,0,0
95.42,0.000,0.000,-45083.537,999.00,45082.28,0,0
95.52,0.000,0.000,-45155.007,999.00,45153.75,0,0
95.62,0.000,0.000,-45262.318,999.00,45261.06,0,0
95.72,0.000,0.000,-45369.757,999.00,45368.50,0,0
95.82,0.000,0.000,-45441.453,999.00,45440.19,0,0
95.92,0.000,0.000,-45550.993,999.00,45549.73,0,0
96.02,0.000,0.000,-45622.833,999.00,45621.57,0,0
96.12,0.000,0.000,-45730.698,999.00,45729.44,0,0
96.22,0.000,0.000,-45838.690,999.00,45837.43,0,0
96.32,0.000,0.000,-45910.756,999.00,45909.50,0,0
96.42,0.000,0.000,-46018.961,999.00,46017.70,0,0
96.52,0.000,0.000,-46127.293,999.00,46126.03,0,0
96.62,0.000,0.000,-46199.585,999.00,46198.33,0,0
96.72,0.000,0.000,-46308.129,999.00,46306.87,0,0
96.82,0.000,0.000,-46380.563,999.00,46379.30,0,0
96.92,0.000,0.000,-46489.319,999.00,46488.06,0,0
97.02,0.000,0.000,-46598.203,999.00,46596.95,0,0
97.12,0.000,0.000,-46670.864,999.00,46669.61,0,0
97.22,0.000,0.000,-46779.960,999.00,46778.70,0,0
97.32,0.000,0.000,-46889.183,999.00,46887.93,0,0
97.42,0.000,0.000,-46971.664,999.00,46970.41,0,0
97.52,0.000,0.000,-47078.230,999.00,47076.97,0,0
97.62,0.000,0.000,-47151.263,999.00,47150.00,0,0
97.72,0.000,0.000,-47260.919,999.00,47259.66,0,0
97.82,0.000,0.000,-47370.702,999.00,47369.44,0,0
97.92,0.000,0.000,-47443.962,999.00,47442.70,0,0
98.02,0.000,0.000,-47553.957,999.00,47552.70,0,0
98.12,0.000,0.000,-47627.359,999.00,47626.10,0,0
98.22,0.000,0.000,-47737.566,999.00,47736.31,0,0
98.32,0.000,0.000,-47847.902,999.00,47846.64,0,0
98.42,0.000,0.000,-47921.529,999.00,47920.27,0,0
98.52,0.000,0.000,-48032.077,999.00,48030.82,0,0
98.62,0.000,0.000,-48142.752,999.00,48141.49,0,0
98.72,0.000,0.000,-48216.606,999.00,48215.35,0,0
98.82,0.000,0.000,-48327.493,999.00,48326.23,0,0
98.92,0.000,0.000,-48402.462,999.00,48401.20,0,0
99.02,0.000,0.000,-48518.439,999.00,48517.18,0,0
99.12,0.000,0.000,-48629.672,999.00,48628.41,0,0
99.22,0.000,0.000,-48703.898,999.00,48702.64,0,0
99.32,0.000,0.000,-48815.344,999.00,48814.09,0,0
99.42,0.000,0.000,-48926.917,999.00,48925.66,0,0
99.52,0.000,0.000,-49001.370,999.00,49000.11,0,0
99.62,0.000,0.000,-49113.155,999.00,49111.90,0,0
99.72,0.000,0.000,-49187.750,999.00,49186.49,0,0
99.82,0.000,0.000,-49299.747,999.00,49298.49,0,0
99.92,0.000,0.000,-49411.872,999.00,49410.61,0,0
100.02,0.000,0.000,-49486.693,999.00,49485.43,0,0
100.12,0.000,0.000,-49599.030,999.00,49597.77,0,0
100.22,0.000,0.000,-49711.495,999.00,49710.24,0,0
100.32,0.000,0.000,-49786.542,999.00,49785.28,0,0
100.42,0.000,0.000,-49899.219,999.00,49897.96,0,0
100.52,0.000,0.000,-49974.408,999.00,49973.15,0,0
100.62,0.000,0.000,-50087.297,999.00,50086.04,0,0
100.72,0.000,0.000,-50200.313,999.00,50199.06,0,0
100.82,0.000,0.000,-50275.728,999.00,50274.47,0,0
100.92,0.000,0.000,-50390.945,999.00,50389.69,0,0
101.02,0.000,0.000,-50504.303,999.00,50503.04,0,0
101.12,0.000,0.000,-50582.933,999.00,50581.67,0,0
101.22,0.000,0.000,-50696.507,999.00,50695.25,0,0
101.32,0.000,0.000,-50772.294,999.00,50771.04,0,0
101.42,0.000,0.000,-50886.080,999.00,50884.82,0,0
101.52,0.000,0.000,-50999.994,999.00,50998.74,0,0
101.62,0.000,0.000,-51076.007,999.00,51074.75,0,0
101.72,0.000,0.000,-51190.133,999.00,51188.87,0,0
101.82,0.000,0.000,-51304.386,999.00,51303.13,0,0
101.92,0.000,0.000,-51380.626,999.00,51379.37,0,0
102.02,0.000,0.000,-51495.091,999.00,51493.83,0,0
102.12,0.000,0.000,-51571.472,999.00,51570.21,0,0
102.22,0.000,0.000,-51686.150,999.00,51684.89,0,0
102.32,0.000,0.000,-51800.955,999.00,51799.70,0,0
102.42,0.000,0.000,-51877.563,999.00,51876.30,0,0
102.52,0.000,0.000,-51992.580,999.00,51991.32,0,0
102.62,0.000,0.000,-52107.725,999.00,52106.47,0,0
102.72,0.000,0.000,-52184.559,999.00,52183.30,0,0
102.82,0.000,0.000,-52299.916,999.00,52298.66,0,0
102.92,0.000,0.000,-52376.891,999.00,52375.63,0,0
103.02,0.000,0.000,-52492.461,999.00,52491.20,0,0
103.12,0.000,0.000,-52608.157,999.00,52606.90,0,0
103.22,0.000,0.000,-52685.359,999.00,52684.10,0,0
103.32,0.000,0.000,-52801.268,999.00,52800.01,0,0
103.42,0.000,0.000,-52917.305,999.00,52916.05,0,0
103.52,0.000,0.000,-52994.733,999.00,52993.47,0,0
103.62,0.000,0.000,-53110.981,999.00,53109.72,0,0
103.72,0.000,0.000,-53233.486,999.00,53232.23,0,0
103.82,0.000,0.000,-53305.012,999.00,53303.75,0,0
103.92,0.000,0.000,-53421.600,999.00,53420.34,0,0
104.02,0.000,0.000,-53499.396,999.00,53498.14,0,0
104.12,0.000,0.000,-53616.197,999.00,53614.94,0,0
104.22,0.000,0.000,-53733.125,999.00,53731.87,0,0
104.32,0.000,0.000,-53811.147,999.00,53809.89,0,0
104.42,0.000,0.000,-53928.288,999.00,53927.03,0,0
104.52,0.000,0.000,-54045.555,999.00,54044.30,0,0
104.62,0.000,0.000,-54124.834,999.00,54123.58,0,0
104.72,0.000,0.000,-54242.315,999.00,54241.06,0,0
104.82,0.000,0.000,-54320.706,999.00,54319.45,0,0
104.92,0.000,0.000,-54438.399,999.00,54437.14,0,0
105.02,0.000,0.000,-54560.356,999.00,54559.10,0,0
105.12,0.000,0.000,-54634.837,999.00,54633.58,0,0
105.22,0.000,0.000,-54752.870,999.00,54751.61,0,0
105.32,0.000,0.000,-54871.030,999.00,54869.77,0,0
105.42,0.000,0.000,-54949.874,999.00,54948.62,0,0
105.52,0.000,0.000,-55068.247,999.00,55066.99,0,0
105.62,0.000,0.000,-55147.233,999.00,55145.97,0,0
105.72,0.000,0.000,-55265.817,999.00,55264.56,0,0
105.82,0.000,0.000,-55384.529,999.00,55383.27,0,0
105.92,0.000,0.000,-55463.741,999.00,55462.48,0,0
106.02,0.000,0.000,-55582.665,999.00,55581.41,0,0
106.12,0.000,0.000,-55701.717,999.00,55700.46,0,0
106.22,0.000,0.000,-55781.156,999.00,55779.90,0,0
106.32,0.000,0.000,-55900.420,999.00,55899.16,0,0
106.42,0.000,0.000,-56019.811,999.00,56018.55,0,0
106.52,0.000,0.000,-56099.476,999.00,56098.22,0,0
106.62,0.000,0.000,-56219.079,999.00,56217.82,0,0
106.72,0.000,0.000,-56298.886,999.00,56297.63,0,0
106.82,0.000,0.000,-56418.701,999.00,56417.44,0,0
106.92,0.000,0.000,-56538.645,999.00,56537.39,0,0
107.02,0.000,0.000,-56618.677,999.00,56617.42,0,0
107.12,0.000,0.000,-56738.833,999.00,56737.57,0,0
107.22,0.000,0.000,-56859.116,999.00,56857.86,0,0
107.32,0.000,0.000,-56939.375,999.00,56938.12,0,0
107.42,0.000,0.000,-57059.870,999.00,57058.61,0,0
107.52,0.000,0.000,-57180.492,999.00,57179.23,0,0
107.62,0.000,0.000,-57260.978,999.00,57259.72,0,0
107.72,0.000,0.000,-57381.813,999.00,57380.55,0,0
107.82,0.000,0.000,-57464.562,999.00,57463.30,0,0
107.92,0.000,0.000,-57585.612,999.00,57584.35,0,0
108.02,0.000,0.000,-57706.788,999.00,57705.53,0,0
108.12,0.000,0.000,-57787.643,999.00,57786.39,0,0
108.22,0.000,0.000,-57909.032,999.00,57907.77,0,0
108.32,0.000,0.000,-58030.548,999.00,58029.29,0,0
108.42,0.000,0.000,-58111.630,999.00,58110.37,0,0
108.52,0.000,0.000,-58233.358,999.00,58232.10,0,0
108.62,0.000,0.000,-58314.581,999.00,58313.32,0,0
108.72,0.000,0.000,-58436.522,999.00,58435.26,0,0
108.82,0.000,0.000,-58558.590,999.00,58557.33,0,0
108.92,0.000,0.000,-58640.040,999.00,58638.78,0,0
109.02,0.000,0.000,-58762.320,999.00,58761.06,0,0
109.12,0.000,0.000,-58884.728,999.00,58883.47,0,0
109.22,0.000,0.000,-58966.403,999.00,58965.15,0,0
109.32,0.000,0.000,-59089.023,999.00,59087.77,0,0
109.42,0.000,0.000,-59170.841,999.00,59169.58,0,0
109.52,0.000,0.000,-59293.673,999.00,59292.41,0,0
109.62,0.000,0.000,-59416.633,999.00,59415.37,0,0
109.72,0.000,0.000,-59498.676,999.00,59497.42,0,0
109.82,0.000,0.000,-59621.848,999.00,59620.59,0,0
109.92,0.000,0.000,-59745.148,999.00,59743.89,0,0
110.02,0.000,0.000,-59827.418,999.00,59826.16,0,0
110.12,0.000,0.000,-59950.929,999.00,59949.67,0,0
110.22,0.000,0.000,-60033.341,999.00,60032.08,0,0
110.32,0.000,0.000,-60157.065,999.00,60155.81,0,0
110.42,0.000,0.000,-60280.916,999.00,60279.66,0,0
110.52,0.000,0.000,-60363.554,999.00,60362.30,0,0
110.62,0.000,0.000,-60487.617,999.00,60486.36,0,0
110.72,0.000,0.000,-60611.808,999.00,60610.55,0,0
110.82,0.000,0.000,-60694.673,999.00,60693.41,0,0
110.92,0.000,0.000,-60819.076,999.00,60817.82,0,0
111.02,0.000,0.000,-60943.606,999.00,60942.35,0,0
111.12,0.000,0.000,-61026.697,999.00,61025.44,0,0
111.22,0.000,0.000,-61151.440,999.00,61150.18,0,0
111.32,0.000,0.000,-61234.672,999.00,61233.41,0,0
111.42,0.000,0.000,-61359.627,999.00,61358.37,0,0
111.52,0.000,0.000,-61485.807,999.00,61484.55,0,0
111.62,0.000,0.000,-61570.365,999.00,61569.11,0,0
111.72,0.000,0.000,-61695.662,999.00,61694.40,0,0
111.82,0.000,0.000,-61821.086,999.00,61819.83,0,0
111.92,0.000,0.000,-61913.586,999.00,61912.33,0,0
112.02,0.000,0.000,-62030.410,999.00,62029.15,0,0
112.12,0.000,0.000,-62114.238,999.00,62112.98,0,0
112.22,0.000,0.000,-62240.087,999.00,62238.83,0,0
112.32,0.000,0.000,-62366.063,999.00,62364.80,0,0
112.42,0.000,0.000,-62450.117,999.00,62448.86,0,0
112.52,0.000,0.000,-62576.306,999.00,62575.05,0,0
112.62,0.000,0.000,-62702.621,999.00,62701.36,0,0
112.72,0.000,0.000,-62786.903,999.00,62785.64,0,0
112.82,0.000,0.000,-62913.431,999.00,62912.17,0,0
112.92,0.000,0.000,-63040.086,999.00,63038.83,0,0
113.02,0.000,0.000,-63127.930,999.00,63126.67,0,0
113.12,0.000,0.000,-63254.801,999.00,63253.54,0,0
113.22,0.000,0.000,-63339.453,999.00,63338.19,0,0
113.32,0.000,0.000,-63466.536,999.00,63465.28,0,0
113.42,0.000,0.000,-63602.678,999.00,63601.42,0,0
113.52,0.000,0.000,-63678.624,999.00,63677.37,0,0
113.62,0.000,0.000,-63806.047,999.00,63804.79,0,0
113.72,0.000,0.000,-63891.066,999.00,63889.81,0,0
113.82,0.000,0.000,-64018.701,999.00,64017.44,0,0
113.92,0.000,0.000,-64146.464,999.00,64145.21,0,0
114.02,0.000,0.000,-64231.710,999.00,64230.45,0,0
114.12,0.000,0.000,-64359.684,999.00,64358.43,0,0
114.22,0.000,0.000,-64487.786,999.00,64486.53,0,0
114.32,0.000,0.000,-64573.258,999.00,64572.00,0,0
114.42,0.000,0.000,-64701.573,999.00,64700.31,0,0
114.52,0.000,0.000,-64830.014,999.00,64828.76,0,0
114.62,0.000,0.000,-64915.713,999.00,64914.45,0,0
114.72,0.000,0.000,-65044.367,999.00,65043.11,0,0
114.82,0.000,0.000,-65130.207,999.00,65128.95,0,0
114.92,0.000,0.000,-65259.073,999.00,65257.81,0,0
115.02,0.000,0.000,-65388.067,999.00,65386.81,0,0
115.12,0.000,0.000,-65474.133,999.00,65472.88,0,0
115.22,0.000,0.000,-65603.339,999.00,65602.08,0,0
115.32,0.000,0.000,-65732.672,999.00,65731.41,0,0
115.42,0.000,0.000,-65818.965,999.00,65817.71,0,0
115.52,0.000,0.000,-65948.511,999.00,65947.25,0,0
115.62,0.000,0.000,-66034.945,999.00,66033.69,0,0
115.72,0.000,0.000,-66164.703,999.00,66163.44,0,0
115.82,0.000,0.000,-66294.588,999.00,66293.33,0,0
115.92,0.000,0.000,-66381.249,999.00,66379.99,0,0
116.02,0.000,0.000,-66511.346,999.00,66510.09,0,0
116.12,0.000,0.000,-66641.571,999.00,66640.31,0,0
116.22,0.000,0.000,-66728.458,999.00,66727.20,0,0
116.32,0.000,0.000,-66858.895,999.00,66857.64,0,0
116.42,0.000,0.000,-66989.460,999.00,66988.20,0,0
116.52,0.000,0.000,-67076.573,999.00,67075.32,0,0
116.62,0.000,0.000,-67207.350,999.00,67206.09,0,0
116.72,0.000,0.000,-67294.605,999.00,67293.35,0,0
116.82,0.000,0.000,-67425.594,999.00,67424.34,0,0
116.92,0.000,0.000,-67556.710,999.00,67555.45,0,0
117.02,0.000,0.000,-67644.192,999.00,67642.93,0,0
117.12,0.000,0.000,-67775.520,999.00,67774.26,0,0
117.22,0.000,0.000,-67906.976,999.00,67905.72,0,0
117.32,0.000,0.000,-67994.684,999.00,67993.43,0,0
117.42,0.000,0.000,-68126.353,999.00,68125.09,0,0
117.52,0.000,0.000,-68214.202,999.00,68212.94,0,0
117.62,0.000,0.000,-68346.082,999.00,68344.82,0,0
117.72,0.000,0.000,-68478.090,999.00,68476.83,0,0
117.82,0.000,0.000,-68566.166,999.00,68564.91,0,0
117.92,0.000,0.000,-68698.386,999.00,68697.13,0,0
118.02,0.000,0.000,-68830.734,999.00,68829.48,0,0
118.12,0.000,0.000,-68919.036,999.00,68917.78,0,0
118.22,0.000,0.000,-69051.596,999.00,69050.34,0,0
118.32,0.000,0.000,-69184.283,999.00,69183.02,0,0
118.42,0.000,0.000,-69272.812,999.00,69271.55,0,0
118.52,0.000,0.000,-69405.711,999.00,69404.45,0,0
118.62,0.000,0.000,-69494.381,999.00,69493.12,0,0
118.72,0.000,0.000,-69627.493,999.00,69626.23,0,0
118.82,0.000,0.000,-69760.732,999.00,69759.47,0,0
118.92,0.000,0.000,-69849.628,999.00,69848.37,0,0
119.02,0.000,0.000,-69983.080,999.00,69981.82,0,0
119.12,0.000,0.000,-70116.658,999.00,70115.40,0,0
119.22,0.000,0.000,-70205.781,999.00,70204.52,0,0
119.32,0.000,0.000,-70339.572,999.00,70338.31,0,0
119.42,0.000,0.000,-70428.837,999.00,70427.58,0,0
119.52,0.000,0.000,-70562.840,999.00,70561.58,0,0
119.62,0.000,0.000,-70696.971,999.00,70695.71,0,0
119.72,0.000,0.000,-70786.462,999.00,70785.20,0,0
119.82,0.000,0.000,-70920.804,999.00,70919.55,0,0
119.92,0.000,0.000,-71055.274,999.00,71054.02,0,0
120.02,0.000,0.000,-71144.992,999.00,71143.73,0,0
120.12,0.000,0.000,-71279.674,999.00,71278.42,0,0
120.22,0.000,0.000,-71414.484,999.00,71413.23,0,0
120.32,0.000,0.000,-71504.428,999.00,71503.17,0,0
120.42,0.000,0.000,-71639.450,999.00,71638.19,0,0
120.52,0.000,0.000,-71729.535,999.00,71728.28,0,0
120.62,0.000,0.000,-71864.770,999.00,71863.51,0,0
120.72,0.000,0.000,-72000.131,999.00,71998.87,0,0
120.82,0.000,0.000,-72090.443,999.00,72089.18,0,0
120.92,0.000,0.000,-72226.017,999.00,72224.76,0,0
121.02,0.000,0.000,-72361.718,999.00,72360.46,0,0
121.12,0.000,0.000,-72452.256,999.00,72451.00,0,0
121.22,0.000,0.000,-72588.170,999.00,72586.91,0,0
121.32,0.000,0.000,-72678.850,999.00,72677.59,0,0
121.42,0.000,0.000,-72814.976,999.00,72813.72,0,0
121.52,0.000,0.000,-72951.229,999.00,72949.97,0,0
121.62,0.000,0.000,-73042.135,999.00,73040.88,0,0
121.72,0.000,0.000,-73178.600,999.00,73177.34,0,0
121.82,0.000,0.000,-73315.193,999.00,73313.93,0,0
121.92,0.000,0.000,-73406.326,999.00,73405.07,0,0
122.02,0.000,0.000,-73543.131,999.00,73541.87,0,0
122.12,0.000,0.000,-73680.063,999.00,73678.80,0,0
122.22,0.000,0.000,-73771.422,999.00,73770.16,0,0
122.32,0.000,0.000,-73908.567,999.00,73907.31,0,0
122.42,0.000,0.000,-74000.067,999.00,73998.81,0,0
122.52,0.000,0.000,-74137.424,999.00,74136.17,0,0
122.62,0.000,0.000,-74274.909,999.00,74273.65,0,0
122.72,0.000,0.000,-74366.636,999.00,74365.38,0,0
122.82,0.000,0.000,-74504.332,999.00,74503.07,0,0
122.92,0.000,0.000,-74642.156,999.00,74640.90,0,0
123.02,0.000,0.000,-74734.110,999.00,74732.85,0,0
123.12,0.000,0.000,-74872.146,999.00,74870.89,0,0
123.22,0.000,0.000,-74964.241,999.00,74962.98,0,0
123.32,0.000,0.000,-75102.489,999.00,75101.23,0,0
123.42,0.000,0.000,-75240.865,999.00,75239.61,0,0
123.52,0.000,0.000,-75333.186,999.00,75331.93,0,0
123.62,0.000,0.000,-75471.774,999.00,75470.52,0,0
123.72,0.000,0.000,-75610.490,999.00,75609.23,0,0
123.82,0.000,0.000,-75703.038,999.00,75701.78,0,0
123.92,0.000,0.000,-75841.965,999.00,75840.71,0,0
124.02,0.000,0.000,-75981.020,999.00,75979.76,0,0
124.12,0.000,0.000,-76073.795,999.00,76072.54,0,0
124.22,0.000,0.000,-76213.062,999.00,76211.80,0,0
124.32,0.000,0.000,-76305.978,999.00,76304.72,0,0
124.42,0.000,0.000,-76445.457,999.00,76444.20,0,0
124.52,0.000,0.000,-76585.064,999.00,76583.81,0,0
124.62,0.000,0.000,-76678.206,999.00,76676.95,0,0
124.72,0.000,0.000,-76818.026,999.00,76816.77,0,0
124.82,0.000,0.000,-76957.972,999.00,76956.71,0,0
124.92,0.000,0.000,-77051.341,999.00,77050.08,0,0
125.02,0.000,0.000,-77191.500,999.00,77190.24,0,0
125.12,0.000,0.000,-77285.010,999.00,77283.75,0,0
125.22,0.000,0.000,-77425.381,999.00,77424.12,0,0
125.32,0.000,0.000,-77565.879,999.00,77564.62,0,0
125.42,0.000,0.000,-77659.616,999.00,77658.36,0,0
125.52,0.000,0.000,-77800.326,999.00,77799.07,0,0
125.62,0.000,0.000,-77941.165,999.00,77939.91,0,0
125.72,0.000,0.000,-78035.127,999.00,78033.87,0,0
125.82,0.000,0.000,-78176.178,999.00,78174.92,0,0
125.92,0.000,0.000,-78270.282,999.00,78269.02,0,0
126.02,0.000,0.000,-78414.024,999.00,78412.77,0,0
126.12,0.000,0.000,-78555.417,999.00,78554.16,0,0
126.22,0.000,0.000,-78649.749,999.00,78648.49,0,0
126.32,0.000,0.000,-78791.353,999.00,78790.10,0,0
126.42,0.000,0.000,-78933.085,999.00,78931.83,0,0
126.52,0.000,0.000,-79027.644,999.00,79026.39,0,0
126.62,0.000,0.000,-79169.588,999.00,79168.33,0,0
126.72,0.000,0.000,-79311.660,999.00,79310.40,0,0
126.82,0.000,0.000,-79406.445,999.00,79405.19,0,0
126.92,0.000,0.000,-79558.718,999.00,79557.46,0,0
127.02,0.000,0.000,-79646.154,999.00,79644.90,0,0
127.12,0.000,0.000,-79788.652,999.00,79787.39,0,0
127.22,0.000,0.000,-79931.278,999.00,79930.02,0,0
127.32,0.000,0.000,-80026.433,999.00,80025.17,0,0
127.42,0.000,0.000,-80169.270,999.00,80168.01,0,0
127.52,0.000,0.000,-80312.236,999.00,80310.98,0,0
127.62,0.000,0.000,-80407.617,999.00,80406.36,0,0
127.72,0.000,0.000,-80550.794,999.00,80549.54,0,0
127.82,0.000,0.000,-80646.317,999.00,80645.06,0,0
127.92,0.000,0.000,-80789.707,999.00,80788.45,0,0
128.02,0.000,0.000,-80933.224,999.00,80931.97,0,0
128.12,0.000,0.000,-81028.973,999.00,81027.71,0,0
128.22,0.000,0.000,-81172.702,999.00,81171.44,0,0
128.32,0.000,0.000,-81316.559,999.00,81315.30,0,0
128.42,0.000,0.000,-81412.534,999.00,81411.28,0,0
128.52,0.000,0.000,-81556.603,999.00,81555.34,0,0
128.62,0.000,0.000,-81652.720,999.00,81651.46,0,0
128.72,0.000,0.000,-81797.001,999.00,81795.74,0,0
128.82,0.000,0.000,-81941.410,999.00,81940.15,0,0
128.92,0.000,0.000,-82037.753,999.00,82036.50,0,0
129.02,0.000,0.000,-82182.374,999.00,82181.12,0,0
129.12,0.000,0.000,-82329.663,999.00,82328.40,0,0
129.22,0.000,0.000,-82426.234,999.00,82424.98,0,0
129.32,0.000,0.000,-82571.197,999.00,82569.94,0,0
129.42,0.000,0.000,-82667.910,999.00,82666.65,0,0
129.52,0.000,0.000,-82813.085,999.00,82811.83,0,0
129.62,0.000,0.000,-82958.388,999.00,82957.13,0,0
129.72,0.000,0.000,-83055.327,999.00,83054.07,0,0
129.82,0.000,0.000,-83200.841,999.00,83199.58,0,0
129.92,0.000,0.000,-83346.483,999.00,83345.23,0,0
130.02,0.000,0.000,-83443.649,999.00,83442.39,0,0
130.12,0.000,0.000,-83589.503,999.00,83588.24,0,0
130.22,0.000,0.000,-83735.485,999.00,83734.23,0,0
130.32,0.000,0.000,-83832.877,999.00,83831.62,0,0
130.42,0.000,0.000,-83979.071,999.00,83977.81,0,0
130.52,0.000,0.000,-84076.604,999.00,84075.35,0,0
130.62,0.000,0.000,-84223.011,999.00,84221.75,0,0
130.72,0.000,0.000,-84369.544,999.00,84368.29,0,0
130.82,0.000,0.000,-84467.304,999.00,84466.05,0,0
130.92,0.000,0.000,-84614.050,999.00,84612.79,0,0
131.02,0.000,0.000,-84760.923,999.00,84759.66,0,0
131.12,0.000,0.000,-84858.909,999.00,84857.65,0,0
131.22,0.000,0.000,-85005.995,999.00,85004.74,0,0
131.32,0.000,0.000,-85104.123,999.00,85102.86,0,0
131.42,0.000,0.000,-85251.421,999.00,85250.16,0,0
131.52,0.000,0.000,-85398.846,999.00,85397.59,0,0
131.62,0.000,0.000,-85497.200,999.00,85495.94,0,0
131.72,0.000,0.000,-85644.837,999.00,85643.58,0,0
131.82,0.000,0.000,-85792.602,999.00,85791.34,0,0
131.92,0.000,0.000,-85891.183,999.00,85889.92,0,0
132.02,0.000,0.000,-86039.160,999.00,86037.90,0,0
132.12,0.000,0.000,-86187.264,999.00,86186.01,0,0
132.22,0.000,0.000,-86286.071,999.00,86284.81,0,0
132.32,0.000,0.000,-86434.388,999.00,86433.13,0,0
132.42,0.000,0.000,-86533.336,999.00,86532.08,0,0
132.52,0.000,0.000,-86681.865,999.00,86680.61,0,0
132.62,0.000,0.000,-86830.522,999.00,86829.26,0,0
132.72,0.000,0.000,-86929.697,999.00,86928.44,0,0
132.82,0.000,0.000,-87078.565,999.00,87077.31,0,0
132.92,0.000,0.000,-87227.561,999.00,87226.30,0,0
133.02,0.000,0.000,-87326.963,999.00,87325.70,0,0
133.12,0.000,0.000,-87476.171,999.00,87474.91,0,0
133.22,0.000,0.000,-87575.714,999.00,87574.46,0,0
133.32,0.000,0.000,-87725.134,999.00,87723.88,0,0
133.42,0.000,0.000,-87874.682,999.00,87873.42,0,0
133.52,0.000,0.000,-87974.451,999.00,87973.19,0,0
133.62,0.000,0.000,-88124.211,999.00,88122.95,0,0
133.72,0.000,0.000,-88274.099,999.00,88272.84,0,0
133.82,0.000,0.000,-88374.095,999.00,88372.84,0,0
133.92,0.000,0.000,-88524.194,999.00,88522.94,0,0
134.02,0.000,0.000,-88674.421,999.00,88673.16,0,0
134.12,0.000,0.000,-88774.644,999.00,88773.39,0,0
134.22,0.000,0.000,-88925.083,999.00,88923.82,0,0
134.32,0.000,0.000,-89025.447,999.00,89024.19,0,0
134.42,0.000,0.000,-89176.098,999.00,89174.84,0,0
134.52,0.000,0.000,-89326.877,999.00,89325.62,0,0
134.62,0.000,0.000,-89427.467,999.00,89426.21,0,0
134.72,0.000,0.000,-89578.459,999.00,89577.20,0,0
134.82,0.000,0.000,-89729.577,999.00,89728.32,0,0
134.92,0.000,0.000,-89830.394,999.00,89829.14,0,0
135.02,0.000,0.000,-89981.725,999.00,89980.47,0,0
135.12,0.000,0.000,-90082.683,999.00,90081.42,0,0
135.22,0.000,0.000,-90234.226,999.00,90232.97,0,0
135.32,0.000,0.000,-90385.896,999.00,90384.64,0,0
135.42,0.000,0.000,-90487.081,999.00,90485.82,0,0
135.52,0.000,0.000,-90638.963,999.00,90637.71,0,0
135.62,0.000,0.000,-90790.974,999.00,90789.72,0,0
135.72,0.000,0.000,-90892.384,999.00,90891.13,0,0
135.82,0.000,0.000,-91044.607,999.00,91043.35,0,0
135.92,0.000,0.000,-91196.957,999.00,91195.70,0,0
136.02,0.000,0.000,-91298.594,999.00,91297.34,0,0
136.12,0.000,0.000,-91451.156,999.00,91449.90,0,0
136.22,0.000,0.000,-91552.935,999.00,91551.68,0,0
136.32,0.000,0.000,-91705.709,999.00,91704.45,0,0
136.42,0.000,0.000,-91858.611,999.00,91857.35,0,0
136.52,0.000,0.000,-91960.616,999.00,91959.36,0,0
136.62,0.000,0.000,-92113.730,999.00,92112.47,0,0
136.72,0.000,0.000,-92266.971,999.00,92265.71,0,0
136.82,0.000,0.000,-92369.203,999.00,92367.94,0,0
136.92,0.000,0.000,-92522.656,999.00,92521.40,0,0
137.02,0.000,0.000,-92625.029,999.00,92623.77,0,0
137.12,0.000,0.000,-92778.695,999.00,92777.44,0,0
137.22,0.000,0.000,-92932.488,999.00,92931.23,0,0
137.32,0.000,0.000,-93035.088,999.00,93033.83,0,0
137.42,0.000,0.000,-93189.093,999.00,93187.84,0,0
137.52,0.000,0.000,-93354.047,999.00,93352.79,0,0
137.62,0.000,0.000,-93446.052,999.00,93444.79,0,0
137.72,0.000,0.000,-93600.397,999.00,93599.14,0,0
137.82,0.000,0.000,-93754.870,999.00,93753.61,0,0
137.92,0.000,0.000,-93857.922,999.00,93856.66,0,0
138.02,0.000,0.000,-94012.607,999.00,94011.35,0,0
138.12,0.000,0.000,-94115.801,999.00,94114.54,0,0
138.22,0.000,0.000,-94270.698,999.00,94269.44,0,0
138.32,0.000,0.000,-94425.722,999.00,94424.46,0,0
138.42,0.000,0.000,-94529.142,999.00,94527.88,0,0
138.52,0.000,0.000,-94684.379,999.00,94683.12,0,0
138.62,0.000,0.000,-94839.743,999.00,94838.48,0,0
138.72,0.000,0.000,-94943.390,999.00,94942.13,0,0
138.82,0.000,0.000,-95098.966,999.00,95097.71,0,0
138.92,0.000,0.000,-95202.754,999.00,95201.50,0,0
139.02,0.000,0.000,-95361.277,999.00,95360.02,0,0
139.12,0.000,0.000,-95519.932,999.00,95518.67,0,0
139.22,0.000,0.000,-95623.949,999.00,95622.69,0,0
139.32,0.000,0.000,-95780.082,999.00,95778.82,0,0
139.42,0.000,0.000,-95936.342,999.00,95935.08,0,0
139.52,0.000,0.000,-96040.586,999.00,96039.33,0,0
139.62,0.000,0.000,-96197.058,999.00,96195.80,0,0
139.72,0.000,0.000,-96301.444,999.00,96300.19,0,0
139.82,0.000,0.000,-96458.128,999.00,96456.87,0,0
139.92,0.000,0.000,-96614.940,999.00,96613.68,0,0
140.02,0.000,0.000,-96719.552,999.00,96718.29,0,0
140.12,0.000,0.000,-96876.576,999.00,96875.32,0,0
140.22,0.000,0.000,-97033.728,999.00,97032.47,0,0
140.32,0.000,0.000,-97138.566,999.00,97137.31,0,0
140.42,0.000,0.000,-97295.930,999.00,97294.67,0,0
140.52,0.000,0.000,-97400.910,999.00,97399.65,0,0
140.62,0.000,0.000,-97558.486,999.00,97557.23,0,0
140.72,0.000,0.000,-97716.189,999.00,97714.93,0,0
140.82,0.000,0.000,-97821.396,999.00,97820.14,0,0
140.92,0.000,0.000,-97979.311,999.00,97978.05,0,0
141.02,0.000,0.000,-98137.354,999.00,98136.10,0,0
141.12,0.000,0.000,-98242.787,999.00,98241.53,0,0
141.22,0.000,0.000,-98401.042,999.00,98399.78,0,0
141.32,0.000,0.000,-98559.425,999.00,98558.17,0,0
141.42,0.000,0.000,-98665.084,999.00,98663.83,0,0
141.52,0.000,0.000,-98823.679,999.00,98822.42,0,0
141.62,0.000,0.000,-98929.480,999.00,98928.22,0,0
141.72,0.000,0.000,-99088.287,999.00,99087.03,0,0
141.82,0.000,0.000,-99247.222,999.00,99245.96,0,0
141.92,0.000,0.000,-99353.249,999.00,99351.99,0,0
142.02,0.000,0.000,-99512.396,999.00,99511.14,0,0
142.12,0.000,0.000,-99671.670,999.00,99670.41,0,0
142.22,0.000,0.000,-99777.923,999.00,99776.67,0,0
142.32,0.000,0.000,-99948.607,999.00,99947.35,0,0
142.42,0.000,0.000,-100043.805,999.00,100042.55,0,0
142.52,0.000,0.000,-100203.504,999.00,100202.25,0,0
142.62,0.000,0.000,-100367.537,999.00,100366.28,0,0
142.72,0.000,0.000,-100474.161,999.00,100472.90,0,0
142.82,0.000,0.000,-100634.203,999.00,100632.94,0,0
142.92,0.000,0.000,-100794.372,999.00,100793.11,0,0
143.02,0.000,0.000,-100901.222,999.00,100899.96,0,0
143.12,0.000,0.000,-101061.603,999.00,101060.34,0,0
143.22,0.000,0.000,-101168.595,999.00,101167.34,0,0
143.32,0.000,0.000,-101329.188,999.00,101327.93,0,0
143.42,0.000,0.000,-101489.909,999.00,101488.65,0,0
143.52,0.000,0.000,-101597.127,999.00,101595.87,0,0
143.62,0.000,0.000,-101758.061,999.00,101756.80,0,0
143.72,0.000,0.000,-101919.121,999.00,101917.86,0,0
143.82,0.000,0.000,-102026.566,999.00,102025.31,0,0
143.92,0.000,0.000,-102187.839,999.00,102186.58,0,0
144.02,0.000,0.000,-102295.425,999.00,102294.17,0,0
144.12,0.000,0.000,-102456.910,999.00,102455.65,0,0
144.22,0.000,0.000,-102618.522,999.00,102617.26,0,0
144.32,0.000,0.000,-102726.335,999.00,102725.08,0,0
144.42,0.000,0.000,-102888.159,999.00,102886.90,0,0
144.52,0.000,0.000,-103050.111,999.00,103048.85,0,0
144.62,0.000,0.000,-103160.994,999.00,103159.74,0,0
144.72,0.000,0.000,-103323.161,999.00,103321.90,0,0
144.82,0.000,0.000,-103485.455,999.00,103484.20,0,0
144.92,0.000,0.000,-103593.721,999.00,103592.46,0,0
145.02,0.000,0.000,-103756.228,999.00,103754.97,0,0
145.12,0.000,0.000,-103864.636,999.00,103863.38,0,0
145.22,0.000,0.000,-104027.354,999.00,104026.10,0,0
145.32,0.000,0.000,-104190.200,999.00,104188.94,0,0
145.42,0.000,0.000,-104298.835,999.00,104297.58,0,0
145.52,0.000,0.000,-104461.893,999.00,104460.63,0,0
145.62,0.000,0.000,-104625.079,999.00,104623.82,0,0
145.72,0.000,0.000,-104733.940,999.00,104732.68,0,0
145.82,0.000,0.000,-104897.337,999.00,104896.08,0,0
145.92,0.000,0.000,-105006.340,999.00,105005.08,0,0
146.02,0.000,0.000,-105169.950,999.00,105168.69,0,0
146.12,0.000,0.000,-105333.687,999.00,105332.43,0,0
146.22,0.000,0.000,-105442.916,999.00,105441.66,0,0
146.32,0.000,0.000,-105606.866,999.00,105605.61,0,0
146.42,0.000,0.000,-105770.943,999.00,105769.68,0,0
146.52,0.000,0.000,-105880.399,999.00,105879.14,0,0
146.62,0.000,0.000,-106044.688,999.00,106043.43,0,0
146.72,0.000,0.000,-106154.285,999.00,106153.03,0,0
146.82,0.000,0.000,-106320.230,999.00,106318.97,0,0
146.92,0.000,0.000,-106484.860,999.00,106483.60,0,0
147.02,0.000,0.000,-106594.684,999.00,106593.43,0,0
147.12,0.000,0.000,-106759.526,999.00,106758.27,0,0
147.22,0.000,0.000,-106924.496,999.00,106923.24,0,0
147.32,0.000,0.000,-107034.547,999.00,107033.29,0,0
147.42,0.000,0.000,-107199.728,999.00,107198.47,0,0
147.52,0.000,0.000,-107365.038,999.00,107363.78,0,0
147.62,0.000,0.000,-107475.315,999.00,107474.06,0,0
147.72,0.000,0.000,-107640.836,999.00,107639.58,0,0
147.82,0.000,0.000,-107751.255,999.00,107750.00,0,0
147.92,0.000,0.000,-107916.989,999.00,107915.73,0,0
148.02,0.000,0.000,-108082.850,999.00,108081.59,0,0
148.12,0.000,0.000,-108193.495,999.00,108192.24,0,0
148.22,0.000,0.000,-108359.568,999.00,108358.31,0,0
148.32,0.000,0.000,-108525.769,999.00,108524.51,0,0
148.42,0.000,0.000,-108639.559,999.00,108638.30,0,0
148.52,0.000,0.000,-108805.974,999.00,108804.72,0,0
148.62,0.000,0.000,-108916.988,999.00,108915.73,0,0
148.72,0.000,0.000,-109083.616,999.00,109082.36,0,0
148.82,0.000,0.000,-109250.371,999.00,109249.11,0,0
148.92,0.000,0.000,-109361.611,999.00,109360.35,0,0
149.02,0.000,0.000,-109528.579,999.00,109527.32,0,0
149.12,0.000,0.000,-109695.673,999.00,109694.41,0,0
149.22,0.000,0.000,-109807.140,999.00,109805.88,0,0
149.32,0.000,0.000,-109974.447,999.00,109973.19,0,0
149.42,0.000,0.000,-110086.056,999.00,110084.80,0,0
149.52,0.000,0.000,-110253.575,999.00,110252.32,0,0
149.62,0.000,0.000,-110421.222,999.00,110419.96,0,0
149.72,0.000,0.000,-110533.057,999.00,110531.80,0,0
149.82,0.000,0.000,-110700.915,999.00,110699.66,0,0
149.92,0.000,0.000,-110868.901,999.00,110867.64,0,0
150.02,0.000,0.000,-110980.963,999.00,110979.70,0,0
150.12,0.000,0.000,-111168.350,999.00,111167.09,0,0
150.22,0.000,0.000,-111270.225,999.00,111268.97,0,0
150.32,0.000,0.000,-111440.120,999.00,111438.86,0,0
150.42,0.000,0.000,-111608.666,999.00,111607.41,0,0
150.52,0.000,0.000,-111721.101,999.00,111719.84,0,0
150.62,0.000,0.000,-111889.859,999.00,111888.60,0,0
150.72,0.000,0.000,-112058.744,999.00,112057.49,0,0
150.82,0.000,0.000,-112171.405,999.00,112170.15,0,0
150.92,0.000,0.000,-112340.503,999.00,112339.24,0,0
151.02,0.000,0.000,-112453.305,999.00,112452.05,0,0
151.12,0.000,0.000,-112622.615,999.00,112621.36,0,0
151.22,0.000,0.000,-112792.053,999.00,112790.79,0,0
151.32,0.000,0.000,-112905.082,999.00,112903.82,0,0
151.42,0.000,0.000,-113074.731,999.00,113073.47,0,0
151.52,0.000,0.000,-113244.508,999.00,113243.25,0,0
151.62,0.000,0.000,-113369.689,999.00,113368.43,0,0
151.72,0.000,0.000,-113527.753,999.00,113526.49,0,0
151.82,0.000,0.000,-113641.150,999.00,113639.89,0,0
151.92,0.000,0.000,-113811.351,999.00,113810.09,0,0
152.02,0.000,0.000,-113981.680,999.00,113980.42,0,0
152.12,0.000,0.000,-114095.304,999.00,114094.05,0,0
152.22,0.000,0.000,-114265.845,999.00,114264.59,0,0
152.32,0.000,0.000,-114436.513,999.00,114435.25,0,0
152.42,0.000,0.000,-114550.363,999.00,114549.10,0,0
152.52,0.000,0.000,-114721.244,999.00,114719.99,0,0
152.62,0.000,0.000,-114892.252,999.00,114890.99,0,0
152.72,0.000,0.000,-115012.334,999.00,115011.08,0,0
152.82,0.000,0.000,-115177.548,999.00,115176.29,0,0
152.92,0.000,0.000,-115291.766,999.00,115290.51,0,0
153.02,0.000,0.000,-115463.199,999.00,115461.94,0,0
153.12,0.000,0.000,-115634.759,999.00,115633.50,0,0
153.22,0.000,0.000,-115749.203,999.00,115747.94,0,0
153.32,0.000,0.000,-115920.975,999.00,115919.72,0,0
153.42,0.000,0.000,-116092.875,999.00,116091.62,0,0
153.52,0.000,0.000,-116207.545,999.00,116206.29,0,0
153.62,0.000,0.000,-116379.657,999.00,116378.40,0,0
153.72,0.000,0.000,-116497.491,999.00,116496.23,0,0
153.82,0.000,0.000,-116669.818,999.00,116668.56,0,0
153.92,0.000,0.000,-116842.272,999.00,116841.01,0,0
154.02,0.000,0.000,-116957.312,999.00,116956.05,0,0
154.12,0.000,0.000,-117129.978,999.00,117128.72,0,0
154.22,0.000,0.000,-117302.771,999.00,117301.51,0,0
154.32,0.000,0.000,-117418.037,999.00,117416.78,0,0
154.42,0.000,0.000,-117591.043,999.00,117589.78,0,0
154.52,0.000,0.000,-117706.451,999.00,117705.19,0,0
154.62,0.000,0.000,-117879.669,999.00,117878.41,0,0
154.72,0.000,0.000,-118053.014,999.00,118051.76,0,0
154.82,0.000,0.000,-118168.649,999.00,118167.39,0,0
154.92,0.000,0.000,-118342.206,999.00,118340.95,0,0
155.02,0.000,0.000,-118515.891,999.00,118514.63,0,0
155.12,0.000,0.000,-118631.752,999.00,118630.49,0,0
155.22,0.000,0.000,-118805.649,999.00,118804.39,0,0
155.32,0.000,0.000,-118979.674,999.00,118978.42,0,0
155.42,0.000,0.000,-119095.761,999.00,119094.50,0,0
155.52,0.000,0.000,-119269.998,999.00,119268.74,0,0
155.62,0.000,0.000,-119386.226,999.00,119384.97,0,0
155.72,0.000,0.000,-119560.675,999.00,119559.42,0,0
155.82,0.000,0.000,-119735.252,999.00,119733.99,0,0
155.92,0.000,0.000,-119851.707,999.00,119850.45,0,0
156.02,0.000,0.000,-120026.496,999.00,120025.24,0,0
156.12,0.000,0.000,-120201.412,999.00,120200.15,0,0
156.22,0.000,0.000,-120318.093,999.00,120316.83,0,0
156.32,0.000,0.000,-120493.222,999.00,120491.96,0,0
156.42,0.000,0.000,-120610.045,999.00,120608.79,0,0
156.52,0.000,0.000,-120790.001,999.00,120788.74,0,0
156.62,0.000,0.000,-120967.012,999.00,120965.75,0,0
156.72,0.000,0.000,-121084.065,999.00,121082.81,0,0
156.82,0.000,0.000,-121259.749,999.00,121258.49,0,0
156.92,0.000,0.000,-121435.561,999.00,121434.30,0,0
157.02,0.000,0.000,-121552.840,999.00,121551.58,0,0
157.12,0.000,0.000,-121728.865,999.00,121727.61,0,0
157.22,0.000,0.000,-121846.285,999.00,121845.03,0,0
157.32,0.000,0.000,-122022.522,999.00,122021.26,0,0
157.42,0.000,0.000,-122198.886,999.00,122197.63,0,0
157.52,0.000,0.000,-122316.532,999.00,122315.27,0,0
157.62,0.000,0.000,-122493.109,999.00,122491.85,0,0
157.72,0.000,0.000,-122669.812,999.00,122668.55,0,0
157.82,0.000,0.000,-122787.685,999.00,122786.43,0,0
157.92,0.000,0.000,-122964.601,999.00,122963.34,0,0
158.02,0.000,0.000,-123082.616,999.00,123081.36,0,0
158.12,0.000,0.000,-123259.744,999.00,123258.49,0,0
158.22,0.000,0.000,-123437.000,999.00,123435.74,0,0
158.32,0.000,0.000,-123555.241,999.00,123553.98,0,0
158.42,0.000,0.000,-123738.938,999.00,123737.68,0,0
158.52,0.000,0.000,-123916.537,999.00,123915.28,0,0
158.62,0.000,0.000,-124035.008,999.00,124033.75,0,0
158.72,0.000,0.000,-124212.820,999.00,124211.56,0,0
158.82,0.000,0.000,-124332.993,999.00,124331.73,0,0
158.92,0.000,0.000,-124511.018,999.00,124509.76,0,0
159.02,0.000,0.000,-124689.171,999.00,124687.91,0,0
159.12,0.000,0.000,-124808.010,999.00,124806.75,0,0
159.22,0.000,0.000,-124986.375,999.00,124985.12,0,0
159.32,0.000,0.000,-125164.867,999.00,125163.61,0,0
159.42,0.000,0.000,-125283.933,999.00,125282.67,0,0
159.52,0.000,0.000,-125462.637,999.00,125461.38,0,0
159.62,0.000,0.000,-125581.844,999.00,125580.59,0,0
159.72,0.000,0.000,-125760.761,999.00,125759.50,0,0
159.82,0.000,0.000,-125939.805,999.00,125938.55,0,0
159.92,0.000,0.000,-126059.239,999.00,126057.98,0,0
160.02,0.000,0.000,-126238.495,999.00,126237.24,0,0
160.12,0.000,0.000,-126417.879,999.00,126416.62,0,0
160.22,0.000,0.000,-126537.539,999.00,126536.28,0,0
160.32,0.000,0.000,-126690.345,999.00,126689.09,0,0
160.42,0.000,0.000,-126862.165,999.00,126860.91,0,0
160.52,0.000,0.000,-127041.991,999.00,127040.73,0,0
160.62,0.000,0.000,-127161.946,999.00,127160.69,0,0
160.72,0.000,0.000,-127341.984,999.00,127340.73,0,0
160.82,0.000,0.000,-127522.150,999.00,127520.89,0,0
160.92,0.000,0.000,-127642.331,999.00,127641.07,0,0
161.02,0.000,0.000,-127822.710,999.00,127821.45,0,0
161.12,0.000,0.000,-127943.032,999.00,127941.77,0,0
161.22,0.000,0.000,-128123.623,999.00,128122.36,0,0
161.32,0.000,0.000,-128304.340,999.00,128303.08,0,0
161.42,0.000,0.000,-128424.890,999.00,128423.63,0,0
161.52,0.000,0.000,-128605.820,999.00,128604.56,0,0
161.62,0.000,0.000,-128799.588,999.00,128798.33,0,0
161.72,0.000,0.000,-128907.653,999.00,128906.39,0,0
161.82,0.000,0.000,-129088.922,999.00,129087.66,0,0
161.92,0.000,0.000,-129270.319,999.00,129269.06,0,0
162.02,0.000,0.000,-129391.321,999.00,129390.06,0,0
162.12,0.000,0.000,-129572.930,999.00,129571.67,0,0
162.22,0.000,0.000,-129706.829,999.00,129705.57,0,0
162.32,0.000,0.000,-129875.896,999.00,129874.64,0,0
162.42,0.000,0.000,-130057.844,999.00,130056.59,0,0
162.52,0.000,0.000,-130187.201,999.00,130185.94,0,0
162.62,0.000,0.000,-130369.368,999.00,130368.11,0,0
162.72,0.000,0.000,-130490.883,999.00,130489.62,0,0
162.82,0.000,0.000,-130673.262,999.00,130672.00,0,0
162.92,0.000,0.000,-130855.769,999.00,130854.51,0,0
163.02,0.000,0.000,-130977.510,999.00,130976.25,0,0
163.12,0.000,0.000,-131160.229,999.00,131158.97,0,0
163.22,0.000,0.000,-131343.075,999.00,131341.82,0,0
163.32,0.000,0.000,-131465.043,999.00,131463.78,0,0
163.42,0.000,0.000,-131648.101,999.00,131646.84,0,0
163.52,0.000,0.000,-131831.287,999.00,131830.03,0,0
163.62,0.000,0.000,-131953.481,999.00,131952.22,0,0
163.72,0.000,0.000,-132136.879,999.00,132135.62,0,0
163.82,0.000,0.000,-132259.215,999.00,132257.96,0,0
163.92,0.000,0.000,-132442.825,999.00,132441.57,0,0
164.02,0.000,0.000,-132626.563,999.00,132625.30,0,0
164.12,0.000,0.000,-132749.125,999.00,132747.87,0,0
164.22,0.000,0.000,-132933.075,999.00,132931.82,0,0
164.32,0.000,0.000,-133117.152,999.00,133115.89,0,0
164.42,0.000,0.000,-133239.941,999.00,133238.68,0,0
164.52,0.000,0.000,-133424.230,999.00,133422.97,0,0
164.62,0.000,0.000,-133547.161,999.00,133545.90,0,0
164.72,0.000,0.000,-133731.662,999.00,133730.40,0,0
164.82,0.000,0.000,-133916.291,999.00,133915.03,0,0
164.92,0.000,0.000,-134039.448,999.00,134038.19,0,0
165.02,0.000,0.000,-134224.290,999.00,134223.03,0,0
165.12,0.000,0.000,-134409.258,999.00,134408.00,0,0
165.22,0.000,0.000,-134532.641,999.00,134531.38,0,0
165.32,0.000,0.000,-134717.822,999.00,134716.56,0,0
165.42,0.000,0.000,-134903.131,999.00,134901.87,0,0
165.52,0.000,0.000,-135026.740,999.00,135025.48,0,0
165.62,0.000,0.000,-135212.261,999.00,135211.00,0,0
165.72,0.000,0.000,-135339.269,999.00,135338.01,0,0
165.82,0.000,0.000,-135521.745,999.00,135520.49,0,0
165.92,0.000,0.000,-135707.605,999.00,135706.35,0,0
166.02,0.000,0.000,-135831.582,999.00,135830.32,0,0
166.12,0.000,0.000,-136017.655,999.00,136016.40,0,0
166.22,0.000,0.000,-136203.855,999.00,136202.60,0,0
166.32,0.000,0.000,-136328.059,999.00,136326.80,0,0
166.42,0.000,0.000,-136514.471,999.00,136513.21,0,0
166.52,0.000,0.000,-136638.816,999.00,136637.56,0,0
166.62,0.000,0.000,-136825.441,999.00,136824.18,0,0
166.72,0.000,0.000,-137012.192,999.00,137010.93,0,0
166.82,0.000,0.000,-137136.764,999.00,137135.51,0,0
166.92,0.000,0.000,-137323.728,999.00,137322.47,0,0
167.02,0.000,0.000,-137510.820,999.00,137509.56,0,0
167.12,0.000,0.000,-137635.618,999.00,137634.36,0,0
167.22,0.000,0.000,-137822.921,999.00,137821.66,0,0
167.32,0.000,0.000,-138010.352,999.00,138009.09,0,0
167.42,0.000,0.000,-138135.377,999.00,138134.12,0,0
167.52,0.000,0.000,-138323.020,999.00,138321.76,0,0
167.62,0.000,0.000,-138448.187,999.00,138446.93,0,0
167.72,0.000,0.000,-138636.042,999.00,138634.78,0,0
167.82,0.000,0.000,-138824.025,999.00,138822.77,0,0
167.92,0.000,0.000,-138949.418,999.00,138948.16,0,0
168.02,0.000,0.000,-139137.613,999.00,139136.35,0,0
168.12,0.000,0.000,-139325.935,999.00,139324.68,0,0
168.22,0.000,0.000,-139451.554,999.00,139450.30,0,0
168.32,0.000,0.000,-139640.089,999.00,139638.83,0,0
168.42,0.000,0.000,-139765.850,999.00,139764.59,0,0
168.52,0.000,0.000,-139954.597,999.00,139953.34,0,0
168.62,0.000,0.000,-140143.471,999.00,140142.21,0,0
168.72,0.000,0.000,-140269.458,999.00,140268.20,0,0
168.82,0.000,0.000,-140458.545,999.00,140457.29,0,0
168.92,0.000,0.000,-140647.759,999.00,140646.50,0,0
169.02,0.000,0.000,-140773.972,999.00,140772.71,0,0
169.12,0.000,0.000,-140965.061,999.00,140963.80,0,0
169.22,0.000,0.000,-141091.416,999.00,141090.16,0,0
169.32,0.000,0.000,-141281.056,999.00,141279.80,0,0
169.42,0.000,0.000,-141470.823,999.00,141469.56,0,0
169.52,0.000,0.000,-141597.405,999.00,141596.15,0,0
169.62,0.000,0.000,-141787.385,999.00,141786.13,0,0
169.72,0.000,0.000,-141977.491,999.00,141976.23,0,0
169.82,0.000,0.000,-142104.300,999.00,142103.04,0,0
169.92,0.000,0.000,-142296.289,999.00,142295.03,0,0
170.02,0.000,0.000,-142486.736,999.00,142485.48,0,0
170.12,0.000,0.000,-142613.772,999.00,142612.51,0,0
170.22,0.000,0.000,-142804.432,999.00,142803.17,0,0
170.32,0.000,0.000,-142931.609,999.00,142930.35,0,0
170.42,0.000,0.000,-143122.481,999.00,143121.22,0,0
170.52,0.000,0.000,-143313.480,999.00,143312.22,0,0
170.62,0.000,0.000,-143440.884,999.00,143439.63,0,0
170.72,0.000,0.000,-143635.451,999.00,143634.19,0,0
170.82,0.000,0.000,-143826.792,999.00,143825.53,0,0
170.92,0.000,0.000,-143954.424,999.00,143953.17,0,0
171.02,0.000,0.000,-144145.977,999.00,144144.72,0,0
171.12,0.000,0.000,-144273.750,999.00,144272.49,0,0
171.22,0.000,0.000,-144465.516,999.00,144464.26,0,0
171.32,0.000,0.000,-144657.409,999.00,144656.15,0,0
171.42,0.000,0.000,-144785.408,999.00,144784.15,0,0
171.52,0.000,0.000,-144977.514,999.00,144976.26,0,0
171.62,0.000,0.000,-145169.746,999.00,145168.49,0,0
171.72,0.000,0.000,-145297.972,999.00,145296.71,0,0
171.82,0.000,0.000,-145490.417,999.00,145489.16,0,0
171.92,0.000,0.000,-145618.785,999.00,145617.53,0,0
172.02,0.000,0.000,-145811.442,999.00,145810.18,0,0
172.12,0.000,0.000,-146004.226,999.00,146002.97,0,0
172.22,0.000,0.000,-146132.820,999.00,146131.56,0,0
172.32,0.000,0.000,-146325.817,999.00,146324.56,0,0
172.42,0.000,0.000,-146518.941,999.00,146517.68,0,0
172.52,0.000,0.000,-146647.762,999.00,146646.50,0,0
172.62,0.000,0.000,-146841.098,999.00,146839.84,0,0
172.72,0.000,0.000,-147034.562,999.00,147033.30,0,0
172.82,0.000,0.000,-147163.609,999.00,147162.35,0,0
172.92,0.000,0.000,-147357.285,999.00,147356.03,0,0
173.02,0.000,0.000,-147486.473,999.00,147485.21,0,0
173.12,0.000,0.000,-147680.361,999.00,147679.10,0,0
173.22,0.000,0.000,-147874.377,999.00,147873.12,0,0
173.32,0.000,0.000,-148003.792,999.00,148002.53,0,0
173.42,0.000,0.000,-148198.020,999.00,148196.76,0,0
173.52,0.000,0.000,-148392.375,999.00,148391.12,0,0
173.62,0.000,0.000,-148522.016,999.00,148520.76,0,0
173.72,0.000,0.000,-148716.584,999.00,148715.33,0,0
173.82,0.000,0.000,-148846.366,999.00,148845.11,0,0
173.92,0.000,0.000,-149041.146,999.00,149039.89,0,0
174.02,0.000,0.000,-149236.053,999.00,149234.79,0,0
174.12,0.000,0.000,-149366.062,999.00,149364.80,0,0
174.22,0.000,0.000,-149561.182,999.00,149559.92,0,0
174.32,0.000,0.000,-149756.429,999.00,149755.17,0,0
174.42,0.000,0.000,-149886.664,999.00,149885.41,0,0
174.52,0.000,0.000,-150082.123,999.00,150080.86,0,0
174.62,0.000,0.000,-150277.710,999.00,150276.45,0,0
174.72,0.000,0.000,-150408.171,999.00,150406.91,0,0
174.82,0.000,0.000,-150603.970,999.00,150602.71,0,0
174.92,0.000,0.000,-150734.574,999.00,150733.32,0,0
175.02,0.000,0.000,-150930.585,999.00,150929.33,0,0
175.12,0.000,0.000,-151126.723,999.00,151125.46,0,0
175.22,0.000,0.000,-151257.553,999.00,151256.29,0,0
175.32,0.000,0.000,-151453.903,999.00,151452.65,0,0
175.42,0.000,0.000,-151650.381,999.00,151649.12,0,0
175.52,0.000,0.000,-151781.438,999.00,151780.18,0,0
175.62,0.000,0.000,-151978.128,999.00,151976.87,0,0
175.72,0.000,0.000,-152109.326,999.00,152108.07,0,0
175.82,0.000,0.000,-152306.228,999.00,152304.97,0,0
175.92,0.000,0.000,-152503.258,999.00,152502.00,0,0
176.02,0.000,0.000,-152634.682,999.00,152633.42,0,0
176.12,0.000,0.000,-152831.924,999.00,152830.67,0,0
176.22,0.000,0.000,-153029.294,999.00,153028.04,0,0
176.32,0.000,0.000,-153160.944,999.00,153159.69,0,0
176.42,0.000,0.000,-153358.526,999.00,153357.27,0,0
176.52,0.000,0.000,-153556.235,999.00,153554.98,0,0
176.62,0.000,0.000,-153688.112,999.00,153686.85,0,0
176.72,0.000,0.000,-153886.034,999.00,153884.78,0,0
176.82,0.000,0.000,-154018.052,999.00,154016.79,0,0
176.92,0.000,0.000,-154216.186,999.00,154214.93,0,0
177.02,0.000,0.000,-154414.447,999.00,154413.19,0,0
177.12,0.000,0.000,-154546.692,999.00,154545.43,0,0
177.22,0.000,0.000,-154745.165,999.00,154743.91,0,0
177.32,0.000,0.000,-154945.509,999.00,154944.25,0,0
177.42,0.000,0.000,-155077.981,999.00,155076.72,0,0
177.52,0.000,0.000,-155276.795,999.00,155275.54,0,0
177.62,0.000,0.000,-155409.408,999.00,155408.15,0,0
177.72,0.000,0.000,-155608.435,999.00,155607.18,0,0
177.82,0.000,0.000,-155807.588,999.00,155806.33,0,0
177.92,0.000,0.000,-155940.428,999.00,155939.17,0,0
178.02,0.000,0.000,-156139.794,999.00,156138.54,0,0
178.12,0.000,0.000,-156339.288,999.00,156338.03,0,0
178.22,0.000,0.000,-156472.354,999.00,156471.10,0,0
178.32,0.000,0.000,-156672.060,999.00,156670.80,0,0
178.42,0.000,0.000,-156805.268,999.00,156804.01,0,0
178.52,0.000,0.000,-157005.186,999.00,157003.93,0,0
178.62,0.000,0.000,-157205.231,999.00,157203.97,0,0
178.72,0.000,0.000,-157349.202,999.00,157347.94,0,0
178.82,0.000,0.000,-157538.923,999.00,157537.66,0,0
178.92,0.000,0.000,-157739.308,999.00,157738.05,0,0
179.02,0.000,0.000,-157872.968,999.00,157871.71,0,0
179.12,0.000,0.000,-158073.565,999.00,158072.31,0,0
179.22,0.000,0.000,-158274.290,999.00,158273.03,0,0
179.32,0.000,0.000,-158408.177,999.00,158406.92,0,0
179.42,0.000,0.000,-158609.114,999.00,158607.86,0,0
179.52,0.000,0.000,-158743.142,999.00,158741.88,0,0
179.62,0.000,0.000,-158944.292,999.00,158943.03,0,0
179.72,0.000,0.000,-159145.568,999.00,159144.31,0,0
179.82,0.000,0.000,-159279.823,999.00,159278.56,0,0
179.92,0.000,0.000,-159481.312,999.00,159480.05,0,0
180.02,0.000,0.000,-159682.928,999.00,159681.67,0,0
180.12,0.000,0.000,-159817.409,999.00,159816.15,0,0
180.22,0.000,0.000,-160019.238,999.00,160017.98,0,0
180.32,0.000,0.000,-160153.860,999.00,160152.60,0,0
180.42,0.000,0.000,-160355.901,999.00,160354.64,0,0
180.52,0.000,0.000,-160558.069,999.00,160556.81,0,0
180.62,0.000,0.000,-160692.918,999.00,160691.66,0,0
180.72,0.000,0.000,-160895.299,999.00,160894.04,0,0
180.82,0.000,0.000,-161097.806,999.00,161096.55,0,0
180.92,0.000,0.000,-161232.882,999.00,161231.62,0,0
181.02,0.000,0.000,-161435.602,999.00,161434.34,0,0
181.12,0.000,0.000,-161638.449,999.00,161637.19,0,0
181.22,0.000,0.000,-161773.751,999.00,161772.49,0,0
181.32,0.000,0.000,-161976.811,999.00,161975.55,0,0
181.42,0.000,0.000,-162112.255,999.00,162111.00,0,0
181.52,0.000,0.000,-162315.526,999.00,162314.27,0,0
181.62,0.000,0.000,-162518.925,999.00,162517.67,0,0
181.72,0.000,0.000,-162654.596,999.00,162653.34,0,0
181.82,0.000,0.000,-162858.207,999.00,162856.95,0,0
181.92,0.000,0.000,-163061.946,999.00,163060.69,0,0
182.02,0.000,0.000,-163197.842,999.00,163196.58,0,0
182.12,0.000,0.000,-163401.793,999.00,163400.53,0,0
182.22,0.000,0.000,-163537.831,999.00,163536.57,0,0
182.32,0.000,0.000,-163741.995,999.00,163740.74,0,0
182.42,0.000,0.000,-163946.285,999.00,163945.03,0,0
182.52,0.000,0.000,-164082.550,999.00,164081.29,0,0
182.62,0.000,0.000,-164287.053,999.00,164285.79,0,0
182.72,0.000,0.000,-164491.683,999.00,164490.42,0,0
182.82,0.000,0.000,-164628.174,999.00,164626.92,0,0
182.92,0.000,0.000,-164833.016,999.00,164831.76,0,0
183.02,0.000,0.000,-165037.986,999.00,165036.73,0,0
183.12,0.000,0.000,-165174.704,999.00,165173.45,0,0
183.22,0.000,0.000,-165379.886,999.00,165378.63,0,0
183.32,0.000,0.000,-165516.745,999.00,165515.49,0,0
183.42,0.000,0.000,-165722.139,999.00,165720.88,0,0
183.52,0.000,0.000,-165927.661,999.00,165926.40,0,0
183.62,0.000,0.000,-166064.746,999.00,166063.49,0,0
183.72,0.000,0.000,-166270.480,999.00,166269.22,0,0
183.82,0.000,0.000,-166476.342,999.00,166475.08,0,0
183.92,0.000,0.000,-166613.653,999.00,166612.40,0,0
184.02,0.000,0.000,-166819.727,999.00,166818.47,0,0
184.12,0.000,0.000,-166957.180,999.00,166955.92,0,0
184.22,0.000,0.000,-167163.466,999.00,167162.21,0,0
184.32,0.000,0.000,-167369.879,999.00,167368.62,0,0
184.42,0.000,0.000,-167507.559,999.00,167506.30,0,0
184.52,0.000,0.000,-167714.185,999.00,167712.93,0,0
184.62,0.000,0.000,-167920.938,999.00,167919.68,0,0
184.72,0.000,0.000,-168058.844,999.00,168057.59,0,0
184.82,0.000,0.000,-168265.809,999.00,168264.55,0,0
184.92,0.000,0.000,-168472.901,999.00,168471.64,0,0
185.02,0.000,0.000,-168611.034,999.00,168609.78,0,0
185.12,0.000,0.000,-168818.339,999.00,168817.08,0,0
185.22,0.000,0.000,-168956.613,999.00,168955.35,0,0
185.32,0.000,0.000,-169164.130,999.00,169162.87,0,0
185.42,0.000,0.000,-169371.774,999.00,169370.52,0,0
185.52,0.000,0.000,-169510.275,999.00,169509.02,0,0
185.62,0.000,0.000,-169718.131,999.00,169716.87,0,0
185.72,0.000,0.000,-169926.116,999.00,169924.86,0,0
185.82,0.000,0.000,-170064.842,999.00,170063.58,0,0
185.92,0.000,0.000,-170273.039,999.00,170271.78,0,0
186.02,0.000,0.000,-170411.907,999.00,170410.65,0,0
186.12,0.000,0.000,-170620.316,999.00,170619.06,0,0
186.22,0.000,0.000,-170828.852,999.00,170827.59,0,0
186.32,0.000,0.000,-170967.946,999.00,170966.69,0,0
186.42,0.000,0.000,-171176.695,999.00,171175.44,0,0
186.52,0.000,0.000,-171385.570,999.00,171384.31,0,0
186.62,0.000,0.000,-171524.892,999.00,171523.63,0,0
186.72,0.000,0.000,-171733.979,999.00,171732.72,0,0
186.82,0.000,0.000,-171943.195,999.00,171941.94,0,0
186.92,0.000,0.000,-172082.742,999.00,172081.48,0,0
187.02,0.000,0.000,-172292.170,999.00,172290.91,0,0
187.12,0.000,0.000,-172431.859,999.00,172430.60,0,0
187.22,0.000,0.000,-172641.499,999.00,172640.24,0,0
187.32,0.000,0.000,-172851.266,999.00,172850.01,0,0
187.42,0.000,0.000,-172991.181,999.00,172989.92,0,0
187.52,0.000,0.000,-173201.161,999.00,173199.90,0,0
187.62,0.000,0.000,-173411.268,999.00,173410.01,0,0
187.72,0.000,0.000,-173551.409,999.00,173550.15,0,0
187.82,0.000,0.000,-173785.720,999.00,173784.46,0,0
187.92,0.000,0.000,-173922.321,999.00,173921.06,0,0
188.02,0.000,0.000,-174132.864,999.00,174131.61,0,0
188.12,0.000,0.000,-174273.298,999.00,174272.04,0,0
188.22,0.000,0.000,-174484.053,999.00,174482.80,0,0
188.32,0.000,0.000,-174694.937,999.00,174693.68,0,0
188.42,0.000,0.000,-174835.596,999.00,174834.34,0,0
188.52,0.000,0.000,-175046.692,999.00,175045.43,0,0
188.62,0.000,0.000,-175257.915,999.00,175256.66,0,0
188.72,0.000,0.000,-175398.801,999.00,175397.54,0,0
188.82,0.000,0.000,-175610.236,999.00,175608.98,0,0
188.92,0.000,0.000,-175821.798,999.00,175820.54,0,0
189.02,0.000,0.000,-175962.911,999.00,175961.65,0,0
189.12,0.000,0.000,-176174.685,999.00,176173.43,0,0
189.22,0.000,0.000,-176315.939,999.00,176314.68,0,0
189.32,0.000,0.000,-176527.926,999.00,176526.67,0,0
189.42,0.000,0.000,-176740.041,999.00,176738.78,0,0
189.52,0.000,0.000,-176881.521,999.00,176880.26,0,0
189.62,0.000,0.000,-177093.848,999.00,177092.59,0,0
189.72,0.000,0.000,-177306.302,999.00,177305.04,0,0
189.82,0.000,0.000,-177448.009,999.00,177446.75,0,0
189.92,0.000,0.000,-177660.675,999.00,177659.42,0,0
190.02,0.000,0.000,-177802.523,999.00,177801.26,0,0
190.12,0.000,0.000,-178015.402,999.00,178014.14,0,0
190.22,0.000,0.000,-178228.408,999.00,178227.15,0,0
190.32,0.000,0.000,-178370.482,999.00,178369.22,0,0
190.42,0.000,0.000,-178583.700,999.00,178582.44,0,0
190.52,0.000,0.000,-178797.046,999.00,178795.79,0,0
190.62,0.000,0.000,-178939.347,999.00,178938.09,0,0
190.72,0.000,0.000,-179167.896,999.00,179166.64,0,0
190.82,0.000,0.000,-179366.590,999.00,179365.33,0,0
190.92,0.000,0.000,-179509.118,999.00,179507.86,0,0
191.02,0.000,0.000,-179723.015,999.00,179721.76,0,0
191.12,0.000,0.000,-179865.684,999.00,179864.43,0,0
191.22,0.000,0.000,-180079.794,999.00,180078.54,0,0
191.32,0.000,0.000,-180294.031,999.00,180292.77,0,0
191.42,0.000,0.000,-180436.926,999.00,180435.67,0,0
191.52,0.000,0.000,-180651.376,999.00,180650.12,0,0
191.62,0.000,0.000,-180865.952,999.00,180864.69,0,0
191.72,0.000,0.000,-181009.074,999.00,181007.82,0,0
191.82,0.000,0.000,-181223.863,999.00,181222.60,0,0
191.92,0.000,0.000,-181367.127,999.00,181365.87,0,0
192.02,0.000,0.000,-181582.128,999.00,181580.87,0,0
192.12,0.000,0.000,-181797.256,999.00,181796.00,0,0
192.22,0.000,0.000,-181940.746,999.00,181939.49,0,0
192.32,0.000,0.000,-182156.087,999.00,182154.83,0,0
192.42,0.000,0.000,-182371.555,999.00,182370.30,0,0
192.52,0.000,0.000,-182515.272,999.00,182514.01,0,0
192.62,0.000,0.000,-182730.952,999.00,182729.69,0,0
192.72,0.000,0.000,-182946.760,999.00,182945.50,0,0
192.82,0.000,0.000,-183090.703,999.00,183089.44,0,0
192.92,0.000,0.000,-183306.723,999.00,183305.46,0,0
193.02,0.000,0.000,-183450.807,999.00,183449.55,0,0
193.12,0.000,0.000,-183667.039,999.00,183665.78,0,0
193.22,0.000,0.000,-183883.399,999.00,183882.14,0,0
193.32,0.000,0.000,-184027.710,999.00,184026.45,0,0
193.42,0.000,0.000,-184244.282,999.00,184243.02,0,0
193.52,0.000,0.000,-184460.981,999.00,184459.72,0,0
193.62,0.000,0.000,-184605.518,999.00,184604.26,0,0
193.72,0.000,0.000,-184822.430,999.00,184821.17,0,0
193.82,0.000,0.000,-184967.108,999.00,184965.85,0,0
193.92,0.000,0.000,-185184.232,999.00,185182.97,0,0
194.02,0.000,0.000,-185401.483,999.00,185400.22,0,0
194.12,0.000,0.000,-185546.388,999.00,185545.13,0,0
194.22,0.000,0.000,-185763.852,999.00,185762.59,0,0
194.32,0.000,0.000,-185981.443,999.00,185980.18,0,0
194.42,0.000,0.000,-186126.574,999.00,186125.32,0,0
194.52,0.000,0.000,-186344.377,999.00,186343.12,0,0
194.62,0.000,0.000,-186577.606,999.00,186576.35,0,0
194.72,0.000,0.000,-186707.665,999.00,186706.41,0,0
194.82,0.000,0.000,-186925.808,999.00,186924.55,0,0
194.92,0.000,0.000,-187071.308,999.00,187070.05,0,0
195.02,0.000,0.000,-187289.663,999.00,187288.40,0,0
195.12,0.000,0.000,-187508.145,999.00,187506.89,0,0
195.22,0.000,0.000,-187653.871,999.00,187652.61,0,0
195.32,0.000,0.000,-187872.565,999.00,187871.31,0,0
195.42,0.000,0.000,-188091.387,999.00,188090.13,0,0
195.52,0.000,0.000,-188237.340,999.00,188236.08,0,0
195.62,0.000,0.000,-188456.374,999.00,188455.12,0,0
195.72,0.000,0.000,-188602.468,999.00,188601.21,0,0
195.82,0.000,0.000,-188821.714,999.00,188820.46,0,0
195.92,0.000,0.000,-189041.088,999.00,189039.83,0,0
196.02,0.000,0.000,-189187.408,999.00,189186.15,0,0
196.12,0.000,0.000,-189406.994,999.00,189405.74,0,0
196.22,0.000,0.000,-189626.708,999.00,189625.45,0,0
196.32,0.000,0.000,-189773.254,999.00,189772.00,0,0
196.42,0.000,0.000,-189993.180,999.00,189991.92,0,0
196.52,0.000,0.000,-190213.233,999.00,190211.98,0,0
196.62,0.000,0.000,-190360.006,999.00,190358.75,0,0
196.72,0.000,0.000,-190580.272,999.00,190579.01,0,0
196.82,0.000,0.000,-190727.186,999.00,190725.93,0,0
196.92,0.000,0.000,-190947.664,999.00,190946.41,0,0
197.02,0.000,0.000,-191183.755,999.00,191182.50,0,0
197.12,0.000,0.000,-191315.410,999.00,191314.15,0,0
197.22,0.000,0.000,-191536.227,999.00,191534.97,0,0
197.32,0.000,0.000,-191757.172,999.00,191755.91,0,0
197.42,0.000,0.000,-191904.539,999.00,191903.28,0,0
197.52,0.000,0.000,-192125.696,999.00,192124.44,0,0
197.62,0.000,0.000,-192273.205,999.00,192271.95,0,0
197.72,0.000,0.000,-192494.574,999.00,192493.32,0,0
197.82,0.000,0.000,-192716.071,999.00,192714.81,0,0
197.92,0.000,0.000,-192863.806,999.00,192862.55,0,0
198.02,0.000,0.000,-193085.515,999.00,193084.26,0,0
198.12,0.000,0.000,-193307.351,999.00,193306.09,0,0
198.22,0.000,0.000,-193455.313,999.00,193454.05,0,0
198.32,0.000,0.000,-193677.361,999.00,193676.10,0,0
198.42,0.000,0.000,-193899.537,999.00,193898.28,0,0
198.52,0.000,0.000,-194047.725,999.00,194046.47,0,0
198.62,0.000,0.000,-194270.113,999.00,194268.86,0,0
198.72,0.000,0.000,-194418.443,999.00,194417.18,0,0
198.82,0.000,0.000,-194641.043,999.00,194639.79,0,0
198.92,0.000,0.000,-194863.771,999.00,194862.51,0,0
199.02,0.000,0.000,-195012.327,999.00,195011.07,0,0
199.12,0.000,0.000,-195235.267,999.00,195234.01,0,0
199.22,0.000,0.000,-195458.335,999.00,195457.08,0,0
199.32,0.000,0.000,-195607.117,999.00,195605.86,0,0
199.42,0.000,0.000,-195830.397,999.00,195829.14,0,0
199.52,0.000,0.000,-195979.321,999.00,195978.06,0,0
199.62,0.000,0.000,-196202.812,999.00,196201.55,0,0
199.72,0.000,0.000,-196426.432,999.00,196425.17,0,0
199.82,0.000,0.000,-196575.582,999.00,196574.32,0,0
199.92,0.000,0.000,-196799.414,999.00,196798.16,0,0
200.02,0.000,0.000,-197023.373,999.00,197022.11,0,0
200.12,0.000,0.000,-197172.749,999.00,197171.49,0,0
200.22,0.000,0.000,-197396.921,999.00,197395.66,0,0
200.32,0.000,0.000,-197621.219,999.00,197619.96,0,0
200.42,0.000,0.000,-197770.822,999.00,197769.56,0,0
200.52,0.000,0.000,-197995.333,999.00,197994.07,0,0
200.62,0.000,0.000,-198145.078,999.00,198143.82,0,0
200.72,0.000,0.000,-198369.801,999.00,198368.54,0,0
200.82,0.000,0.000,-198594.651,999.00,198593.39,0,0
200.92,0.000,0.000,-198744.622,999.00,198743.36,0,0
201.02,0.000,0.000,-198969.685,999.00,198968.43,0,0
201.12,0.000,0.000,-199194.875,999.00,199193.62,0,0
201.22,0.000,0.000,-199345.073,999.00,199343.81,0,0
201.32,0.000,0.000,-199570.475,999.00,199569.22,0,0
201.42,0.000,0.000,-199730.707,999.00,199729.45,0,0
201.52,0.000,0.000,-199946.429,999.00,199945.17,0,0
201.62,0.000,0.000,-200172.171,999.00,200170.91,0,0
201.72,0.000,0.000,-200322.736,999.00,200321.48,0,0
201.82,0.000,0.000,-200548.690,999.00,200547.43,0,0
201.92,0.000,0.000,-200774.772,999.00,200773.51,0,0
202.02,0.000,0.000,-200925.564,999.00,200924.31,0,0
202.12,0.000,0.000,-201151.858,999.00,201150.60,0,0
202.22,0.000,0.000,-201378.279,999.00,201377.02,0,0
202.32,0.000,0.000,-201529.297,999.00,201528.04,0,0
202.42,0.000,0.000,-201755.931,999.00,201754.67,0,0
202.52,0.000,0.000,-201907.090,999.00,201905.83,0,0
202.62,0.000,0.000,-202133.936,999.00,202132.68,0,0
202.72,0.000,0.000,-202360.909,999.00,202359.65,0,0
202.82,0.000,0.000,-202512.296,999.00,202511.04,0,0
202.92,0.000,0.000,-202739.481,999.00,202738.22,0,0
203.02,0.000,0.000,-202966.794,999.00,202965.54,0,0
203.12,0.000,0.000,-203118.406,999.00,203117.15,0,0
203.22,0.000,0.000,-203345.931,999.00,203344.67,0,0
203.32,0.000,0.000,-203497.686,999.00,203496.43,0,0
203.42,0.000,0.000,-203725.423,999.00,203724.16,0,0
203.52,0.000,0.000,-203953.287,999.00,203952.03,0,0
203.62,0.000,0.000,-204105.268,999.00,204104.01,0,0
